bettor_archetype,defender_archetype,hand,avg_ev_bb,n_boards_used
Nit,Nit,AA,1.5522014074035275,8
Nit,Nit,KK,1.5638855123152942,8
Nit,Nit,QQ,1.5285078860743293,8
Nit,Nit,JJ,1.5436981261026979,8
Nit,Nit,TT,1.5295832213291634,8
Nit,Nit,99,1.5187033587508438,8
Nit,Nit,88,1.5327640449401005,8
Nit,Nit,AKs,1.5430113573685182,8
Nit,Nit,77,1.527739789463734,8
Nit,Nit,AKo,1.5430475030913695,8
Nit,Nit,AJo,1.5472042612192989,8
Nit,Nit,AQo,1.5367762201766242,8
Nit,Nit,AQs,1.5367762201766237,8
Nit,Nit,A9o,1.527739789463734,8
Nit,Nit,A7o,1.545812650889514,8
Nit,Nit,KJs,1.5313182160260381,8
Nit,Nit,QJs,1.5243420915156871,8
Nit,Nit,A7s,1.545812650889514,8
Nit,Nit,A9s,1.5367762201766237,8
Nit,Nit,KTo,1.5442222390840454,8
Nit,Nit,A8o,1.527739789463734,8
Nit,Nit,AJs,1.537752154693616,8
Nit,Nit,ATs,1.5367762201766242,8
Nit,Nit,K9s,1.5407161039674437,8
Nit,Nit,55,1.560451668644396,8
Nit,Nit,66,1.5277397894637337,8
Nit,Nit,KQs,1.539017254993421,8
Nit,Nit,A8s,1.527739789463734,8
Nit,Nit,ATo,1.53807746619928,8
Nit,Nit,A5s,1.5481259771520142,8
Nit,Nit,QTs,1.551162217871545,8
Nit,Nit,K8s,1.5313905074717415,8
Nit,Nit,KTs,1.540372719600354,8
Nit,Nit,A4s,1.549445296036096,8
Nit,Nit,KJo,1.549517587481799,8
Nit,Nit,K5s,1.5441860933611937,8
Nit,Nit,A6s,1.527739789463734,8
Nit,Nit,K9o,1.5314627989174445,8
Nit,Nit,A3s,1.527739789463734,8
Nit,Nit,44,1.5257337018454722,8
Nit,Nit,KQo,1.543589688934143,8
Nit,Nit,K7s,1.5495356603432247,8
Nit,Nit,Q8s,1.5239625614257457,8
Nit,Nit,A5o,1.5479994671220334,8
Nit,Nit,Q5s,1.5457042137209593,8
Nit,Nit,A4o,1.5404088653232058,8
Nit,Nit,Q9o,1.5187033587508436,8
Nit,Nit,QTo,1.5494995146203732,8
Nit,Nit,Q9s,1.53298091927721,8
Nit,Nit,A6o,1.545812650889514,8
Nit,Nit,A2s,1.5518670594671504,8
Nit,Nit,JTs,1.526149377658265,8
Nit,Nit,K4o,1.5313001431646125,8
Nit,Nit,K6s,1.541710111345862,8
Nit,Nit,K8o,1.5310832688275031,8
Nit,Nit,K7o,1.5493730045903926,8
Nit,Nit,J9o,1.5256433375383434,8
Nit,Nit,J8s,1.5214685065489881,8
Nit,Nit,JTo,1.5260951590739877,8
Nit,Nit,K4s,1.5367762201766237,8
Nit,Nit,K2s,1.5543611143439082,8
Nit,Nit,K6o,1.549499514620373,8
Nit,Nit,J9s,1.5370653859594363,8
Nit,Nit,K3s,1.5410052697502565,8
Nit,Nit,A3o,1.5367762201766242,8
Nit,Nit,Q6s,1.523691468504359,8
Nit,Nit,QJo,1.536776220176624,8
Nit,Nit,33,1.5498971175717404,8
Nit,Nit,Q3s,1.5236191770586558,8
Nit,Nit,J7s,1.5343183110227179,8
Nit,Nit,Q6o,1.5277397894637337,8
Nit,Nit,Q7s,1.5418366213758425,8
Nit,Nit,J5s,1.5429029201999633,8
Nit,Nit,J6s,1.5198780947435193,8
Nit,Nit,T9o,1.5187033587508436,8
Nit,Nit,Q7o,1.536776220176624,8
Nit,Nit,A2o,1.5665060772220327,8
Nit,Nit,K5o,1.5531683054898067,8
Nit,Nit,K3o,1.5600902114158806,8
Nit,Nit,Q8o,1.5187033587508436,8
Nit,Nit,T7s,1.5440415104697878,8
Nit,Nit,J8o,1.515468316555629,8
Nit,Nit,97s,1.5258963575983044,8
Nit,Nit,T8s,1.5257337018454722,8
Nit,Nit,Q4s,1.5330532107229131,8
Nit,Nit,J4s,1.5258421390140269,8
Nit,Nit,J3s,1.516715343994008,8
Nit,Nit,96s,1.525534900369789,8
Nit,Nit,J7o,1.527739789463734,8
Nit,Nit,Q5o,1.541366726978772,8
Nit,Nit,J4o,1.5096669280379535,8
Nit,Nit,98s,1.5257879204297498,8
Nit,Nit,T9s,1.534209873854163,8
Nit,Nit,K2o,1.5586082367789666,8
Nit,Nit,Q4o,1.5187033587508436,8
Nit,Nit,22,1.545812650889514,8
Nit,Nit,98o,1.5187033587508438,8
Nit,Nit,Q2s,1.5422161514657837,8
Nit,Nit,T8o,1.5187033587508436,8
Nit,Nit,Q3o,1.536776220176624,8
Nit,Nit,J6o,1.5277397894637337,8
Nit,Nit,J5o,1.5359629414124638,8
Nit,Nit,J2s,1.5326917534943978,8
Nit,Nit,T4s,1.534625549666956,8
Nit,Nit,T3s,1.5248300587741832,8
Nit,Nit,97o,1.5187033587508438,8
Nit,Nit,87s,1.5348243511426398,8
Nit,Nit,96o,1.5277397894637337,8
Nit,Nit,T4o,1.5187033587508436,8
Nit,Nit,T5s,1.548125977152014,8
Nit,Nit,T6s,1.526149377658265,8
Nit,Nit,85s,1.5426318272785766,8
Nit,Nit,J3o,1.527739789463734,8
Nit,Nit,76s,1.5475657184478149,8
Nit,Nit,95s,1.5477464470620728,8
Nit,Nit,T7o,1.536776220176624,8
Nit,Nit,T2s,1.541312508394495,8
Nit,Nit,T5o,1.5410233426116824,8
Nit,Nit,93s,1.5252276617255505,8
Nit,Nit,95o,1.5409871968888307,8
Nit,Nit,75s,1.5562226190707635,8
Nit,Nit,Q2o,1.536776220176624,8
Nit,Nit,87o,1.527739789463734,8
Nit,Nit,86s,1.5204202805862927,8
Nit,Nit,94s,1.5348424240040655,8
Nit,Nit,85o,1.5361255971652958,8
Nit,Nit,92s,1.5412582898102172,8
Nit,Nit,T3o,1.536776220176624,8
Nit,Nit,86o,1.5277397894637337,8
Nit,Nit,T6o,1.536776220176624,8
Nit,Nit,93o,1.536776220176624,8
Nit,Nit,J2o,1.536776220176624,8
Nit,Nit,65s,1.542035422851526,8
Nit,Nit,76o,1.5411859983645144,8
Nit,Nit,74s,1.542939065922815,8
Nit,Nit,73s,1.534390602468421,8
Nit,Nit,83s,1.5162815953197892,8
Nit,Nit,84o,1.5096669280379535,8
Nit,Nit,T2o,1.536776220176624,8
Nit,Nit,84s,1.525661410399769,8
Nit,Nit,54s,1.5524092453099239,8
Nit,Nit,53s,1.5393425664990845,8
Nit,Nit,75o,1.5504031576916624,8
Nit,Nit,64s,1.5386738706263308,8
Nit,Nit,92o,1.5458126508895143,8
Nit,Nit,82s,1.5349689340340458,8
Nit,Nit,74o,1.527739789463734,8
Nit,Nit,64o,1.5238902699800425,8
Nit,Nit,43s,1.525589118954066,8
Nit,Nit,82o,1.536776220176624,8
Nit,Nit,94o,1.5187033587508438,8
Nit,Nit,65o,1.5363243986409794,8
Nit,Nit,73o,1.5458126508895143,8
Nit,Nit,72s,1.5508007606430296,8
Nit,Nit,63s,1.523456521305824,8
Nit,Nit,53o,1.5571262621420525,8
Nit,Nit,32s,1.5411137069188112,8
Nit,Nit,83o,1.527739789463734,8
Nit,Nit,62s,1.554794863018127,8
Nit,Nit,42s,1.5414751641473265,8
Nit,Nit,52s,1.5549936644938103,8
Nit,Nit,62o,1.5499874818788693,8
Nit,Nit,72o,1.5548490816024043,8
Nit,Nit,54o,1.5501139919088498,8
Nit,Nit,63o,1.5365051272552372,8
Nit,Nit,32o,1.536776220176624,8
Nit,Nit,52o,1.5601082842773062,8
Nit,Nit,42o,1.545812650889514,8
Nit,Nit,43o,1.536776220176624,8
Nit,TAG,AA,1.672721590950577,8
Nit,TAG,KK,1.6765557029805351,8
Nit,TAG,QQ,1.5948037123512373,8
Nit,TAG,JJ,1.6268757869146315,8
Nit,TAG,TT,1.5895522508504887,8
Nit,TAG,99,1.5746155679660072,8
Nit,TAG,88,1.615900414089538,8
Nit,TAG,AKs,1.6378148174456022,8
Nit,TAG,77,1.5927867150274204,8
Nit,TAG,AKo,1.6372515118866984,8
Nit,TAG,AJo,1.613174742030326,8
Nit,TAG,AQo,1.6126477787655449,8
Nit,TAG,AQs,1.6109578620888336,8
Nit,TAG,A9o,1.5927867150274204,8
Nit,TAG,A7o,1.6291290091502468,8
Nit,TAG,KJs,1.6084865860884814,8
Nit,TAG,QJs,1.5920962114390869,8
Nit,TAG,A7s,1.6291290091502468,8
Nit,TAG,A9s,1.6109578620888336,8
Nit,TAG,KTo,1.6289472976796326,8
Nit,TAG,A8o,1.5927867150274204,8
Nit,TAG,AJs,1.5954760447925096,8
Nit,TAG,ATs,1.6109578620888336,8
Nit,TAG,K9s,1.6261852833262977,8
Nit,TAG,55,1.6721219430975505,8
Nit,TAG,66,1.5927867150274204,8
Nit,TAG,KQs,1.6192802474429608,8
Nit,TAG,A8s,1.5927867150274204,8
Nit,TAG,ATo,1.6123570404125624,8
Nit,TAG,A5s,1.6388324016810414,8
Nit,TAG,QTs,1.650062170564995,8
Nit,TAG,K8s,1.608377559206113,8
Nit,TAG,KTs,1.625894544973315,8
Nit,TAG,A4s,1.6390504554457783,8
Nit,TAG,KJo,1.6434842153287632,8
Nit,TAG,K5s,1.6291290091502468,8
Nit,TAG,A6s,1.5927867150274204,8
Nit,TAG,K9o,1.6082685323237444,8
Nit,TAG,A3s,1.5927867150274204,8
Nit,TAG,44,1.596457286733826,8
Nit,TAG,KQo,1.6300012242091946,8
Nit,TAG,K7s,1.644138376622974,8
Nit,TAG,Q8s,1.5942404067923335,8
Nit,TAG,A5o,1.6394138783870067,8
Nit,TAG,Q5s,1.6439566651523598,8
Nit,TAG,A4o,1.6214244427962077,8
Nit,TAG,Q9o,1.5746155679660072,8
Nit,TAG,QTo,1.632617869386038,8
Nit,TAG,Q9s,1.6131383997362032,8
Nit,TAG,A6o,1.6291290091502468,8
Nit,TAG,A2s,1.6469730755645544,8
Nit,TAG,JTs,1.5930047687921574,8
Nit,TAG,K4o,1.6076870556177791,8
Nit,TAG,K6s,1.6277480019735793,8
Nit,TAG,K8o,1.6076143710295334,8
Nit,TAG,K7o,1.643084450093412,8
Nit,TAG,J9o,1.577813689848816,8
Nit,TAG,J8s,1.592677688145052,8
Nit,TAG,JTo,1.5901700698505767,8
Nit,TAG,K4s,1.6133564535009401,8
Nit,TAG,K2s,1.65733062938956,8
Nit,TAG,K6o,1.6421395504462186,8
Nit,TAG,J9s,1.5980563476752303,8
Nit,TAG,K3s,1.6274209213264739,8
Nit,TAG,A3o,1.6109578620888336,8
Nit,TAG,Q6s,1.5963482598514573,8
Nit,TAG,QJo,1.6109578620888336,8
Nit,TAG,33,1.6471184447410459,8
Nit,TAG,Q3s,1.5948582257924215,8
Nit,TAG,J7s,1.612375211559624,8
Nit,TAG,Q6o,1.5927867150274204,8
Nit,TAG,Q7s,1.6322181041506871,8
Nit,TAG,J5s,1.6421032081520959,8
Nit,TAG,J6s,1.591841815380227,8
Nit,TAG,T9o,1.5746155679660072,8
Nit,TAG,Q7o,1.6109578620888336,8
Nit,TAG,A2o,1.6741934538625516,8
Nit,TAG,K5o,1.64730015621166,8
Nit,TAG,K3o,1.664453719037634,8
Nit,TAG,Q8o,1.5746155679660072,8
Nit,TAG,T7s,1.6332356883861263,8
Nit,TAG,J8o,1.5725077149068833,8
Nit,TAG,97s,1.596857051969177,8
Nit,TAG,T8s,1.5964936290279488,8
Nit,TAG,Q4s,1.614410380030502,8
Nit,TAG,J4s,1.5936952723804911,8
Nit,TAG,J3s,1.5766507364368856,8
Nit,TAG,96s,1.5963482598514573,8
Nit,TAG,J7o,1.5927867150274204,8
Nit,TAG,Q5o,1.622187630972787,8
Nit,TAG,J4o,1.556444420904594,8
Nit,TAG,98s,1.5969297365574227,8
Nit,TAG,T9s,1.6143376954422566,8
Nit,TAG,K2o,1.660092643742895,8
Nit,TAG,Q4o,1.5746155679660072,8
Nit,TAG,22,1.6291290091502468,8
Nit,TAG,98o,1.5746155679660072,8
Nit,TAG,Q2s,1.6213154159138392,8
Nit,TAG,T8o,1.5746155679660072,8
Nit,TAG,Q3o,1.6109578620888336,8
Nit,TAG,J6o,1.5927867150274204,8
Nit,TAG,J5o,1.6202251470901543,8
Nit,TAG,J2s,1.6038347724407596,8
Nit,TAG,T4s,1.614882829854099,8
Nit,TAG,T3s,1.5965663136161945,8
Nit,TAG,97o,1.5746155679660072,8
Nit,TAG,87s,1.6144830646187478,8
Nit,TAG,96o,1.5927867150274204,8
Nit,TAG,T4o,1.5746155679660072,8
Nit,TAG,T5s,1.645010591681922,8
Nit,TAG,T6s,1.5971114480280368,8
Nit,TAG,85s,1.643302503858149,8
Nit,TAG,J3o,1.5927867150274204,8
Nit,TAG,76s,1.64395666515236,8
Nit,TAG,95s,1.6448652225054305,8
Nit,TAG,T7o,1.6109578620888336,8
Nit,TAG,T2s,1.62171518114919,8
Nit,TAG,T5o,1.6235322958553315,8
Nit,TAG,93s,1.5970387634397911,8
Nit,TAG,95o,1.62338692667884,8
Nit,TAG,75s,1.6622368390961417,8
Nit,TAG,Q2o,1.6109578620888336,8
Nit,TAG,87o,1.5927867150274204,8
Nit,TAG,86s,1.5919144999684727,8
Nit,TAG,94s,1.6142650108540109,8
Nit,TAG,85o,1.6226600807963838,8
Nit,TAG,92s,1.621751523443313,8
Nit,TAG,T3o,1.6109578620888336,8
Nit,TAG,86o,1.5927867150274204,8
Nit,TAG,T6o,1.6109578620888336,8
Nit,TAG,93o,1.6109578620888336,8
Nit,TAG,J2o,1.6109578620888336,8
Nit,TAG,65s,1.641449046857885,8
Nit,TAG,76o,1.6218242080315586,8
Nit,TAG,74s,1.632872265444898,8
Nit,TAG,73s,1.613574507265677,8
Nit,TAG,83s,1.5781044282017986,8
Nit,TAG,84o,1.556444420904594,8
Nit,TAG,T2o,1.6109578620888336,8
Nit,TAG,84s,1.5974021863810193,8
Nit,TAG,54s,1.6510434125063111,8
Nit,TAG,53s,1.6252767259732273,8
Nit,TAG,75o,1.6415580737402533,8
Nit,TAG,64s,1.6243681686201565,8
Nit,TAG,92o,1.6291290091502468,8
Nit,TAG,82s,1.6090317205003237,8
Nit,TAG,74o,1.5927867150274204,8
Nit,TAG,64o,1.5859180214382063,8
Nit,TAG,43s,1.5971841326162823,8
Nit,TAG,82o,1.6109578620888336,8
Nit,TAG,94o,1.5746155679660072,8
Nit,TAG,65o,1.619861724148926,8
Nit,TAG,73o,1.6291290091502468,8
Nit,TAG,72s,1.6403587780342002,8
Nit,TAG,63s,1.5995827240283889,8
Nit,TAG,53o,1.663617846272809,8
Nit,TAG,32s,1.6268394446205086,8
Nit,TAG,83o,1.5927867150274204,8
Nit,TAG,62s,1.6534783462125404,8
Nit,TAG,42s,1.622187630972787,8
Nit,TAG,52s,1.6544595881538569,8
Nit,TAG,62o,1.639123140034024,8
Nit,TAG,72o,1.64730015621166,8
Nit,TAG,54o,1.6412673353872707,8
Nit,TAG,63o,1.6138652456186597,8
Nit,TAG,32o,1.6109578620888336,8
Nit,TAG,52o,1.6594748247428068,8
Nit,TAG,42o,1.6291290091502468,8
Nit,TAG,43o,1.6109578620888336,8
Nit,LAG,AA,1.9539850121734736,8
Nit,LAG,KK,1.997456404602302,8
Nit,LAG,QQ,1.766846598028494,8
Nit,LAG,JJ,1.8061410239250146,8
Nit,LAG,TT,1.6917127679350146,8
Nit,LAG,99,1.6295739448309363,8
Nit,LAG,88,1.751273216636434,8
Nit,LAG,AKs,1.823880239815308,8
Nit,LAG,77,1.6697450180243614,8
Nit,LAG,AKo,1.8190328959383089,8
Nit,LAG,AJo,1.757255045250603,8
Nit,LAG,AQo,1.750912244220062,8
Nit,LAG,AQs,1.7412175564660646,8
Nit,LAG,A9o,1.6844417521195165,8
Nit,LAG,A7o,1.783554464157723,8
Nit,LAG,KJs,1.7443631732373088,8
Nit,LAG,QJs,1.6834619698465065,8
Nit,LAG,A7s,1.7878345656661372,8
Nit,LAG,A9s,1.7365249150532258,8
Nit,LAG,KTo,1.7917021272701255,8
Nit,LAG,A8o,1.6890312585562497,8
Nit,LAG,AJs,1.740340909169161,8
Nit,LAG,ATs,1.7402893416811076,8
Nit,LAG,K9s,1.7974776859320811,8
Nit,LAG,55,1.9423823273615088,8
Nit,LAG,66,1.6739219845566686,8
Nit,LAG,KQs,1.7504481368275835,8
Nit,LAG,A8s,1.6872779639624413,8
Nit,LAG,ATo,1.7609679043904318,8
Nit,LAG,A5s,1.8127416623958212,8
Nit,LAG,QTs,1.8328529827365605,8
Nit,LAG,K8s,1.7376593997903957,8
Nit,LAG,KTs,1.7889174829152537,8
Nit,LAG,A4s,1.8201158131874258,8
Nit,LAG,KJo,1.8360501669958578,8
Nit,LAG,K5s,1.80655356382944,8
Nit,LAG,A6s,1.6892375285084622,8
Nit,LAG,K9o,1.7457039279266913,8
Nit,LAG,A3s,1.6875358014027073,8
Nit,LAG,44,1.6947552497301521,8
Nit,LAG,KQo,1.782316844444447,8
Nit,LAG,K7s,1.832440442832135,8
Nit,LAG,Q8s,1.6823790525973896,8
Nit,LAG,A5o,1.8095444781365244,8
Nit,LAG,Q5s,1.8004170327511124,8
Nit,LAG,A4o,1.7665371931001745,8
Nit,LAG,Q9o,1.6302958896636803,8
Nit,LAG,QTo,1.773808208915673,8
Nit,LAG,Q9s,1.7398768017766824,8
Nit,LAG,A6o,1.7893815903077326,8
Nit,LAG,A2s,1.8435790202516213,8
Nit,LAG,JTs,1.6832041324062403,8
Nit,LAG,K4o,1.733121460841716,8
Nit,LAG,K6s,1.7711782670249607,8
Nit,LAG,K8o,1.7352872953399494,8
Nit,LAG,K7o,1.8316669305113376,8
Nit,LAG,J9o,1.6870716940102288,8
Nit,LAG,J8s,1.7004276734160018,8
Nit,LAG,JTo,1.6697965855124144,8
Nit,LAG,K4s,1.760142824581581,8
Nit,LAG,K2s,1.850076523746322,8
Nit,LAG,K6o,1.807275508662185,8
Nit,LAG,J9s,1.732812055913397,8
Nit,LAG,K3s,1.7672591379329194,8
Nit,LAG,A3o,1.7254894726098455,8
Nit,LAG,Q6s,1.6812445678602197,8
Nit,LAG,QJo,1.7254894726098455,8
Nit,LAG,33,1.8380097315418777,8
Nit,LAG,Q3s,1.681347702836326,8
Nit,LAG,J7s,1.7285319544049833,8
Nit,LAG,Q6o,1.6739219845566686,8
Nit,LAG,Q7s,1.7802025774342667,8
Nit,LAG,J5s,1.8185172210577776,8
Nit,LAG,J6s,1.7004276734160015,8
Nit,LAG,T9o,1.6308631320322653,8
Nit,LAG,Q7o,1.7195076439956773,8
Nit,LAG,A2o,1.9174236631437709,8
Nit,LAG,K5o,1.857708511978192,8
Nit,LAG,K3o,1.8715285987764436,8
Nit,LAG,Q8o,1.6223544965034913,8
Nit,LAG,T7s,1.7825231143966596,8
Nit,LAG,J8o,1.644631651342464,8
Nit,LAG,97s,1.6918674703991743,8
Nit,LAG,T8s,1.6812445678602197,8
Nit,LAG,Q4s,1.7403409091691604,8
Nit,LAG,J4s,1.692692550208025,8
Nit,LAG,J3s,1.6325648591380206,8
Nit,LAG,96s,1.6941880073615672,8
Nit,LAG,J7o,1.6671666436217025,8
Nit,LAG,Q5o,1.7418879338107556,8
Nit,LAG,J4o,1.5757374873034196,8
Nit,LAG,98s,1.6921768753274935,8
Nit,LAG,T9s,1.7407534490735863,8
Nit,LAG,K2o,1.8564708922649156,8
Nit,LAG,Q4o,1.6223544965034913,8
Nit,LAG,22,1.7770569606630229,8
Nit,LAG,98o,1.6330805340185521,8
Nit,LAG,Q2s,1.7540578609913058,8
Nit,LAG,T8o,1.6223544965034913,8
Nit,LAG,Q3o,1.7254894726098455,8
Nit,LAG,J6o,1.6739219845566686,8
Nit,LAG,J5o,1.7576675851550285,8
Nit,LAG,J2s,1.7046562074363618,8
Nit,LAG,T4s,1.7444663082134146,8
Nit,LAG,T3s,1.682791592501815,8
Nit,LAG,97o,1.6310178344964252,8
Nit,LAG,87s,1.7335340007461415,8
Nit,LAG,96o,1.6841323471911975,8
Nit,LAG,T4o,1.6223544965034913,8
Nit,LAG,T5s,1.803872054450675,8
Nit,LAG,T6s,1.6832041324062403,8
Nit,LAG,85s,1.823158294982563,8
Nit,LAG,J3o,1.6787693284336669,8
Nit,LAG,76s,1.8107305303617474,8
Nit,LAG,95s,1.81660922399981,8
Nit,LAG,T7o,1.7224985583027612,8
Nit,LAG,T2s,1.7542641309435183,8
Nit,LAG,T5o,1.741372258930224,8
Nit,LAG,93s,1.6930535226243975,8
Nit,LAG,95o,1.7529749437421893,8
Nit,LAG,75s,1.853376842981725,8
Nit,LAG,Q2o,1.7254894726098455,8
Nit,LAG,87o,1.668765235751351,8
Nit,LAG,86s,1.7036248576752988,8
Nit,LAG,94s,1.7470446826160742,8
Nit,LAG,85o,1.760555364486006,8
Nit,LAG,92s,1.7636494137691967,8
Nit,LAG,T3o,1.7254894726098455,8
Nit,LAG,86o,1.6739219845566686,8
Nit,LAG,T6o,1.7254894726098455,8
Nit,LAG,93o,1.7254894726098455,8
Nit,LAG,J2o,1.7305430864390572,8
Nit,LAG,65s,1.8195485708188408,8
Nit,LAG,76o,1.7533359161585613,8
Nit,LAG,74s,1.786700080928967,8
Nit,LAG,73s,1.7295633041660468,8
Nit,LAG,83s,1.6364839882300621,8
Nit,LAG,84o,1.5707870084503144,8
Nit,LAG,T2o,1.7254894726098455,8
Nit,LAG,84s,1.6864013166655374,8
Nit,LAG,54s,1.842238265562239,8
Nit,LAG,53s,1.7760256109019592,8
Nit,LAG,75o,1.7890721853794131,8
Nit,LAG,64s,1.7695281074072589,8
Nit,LAG,92o,1.7856687311679034,8
Nit,LAG,82s,1.7211578036133788,8
Nit,LAG,74o,1.6700028554646273,8
Nit,LAG,64o,1.6510260198610576,8
Nit,LAG,43s,1.691248660542536,8
Nit,LAG,82o,1.7254894726098455,8
Nit,LAG,94o,1.6314819418889037,8
Nit,LAG,65o,1.7633400088408777,8
Nit,LAG,73o,1.7730346965948747,8
Nit,LAG,72s,1.7996435204303145,8
Nit,LAG,63s,1.6936207649929822,8
Nit,LAG,53o,1.8801919367693771,8
Nit,LAG,32s,1.7796353350656817,8
Nit,LAG,83o,1.6739219845566682,8
Nit,LAG,62s,1.8513141434595979,8
Nit,LAG,42s,1.7549860757762632,8
Nit,LAG,52s,1.83965989115958,8
Nit,LAG,62o,1.809441343160418,8
Nit,LAG,72o,1.8244474821838925,8
Nit,LAG,54o,1.815938846655118,8
Nit,LAG,63o,1.7362155101249064,8
Nit,LAG,32o,1.7254894726098455,8
Nit,LAG,52o,1.8462605296303862,8
Nit,LAG,42o,1.7770569606630224,8
Nit,LAG,43o,1.7254894726098455,8
Nit,Loose-passive,AA,2.1410226242855153,8
Nit,Loose-passive,KK,2.1713525538822624,8
Nit,Loose-passive,QQ,1.8950864560336305,8
Nit,Loose-passive,JJ,1.959642452428288,8
Nit,Loose-passive,TT,1.8215993143624605,8
Nit,Loose-passive,99,1.772148342193851,8
Nit,Loose-passive,88,1.9068947487817711,8
Nit,Loose-passive,AKs,1.9846376710880578,8
Nit,Loose-passive,77,1.8115892387840875,8
Nit,Loose-passive,AKo,1.9914109557608493,8
Nit,Loose-passive,AJo,1.9091724905301435,8
Nit,Loose-passive,AQo,1.8988627120901427,8
Nit,Loose-passive,AQs,1.8929285954299095,8
Nit,Loose-passive,A9o,1.830530459638973,8
Nit,Loose-passive,A7o,1.9429190327494492,8
Nit,Loose-passive,KJs,1.9006009886875845,8
Nit,Loose-passive,QJs,1.8566645491729292,8
Nit,Loose-passive,A7s,1.9410009344350305,8
Nit,Loose-passive,A9s,1.8914900216940953,8
Nit,Loose-passive,KTo,1.9501718420008451,8
Nit,Loose-passive,A8o,1.8333476665382757,8
Nit,Loose-passive,AJs,1.8903511508199091,8
Nit,Loose-passive,ATs,1.8926288925682815,8
Nit,Loose-passive,K9s,1.954127919774334,8
Nit,Loose-passive,55,2.118964493669699,8
Nit,Loose-passive,66,1.817463414871995,8
Nit,Loose-passive,KQs,1.8981434252222353,8
Nit,Loose-passive,A8s,1.8326283796703686,8
Nit,Loose-passive,ATo,1.9160057157752606,8
Nit,Loose-passive,A5s,1.9794827818680576,8
Nit,Loose-passive,QTs,2.02413850825062,8
Nit,Loose-passive,K8s,1.8827986387068851,8
Nit,Loose-passive,KTs,1.9476543379631706,8
Nit,Loose-passive,A4s,1.9698922902959635,8
Nit,Loose-passive,KJo,2.007355147999456,8
Nit,Loose-passive,K5s,1.9717504480380568,8
Nit,Loose-passive,A6s,1.833467547682927,8
Nit,Loose-passive,K9o,1.8933481794361886,8
Nit,Loose-passive,A3s,1.832988023104322,8
Nit,Loose-passive,44,1.8521090656761845,8
Nit,Loose-passive,KQo,1.9367451537999136,8
Nit,Loose-passive,K7s,1.9968056072701523,8
Nit,Loose-passive,Q8s,1.8485126313366493,8
Nit,Loose-passive,A5o,1.9806815933145692,8
Nit,Loose-passive,Q5s,1.9864958288301513,8
Nit,Loose-passive,A4o,1.9110306482722368,8
Nit,Loose-passive,Q9o,1.772148342193851,8
Nit,Loose-passive,QTo,1.9314104428629364,8
Nit,Loose-passive,Q9s,1.9206810804166563,8
Nit,Loose-passive,A6o,1.9526294054661943,8
Nit,Loose-passive,A2s,2.001301150194571,8
Nit,Loose-passive,JTs,1.8542669262799056,8
Nit,Loose-passive,K4o,1.8856757861785134,8
Nit,Loose-passive,K6s,1.9261956130706104,8
Nit,Loose-passive,K8o,1.886754716480374,8
Nit,Loose-passive,K7o,1.998424002722943,8
Nit,Loose-passive,J9o,1.8392218426261833,8
Nit,Loose-passive,J8s,1.8705707619524654,8
Nit,Loose-passive,JTo,1.816024841136181,8
Nit,Loose-passive,K4s,1.919722031259447,8
Nit,Loose-passive,K2s,2.0065159799868972,8
Nit,Loose-passive,K6o,1.9653967473715444,8
Nit,Loose-passive,J9s,1.9058158184799106,8
Nit,Loose-passive,K3s,1.9297920474101455,8
Nit,Loose-passive,A3o,1.8774039871975823,8
Nit,Loose-passive,Q6s,1.8477933444687422,8
Nit,Loose-passive,QJo,1.8774039871975823,8
Nit,Loose-passive,33,2.011191344628293,8
Nit,Loose-passive,Q3s,1.8473138198901375,8
Nit,Loose-passive,J7s,1.8997018801027008,8
Nit,Loose-passive,Q6o,1.817463414871995,8
Nit,Loose-passive,Q7s,1.957364710679916,8
Nit,Loose-passive,J5s,2.011670869206898,8
Nit,Loose-passive,J6s,1.8642170612859532,8
Nit,Loose-passive,T9o,1.7757447765333862,8
Nit,Loose-passive,Q7o,1.8689523664996746,8
Nit,Loose-passive,A2o,2.100143153959465,8
Nit,Loose-passive,K5o,2.028933754036667,8
Nit,Loose-passive,K3o,2.0472755691682964,8
Nit,Loose-passive,Q8o,1.7575228425464078,8
Nit,Loose-passive,T7s,1.9614406695980557,8
Nit,Loose-passive,J8o,1.7779026371371076,8
Nit,Loose-passive,97s,1.8658953973110695,8
Nit,Loose-passive,T8s,1.8501909673617658,8
Nit,Loose-passive,Q4s,1.9114502322785158,8
Nit,Loose-passive,J4s,1.855945262305022,8
Nit,Loose-passive,J3s,1.796843857991993,8
Nit,Loose-passive,96s,1.8638574178519995,8
Nit,Loose-passive,J7o,1.8088319724571105,8
Nit,Loose-passive,Q5o,1.8983831875115378,8
Nit,Loose-passive,J4o,1.7058540692017516,8
Nit,Loose-passive,98s,1.8671541493299069,8
Nit,Loose-passive,T9s,1.923498287315959,8
Nit,Loose-passive,K2o,2.0247379139738757,8
Nit,Loose-passive,Q4o,1.7575228425464078,8
Nit,Loose-passive,22,1.9373445595231695,8
Nit,Loose-passive,98o,1.7749655490931537,8
Nit,Loose-passive,Q2s,1.8973042572096772,8
Nit,Loose-passive,T8o,1.7575228425464078,8
Nit,Loose-passive,Q3o,1.8774039871975823,8
Nit,Loose-passive,J6o,1.817463414871995,8
Nit,Loose-passive,J5o,1.9214003672845634,8
Nit,Loose-passive,J2s,1.8464746518775792,8
Nit,Loose-passive,T4s,1.9067748676371201,8
Nit,Loose-passive,T3s,1.8463547707329282,8
Nit,Loose-passive,97o,1.7764041228289678,8
Nit,Loose-passive,87s,1.9037178984485152,8
Nit,Loose-passive,96o,1.8365245168715318,8
Nit,Loose-passive,T4o,1.7575228425464078,8
Nit,Loose-passive,T5s,1.9899723820250352,8
Nit,Loose-passive,T6s,1.8480331067580447,8
Nit,Loose-passive,85s,2.0150275412571306,8
Nit,Loose-passive,J3o,1.8253755704189725,8
Nit,Loose-passive,76s,1.9945878060941056,8
Nit,Loose-passive,95s,2.0107118200496883,8
Nit,Loose-passive,T7o,1.8708105242417679,8
Nit,Loose-passive,T2s,1.8987428309454915,8
Nit,Loose-passive,T5o,1.9015000972724683,8
Nit,Loose-passive,93s,1.864996288726186,8
Nit,Loose-passive,95o,1.9209807832782844,8
Nit,Loose-passive,75s,2.044937886847599,8
Nit,Loose-passive,Q2o,1.8774039871975823,8
Nit,Loose-passive,87o,1.8081126855892036,8
Nit,Loose-passive,86s,1.8657755161664187,8
Nit,Loose-passive,94s,1.927274543372471,8
Nit,Loose-passive,85o,1.9185232198129352,8
Nit,Loose-passive,92s,1.9202015558380516,8
Nit,Loose-passive,T3o,1.8774039871975823,8
Nit,Loose-passive,86o,1.817463414871995,8
Nit,Loose-passive,T6o,1.8774039871975823,8
Nit,Loose-passive,93o,1.8774039871975823,8
Nit,Loose-passive,J2o,1.886155310757118,8
Nit,Loose-passive,65s,2.007714791433409,8
Nit,Loose-passive,76o,1.9124092814357254,8
Nit,Loose-passive,74s,1.963718411346428,8
Nit,Loose-passive,73s,1.9023392652850266,8
Nit,Loose-passive,83s,1.7902503950361783,8
Nit,Loose-passive,84o,1.6975822702208205,8
Nit,Loose-passive,T2o,1.8774039871975823,8
Nit,Loose-passive,84s,1.8501909673617658,8
Nit,Loose-passive,54s,2.0288138728920155,8
Nit,Loose-passive,53s,1.956046018088753,8
Nit,Loose-passive,75o,1.9571848889629389,8
Nit,Loose-passive,64s,1.9329089571710762,8
Nit,Loose-passive,92o,1.954967087786892,8
Nit,Loose-passive,82s,1.8652959915878138,8
Nit,Loose-passive,74o,1.8093714376080408,8
Nit,Loose-passive,64o,1.7780225182817586,8
Nit,Loose-passive,43s,1.8511500165189751,8
Nit,Loose-passive,82o,1.8774039871975823,8
Nit,Loose-passive,94o,1.7762243011119911,8
Nit,Loose-passive,65o,1.9145671420394463,8
Nit,Loose-passive,73o,1.9303315125610758,8
Nit,Loose-passive,72s,1.9525095243215431,8
Nit,Loose-passive,63s,1.8651761104431626,8
Nit,Loose-passive,53o,2.079883240513416,8
Nit,Loose-passive,32s,1.9343475309068903,8
Nit,Loose-passive,83o,1.817463414871995,8
Nit,Loose-passive,62s,2.0139486109552704,8
Nit,Loose-passive,42s,1.8988627120901425,8
Nit,Loose-passive,52s,2.0087937217352696,8
Nit,Loose-passive,62o,1.9710311611701496,8
Nit,Loose-passive,72o,1.9899723820250352,8
Nit,Loose-passive,54o,1.9825397510566625,8
Nit,Loose-passive,63o,1.8953861588952585,8
Nit,Loose-passive,32o,1.8774039871975823,8
Nit,Loose-passive,52o,2.02210052879155,8
Nit,Loose-passive,42o,1.9373445595231695,8
Nit,Loose-passive,43o,1.8774039871975823,8
Nit,Station,AA,3.0670766654883215,8
Nit,Station,KK,3.158110092035935,8
Nit,Station,QQ,2.4927718268657935,8
Nit,Station,JJ,2.49597938048576,8
Nit,Station,TT,2.3094830485820084,8
Nit,Station,99,2.1330675994838644,8
Nit,Station,88,2.306580976259182,8
Nit,Station,AKs,2.6471926225698827,8
Nit,Station,77,2.0484492801761838,8
Nit,Station,AKo,2.662313946778295,8
Nit,Station,AJo,2.509115076262764,8
Nit,Station,AQo,2.4063206197752747,8
Nit,Station,AQs,2.3302557767875034,8
Nit,Station,A9o,2.1755294997862746,8
Nit,Station,A7o,2.4527537769405003,8
Nit,Station,KJs,2.4547394053719085,8
Nit,Station,QJs,2.212798218037311,8
Nit,Station,A7s,2.4550448866690475,8
Nit,Station,A9s,2.330103036138934,8
Nit,Station,KTo,2.5639489690993305,8
Nit,Station,A8o,2.2302106519742706,8
Nit,Station,AJs,2.5689894105021347,8
Nit,Station,ATs,2.332546886516051,8
Nit,Station,K9s,2.560588674830794,8
Nit,Station,55,2.874165226344637,8
Nit,Station,66,2.0832741480501027,8
Nit,Station,KQs,2.3817293753555333,8
Nit,Station,A8s,2.220587991114372,8
Nit,Station,ATo,2.4357995649492503,8
Nit,Station,A5s,2.565934597530738,8
Nit,Station,QTs,2.5970936898389816,8
Nit,Station,K8s,2.2963473528050034,8
Nit,Station,KTs,2.4680278417974826,8
Nit,Station,A4s,2.5526461611051636,8
Nit,Station,KJo,2.672547570232473,8
Nit,Station,K5s,2.5023944877256925,8
Nit,Station,A6s,2.1773623875691124,8
Nit,Station,K9o,2.4176234277694415,8
Nit,Station,A3s,2.1801117192433694,8
Nit,Station,44,2.1626992853064095,8
Nit,Station,KQo,2.4767340587659623,8
Nit,Station,K7s,2.5418015750567062,8
Nit,Station,Q8s,2.139329966075227,8
Nit,Station,A5o,2.5671565227192965,8
Nit,Station,Q5s,2.523930919174037,8
Nit,Station,A4o,2.403418547452448,8
Nit,Station,Q9o,2.044783504610508,8
Nit,Station,QTo,2.4467968916462772,8
Nit,Station,Q9s,2.40173840031818,8
Nit,Station,A6o,2.4840656098973137,8
Nit,Station,A2s,2.6270308569586662,8
Nit,Station,JTs,2.166976023466365,8
Nit,Station,K4o,2.2500669362883476,8
Nit,Station,K6s,2.396545218266806,8
Nit,Station,K8o,2.2977220186421317,8
Nit,Station,K7o,2.5569228992651185,8
Nit,Station,J9o,2.2961946121564334,8
Nit,Station,J8s,2.177362387569113,8
Nit,Station,JTo,2.102061247824191,8
Nit,Station,K4s,2.3661498292014116,8
Nit,Station,K2s,2.5584503057508168,8
Nit,Station,K6o,2.451073629806232,8
Nit,Station,J9s,2.4619182158546895,8
Nit,Station,K3s,2.37623071200702,8
Nit,Station,A3o,2.2360147966199238,8
Nit,Station,Q6s,2.137649818940959,8
Nit,Station,QJo,2.244873754236974,8
Nit,Station,33,2.6196993058273152,8
Nit,Station,Q3s,2.1391772254266574,8
Nit,Station,J7s,2.2560238215825708,8
Nit,Station,Q6o,2.0832741480501027,8
Nit,Station,Q7s,2.4125829863666373,8
Nit,Station,J5s,2.5408851311652874,8
Nit,Station,J6s,2.165143135683527,8
Nit,Station,T9o,2.039437581910564,8
Nit,Station,Q7o,2.199357040963167,8
Nit,Station,A2o,2.8905084757416084,8
Nit,Station,K5o,2.65803720861834,8
Nit,Station,K3o,2.6748386799610206,8
Nit,Station,Q8o,1.9345047563430968,8
Nit,Station,T7s,2.420220018795128,8
Nit,Station,J8o,1.9691768835684462,8
Nit,Station,97s,2.268395814116726,8
Nit,Station,T8s,2.139482706723797,8
Nit,Station,Q4s,2.302609719396366,8
Nit,Station,J4s,2.183166532214766,8
Nit,Station,J3s,2.0218724073250347,8
Nit,Station,96s,2.255718340285431,8
Nit,Station,J7o,2.0409649883962624,8
Nit,Station,Q5o,2.313912527390533,8
Nit,Station,J4o,1.807119055435866,8
Nit,Station,98s,2.2662574450367488,8
Nit,Station,T9s,2.4109028392323695,8
Nit,Station,K2o,2.585027178601966,8
Nit,Station,Q4o,1.9305334994802814,8
Nit,Station,22,2.3887554451897453,8
Nit,Station,98o,2.048907502121893,8
Nit,Station,Q2s,2.2723670709795414,8
Nit,Station,T8o,1.9305334994802814,8
Nit,Station,Q3o,2.236014796619924,8
Nit,Station,J6o,2.0832741480501027,8
Nit,Station,J5o,2.3345325149474587,8
Nit,Station,J2s,2.152312921203662,8
Nit,Station,T4s,2.310246751824857,8
Nit,Station,T3s,2.144370407478031,8
Nit,Station,97o,2.0502821679590215,8
Nit,Station,87s,2.260911522336805,8
Nit,Station,96o,2.2008844474488654,8
Nit,Station,T4o,1.9305334994802814,8
Nit,Station,T5s,2.515530183502697,8
Nit,Station,T6s,2.141926557100914,8
Nit,Station,85s,2.5815141436848594,8
Nit,Station,J3o,2.117182572032603,8
Nit,Station,76s,2.507740410425636,8
Nit,Station,95s,2.636806258467135,8
Nit,Station,T7o,2.2152420684144283,8
Nit,Station,T2s,2.2622861881739333,8
Nit,Station,T5o,2.309941270527718,8
Nit,Station,93s,2.257551228068269,8
Nit,Station,95o,2.423885794360804,8
Nit,Station,75s,2.6303911512272027,8
Nit,Station,Q2o,2.236014796619924,8
Nit,Station,87o,2.044783504610508,8
Nit,Station,86s,2.1529238837979414,8
Nit,Station,94s,2.424649497603653,8
Nit,Station,85o,2.318189265550488,8
Nit,Station,92s,2.3820348566526732,8
Nit,Station,T3o,2.236014796619924,8
Nit,Station,86o,2.0832741480501027,8
Nit,Station,T6o,2.236014796619924,8
Nit,Station,93o,2.236014796619924,8
Nit,Station,J2o,2.2683958141167264,8
Nit,Station,65s,2.5433289815424045,8
Nit,Station,76o,2.353319614721547,8
Nit,Station,74s,2.4147213554466145,8
Nit,Station,73s,2.2613697442825145,8
Nit,Station,83s,2.0475328362847645,8
Nit,Station,84o,1.7777928509104604,8
Nit,Station,T2o,2.236014796619924,8
Nit,Station,84s,2.150480033420824,8
Nit,Station,54s,2.61511708637022,8
Nit,Station,53s,2.4293844577093178,8
Nit,Station,75o,2.423274831766525,8
Nit,Station,64s,2.3844787070297904,8
Nit,Station,92o,2.5068239665342174,8
Nit,Station,82s,2.2054666669059597,8
Nit,Station,74o,2.0437143200705195,8
Nit,Station,64o,2.0148463374908228,8
Nit,Station,43s,2.1517019586093826,8
Nit,Station,82o,2.236014796619924,8
Nit,Station,94o,2.046158170447636,8
Nit,Station,65o,2.323382447601862,8
Nit,Station,73o,2.346293544887335,8
Nit,Station,72s,2.3992945499410627,8
Nit,Station,63s,2.1810281631347883,8
Nit,Station,53o,2.727534203717609,8
Nit,Station,32s,2.414721355446615,8
Nit,Station,83o,2.0832741480501027,8
Nit,Station,62s,2.583957994061977,8
Nit,Station,42s,2.281226028596591,8
Nit,Station,52s,2.5903731013019096,8
Nit,Station,62o,2.4984232308628775,8
Nit,Station,72o,2.501019821888564,8
Nit,Station,54o,2.5191959590683726,8
Nit,Station,63o,2.286113729350826,8
Nit,Station,32o,2.236014796619924,8
Nit,Station,52o,2.6163390115587792,8
Nit,Station,42o,2.3887554451897453,8
Nit,Station,43o,2.236014796619924,8
Nit,Maniac,AA,2.5317782978824517,8
Nit,Maniac,KK,2.6192929282646302,8
Nit,Maniac,QQ,2.1502643398106747,8
Nit,Maniac,JJ,2.215666732622979,8
Nit,Maniac,TT,2.078425521039064,8
Nit,Maniac,99,1.9510465750379564,8
Nit,Maniac,88,2.0708471485385904,8
Nit,Maniac,AKs,2.2890627512234545,8
Nit,Maniac,77,1.9004894872608258,8
Nit,Maniac,AKo,2.2911390176619406,8
Nit,Maniac,AJo,2.196876521354682,8
Nit,Maniac,AQo,2.1402982609059427,8
Nit,Maniac,AQs,2.0924403194988437,8
Nit,Maniac,A9o,1.985927851204519,8
Nit,Maniac,A7o,2.1655248981335458,8
Nit,Maniac,KJs,2.1104000241917458,8
Nit,Maniac,QJs,1.983228704834487,8
Nit,Maniac,A7s,2.166978284640486,8
Nit,Maniac,A9s,2.089325919841115,8
Nit,Maniac,KTo,2.2136942795064174,8
Nit,Maniac,A8o,2.021432007302627,8
Nit,Maniac,AJs,2.1753871637163535,8
Nit,Maniac,ATs,2.0914021862796006,8
Nit,Maniac,K9s,2.222310785226134,8
Nit,Maniac,55,2.4636767587001147,8
Nit,Maniac,66,1.9282076442146119,8
Nit,Maniac,KQs,2.1122686639863835,8
Nit,Maniac,A8s,2.022054887234173,8
Nit,Maniac,ATo,2.1589846588523156,8
Nit,Maniac,A5s,2.2570882480707724,8
Nit,Maniac,QTs,2.2607217143381226,8
Nit,Maniac,K8s,2.0488387242906407,8
Nit,Maniac,KTs,2.1610609252908013,8
Nit,Maniac,A4s,2.2434887028986896,8
Nit,Maniac,KJo,2.295291550538912,8
Nit,Maniac,K5s,2.208088360122506,8
Nit,Maniac,A6s,1.989457504149945,8
Nit,Maniac,K9o,2.106766557924396,8
Nit,Maniac,A3s,1.9898727574376422,8
Nit,Maniac,44,1.979283798601364,8
Nit,Maniac,KQo,2.1952155082038938,8
Nit,Maniac,K7s,2.1906477220392246,8
Nit,Maniac,Q8s,1.9658918800731304,8
Nit,Maniac,A5o,2.252935715193801,8
Nit,Maniac,Q5s,2.2116180130679317,8
Nit,Maniac,A4o,2.1354190347755013,8
Nit,Maniac,Q9o,1.8939492479795954,8
Nit,Maniac,QTo,2.178086310086385,8
Nit,Maniac,Q9s,2.135522848097425,8
Nit,Maniac,A6o,2.195423134847742,8
Nit,Maniac,A2s,2.2976792569431708,8
Nit,Maniac,JTs,1.9637118003127199,8
Nit,Maniac,K4o,2.0054447557262858,8
Nit,Maniac,K6s,2.10469029148591,8
Nit,Maniac,K8o,2.0467624578521546,8
Nit,Maniac,K7o,2.1970841479985306,8
Nit,Maniac,J9o,2.0580781099419023,8
Nit,Maniac,J8s,1.9731588126078305,8
Nit,Maniac,JTo,1.928934337468082,8
Nit,Maniac,K4s,2.1090504510067305,8
Nit,Maniac,K2s,2.1996794810466382,8
Nit,Maniac,K6o,2.1395715676524727,8
Nit,Maniac,J9s,2.1821350296414326,8
Nit,Maniac,K3s,2.0963852257319666,8
Nit,Maniac,A3o,2.032020966138905,8
Nit,Maniac,Q6s,1.9595592674357483,8
Nit,Maniac,QJo,2.032020966138905,8
Nit,Maniac,33,2.299236456772035,8
Nit,Maniac,Q3s,1.966203320038903,8
Nit,Maniac,J7s,2.0270379266865386,8
Nit,Maniac,Q6o,1.9282076442146119,8
Nit,Maniac,Q7s,2.1408173275155638,8
Nit,Maniac,J5s,2.2047663338209285,8
Nit,Maniac,J6s,1.9476207354144548,8
Nit,Maniac,T9o,1.8974789009250215,8
Nit,Maniac,Q7o,2.0019151027808597,8
Nit,Maniac,A2o,2.474888597467939,8
Nit,Maniac,K5o,2.3234249607803954,8
Nit,Maniac,K3o,2.3065033893067355,8
Nit,Maniac,Q8o,1.8255362688314862,8
Nit,Maniac,T7s,2.1445546071048383,8
Nit,Maniac,J8o,1.8294811750646092,8
Nit,Maniac,97s,2.034512485865088,8
Nit,Maniac,T8s,1.954783854627231,8
Nit,Maniac,Q4s,2.0749996814155622,8
Nit,Maniac,J4s,1.9645423068881145,8
Nit,Maniac,J3s,1.8551230655799098,8
Nit,Maniac,96s,2.028179873227706,8
Nit,Maniac,J7o,1.8896929017806994,8
Nit,Maniac,Q5o,2.081851360662566,8
Nit,Maniac,J4o,1.720581000366026,8
Nit,Maniac,98s,2.0329552860362234,8
Nit,Maniac,T9s,2.130228368679286,8
Nit,Maniac,K2o,2.239647609987491,8
Nit,Maniac,Q4o,1.824394322290319,8
Nit,Maniac,22,2.135834288063198,8
Nit,Maniac,98o,1.8959217010961569,8
Nit,Maniac,Q2s,2.063164962716193,8
Nit,Maniac,T8o,1.824394322290319,8
Nit,Maniac,Q3o,2.032020966138905,8
Nit,Maniac,J6o,1.9282076442146119,8
Nit,Maniac,J5o,2.0716776551139846,8
Nit,Maniac,J2s,1.96080502729884,8
Nit,Maniac,T4s,2.0718852817578335,8
Nit,Maniac,T3s,1.9581058809288083,8
Nit,Maniac,97o,1.8923920481507308,8
Nit,Maniac,87s,2.0331629126800723,8
Nit,Maniac,96o,2.000773156239693,8
Nit,Maniac,T4o,1.824394322290319,8
Nit,Maniac,T5s,2.207050226903263,8
Nit,Maniac,T6s,1.9578982542849597,8
Nit,Maniac,85s,2.241516249782128,8
Nit,Maniac,J3o,1.928207644214612,8
Nit,Maniac,76s,2.214524786081812,8
Nit,Maniac,95s,2.2992364567720354,8
Nit,Maniac,T7o,2.0111544884321217,8
Nit,Maniac,T2s,2.059012429839221,8
Nit,Maniac,T5o,2.07977509422408,8
Nit,Maniac,93s,2.0319171528169804,8
Nit,Maniac,95o,2.165732524777394,8
Nit,Maniac,75s,2.2869864847849684,8
Nit,Maniac,Q2o,2.032020966138905,8
Nit,Maniac,87o,1.9002818606169771,8
Nit,Maniac,86s,1.944194895790953,8
Nit,Maniac,94s,2.149952899844902,8
Nit,Maniac,85o,2.0737539215524707,8
Nit,Maniac,92s,2.1350037814878036,8
Nit,Maniac,T3o,2.032020966138905,8
Nit,Maniac,86o,1.9282076442146119,8
Nit,Maniac,T6o,2.032020966138905,8
Nit,Maniac,93o,2.032020966138905,8
Nit,Maniac,J2o,2.032020966138905,8
Nit,Maniac,65s,2.2093341199855976,8
Nit,Maniac,76o,2.1080123177874874,8
Nit,Maniac,74s,2.152132979605312,8
Nit,Maniac,73s,2.0291141931250247,8
Nit,Maniac,83s,1.892080608184958,8
Nit,Maniac,84o,1.720581000366026,8
Nit,Maniac,T2o,2.032020966138905,8
Nit,Maniac,84s,1.9701482262720262,8
Nit,Maniac,54s,2.28823224464806,8
Nit,Maniac,53s,2.1592960988180883,8
Nit,Maniac,75o,2.1587770322084667,8
Nit,Maniac,64s,2.1206775430622513,8
Nit,Maniac,92o,2.208503613410203,8
Nit,Maniac,82s,2.0133345681925325,8
Nit,Maniac,74o,1.8962331410619298,8
Nit,Maniac,64o,1.8750552233893742,8
Nit,Maniac,43s,1.970771106203572,8
Nit,Maniac,82o,2.032020966138905,8
Nit,Maniac,94o,1.896752207671551,8
Nit,Maniac,65o,2.0631649627161925,8
Nit,Maniac,73o,2.108946637684806,8
Nit,Maniac,72s,2.1334465816589394,8
Nit,Maniac,63s,1.978868545313667,8
Nit,Maniac,53o,2.3544651440357587,8
Nit,Maniac,32s,2.138948687720927,8
Nit,Maniac,83o,1.928207644214612,8
Nit,Maniac,62s,2.268715340126293,8
Nit,Maniac,42s,2.06067344299001,8
Nit,Maniac,52s,2.2720373664278704,8
Nit,Maniac,62o,2.2132790262187205,8
Nit,Maniac,72o,2.2082959867663545,8
Nit,Maniac,54o,2.223037478479604,8
Nit,Maniac,63o,2.053614137099158,8
Nit,Maniac,32o,2.032020966138905,8
Nit,Maniac,52o,2.2869864847849684,8
Nit,Maniac,42o,2.1358342880631978,8
Nit,Maniac,43o,2.032020966138905,8
TAG,Nit,AA,1.5528791397069943,8
TAG,Nit,KK,1.5655391791357531,8
TAG,Nit,QQ,1.5284265581979133,8
TAG,Nit,JJ,1.543788490409827,8
TAG,Nit,TT,1.5292217641006478,8
TAG,Nit,99,1.5187033587508438,8
TAG,Nit,88,1.5322580048201788,8
TAG,Nit,AKs,1.5414119091323366,8
TAG,Nit,77,1.527739789463734,8
TAG,Nit,AKo,1.541628783469446,8
TAG,Nit,AJo,1.545559630829553,8
TAG,Nit,AQo,1.5367762201766242,8
TAG,Nit,AQs,1.5367762201766237,8
TAG,Nit,A9o,1.527739789463734,8
TAG,Nit,A7o,1.545812650889514,8
TAG,Nit,KJs,1.5297278042205695,8
TAG,Nit,QJs,1.5255349003697887,8
TAG,Nit,A7s,1.545812650889514,8
TAG,Nit,A9s,1.5367762201766237,8
TAG,Nit,KTo,1.5423426614957645,8
TAG,Nit,A8o,1.527739789463734,8
TAG,Nit,AJs,1.5367942930380498,8
TAG,Nit,ATs,1.5367762201766242,8
TAG,Nit,K9s,1.5389268906862914,8
TAG,Nit,55,1.560795053011486,8
TAG,Nit,66,1.5277397894637337,8
TAG,Nit,KQs,1.5389088178248662,8
TAG,Nit,A8s,1.527739789463734,8
TAG,Nit,ATo,1.5385112148734987,8
TAG,Nit,A5s,1.548794673024768,8
TAG,Nit,QTs,1.552644192508459,8
TAG,Nit,K8s,1.5295470756063119,8
TAG,Nit,KTs,1.5387642349334598,8
TAG,Nit,A4s,1.5493730045903926,8
TAG,Nit,KJo,1.547782592784924,8
TAG,Nit,K5s,1.5434631789041626,8
TAG,Nit,A6s,1.527739789463734,8
TAG,Nit,K9o,1.5298181685276986,8
TAG,Nit,A3s,1.527739789463734,8
TAG,Nit,44,1.5252818803098276,8
TAG,Nit,KQo,1.542957138784241,8
TAG,Nit,K7s,1.5478006656463497,8
TAG,Nit,Q8s,1.5256433375383434,8
TAG,Nit,A5o,1.5487585273019162,8
TAG,Nit,Q5s,1.5481982685977171,8
TAG,Nit,A4o,1.5399570437875614,8
TAG,Nit,Q9o,1.5187033587508436,8
TAG,Nit,QTo,1.549842898987463,8
TAG,Nit,Q9s,1.5344809667755497,8
TAG,Nit,A6o,1.545812650889514,8
TAG,Nit,A2s,1.5523730995870721,8
TAG,Nit,JTs,1.5251915160026988,8
TAG,Nit,K4o,1.5296916584977183,8
TAG,Nit,K6s,1.5402642824317994,8
TAG,Nit,K8o,1.5296916584977183,8
TAG,Nit,K7o,1.5476380098935176,8
TAG,Nit,J9o,1.5256433375383434,8
TAG,Nit,J8s,1.5212335593504531,8
TAG,Nit,JTo,1.5250288602498667,8
TAG,Nit,K4s,1.5367762201766237,8
TAG,Nit,K2s,1.5527887753998653,8
TAG,Nit,K6o,1.5478006656463497,8
TAG,Nit,J9s,1.5361798157495732,8
TAG,Nit,K3s,1.5392702750533815,8
TAG,Nit,A3o,1.5367762201766242,8
TAG,Nit,Q6s,1.525426463201234,8
TAG,Nit,QJo,1.536776220176624,8
TAG,Nit,33,1.5492826402832638,8
TAG,Nit,Q3s,1.5256975561226205,8
TAG,Nit,J7s,1.5346074768055304,8
TAG,Nit,Q6o,1.5277397894637337,8
TAG,Nit,Q7s,1.54351739748844,8
TAG,Nit,J5s,1.5434631789041628,8
TAG,Nit,J6s,1.520329916279164,8
TAG,Nit,T9o,1.5187033587508436,8
TAG,Nit,Q7o,1.536776220176624,8
TAG,Nit,A2o,1.5667771701434194,8
TAG,Nit,K5o,1.5526080467856076,8
TAG,Nit,K3o,1.5579576137676385,8
TAG,Nit,Q8o,1.5187033587508436,8
TAG,Nit,T7s,1.5433908874584596,8
TAG,Nit,J8o,1.514799620682875,8
TAG,Nit,97s,1.5261132319354138,8
TAG,Nit,T8s,1.5259325033211557,8
TAG,Nit,Q4s,1.5342640924384403,8
TAG,Nit,J4s,1.5255710460926402,8
TAG,Nit,J3s,1.5167695625782853,8
TAG,Nit,96s,1.525191516002699,8
TAG,Nit,J7o,1.527739789463734,8
TAG,Nit,Q5o,1.54120407122594,8
TAG,Nit,J4o,1.5096669280379535,8
TAG,Nit,98s,1.5253180260326795,8
TAG,Nit,T9s,1.5343183110227177,8
TAG,Nit,K2o,1.556999752112072,8
TAG,Nit,Q4o,1.5187033587508436,8
TAG,Nit,22,1.545812650889514,8
TAG,Nit,98o,1.5187033587508438,8
TAG,Nit,Q2s,1.5416739656230103,8
TAG,Nit,T8o,1.5187033587508436,8
TAG,Nit,Q3o,1.536776220176624,8
TAG,Nit,J6o,1.5277397894637337,8
TAG,Nit,J5o,1.5362701800567022,8
TAG,Nit,J2s,1.5328724821086555,8
TAG,Nit,T4s,1.534788205419788,8
TAG,Nit,T3s,1.525263807448402,8
TAG,Nit,97o,1.5187033587508438,8
TAG,Nit,87s,1.5344990396369758,8
TAG,Nit,96o,1.5277397894637337,8
TAG,Nit,T4o,1.5187033587508436,8
TAG,Nit,T5s,1.5485055072419553,8
TAG,Nit,T6s,1.5251372974184214,8
TAG,Nit,85s,1.542776410169983,8
TAG,Nit,J3o,1.527739789463734,8
TAG,Nit,76s,1.5476922284777952,8
TAG,Nit,95s,1.5480898314291625,8
TAG,Nit,T7o,1.536776220176624,8
TAG,Nit,T2s,1.541710111345862,8
TAG,Nit,T5o,1.5411137069188112,8
TAG,Nit,93s,1.5253903174783825,8
TAG,Nit,95o,1.5411679255030883,8
TAG,Nit,75s,1.5571624078649042,8
TAG,Nit,Q2o,1.536776220176624,8
TAG,Nit,87o,1.527739789463734,8
TAG,Nit,86s,1.520492572031996,8
TAG,Nit,94s,1.5341556552698856,8
TAG,Nit,85o,1.535691848491077,8
TAG,Nit,92s,1.5413486541173462,8
TAG,Nit,T3o,1.536776220176624,8
TAG,Nit,86o,1.5277397894637337,8
TAG,Nit,T6o,1.536776220176624,8
TAG,Nit,93o,1.536776220176624,8
TAG,Nit,J2o,1.536776220176624,8
TAG,Nit,65s,1.5430475030913697,8
TAG,Nit,76o,1.540788395413147,8
TAG,Nit,74s,1.54351739748844,8
TAG,Nit,73s,1.5344628939141243,8
TAG,Nit,83s,1.516552688241176,8
TAG,Nit,84o,1.5096669280379535,8
TAG,Nit,T2o,1.536776220176624,8
TAG,Nit,84s,1.5260228676282845,8
TAG,Nit,54s,1.5526622653698847,8
TAG,Nit,53s,1.539071473577698,8
TAG,Nit,75o,1.5499694090174436,8
TAG,Nit,64s,1.5392160564691042,8
TAG,Nit,92o,1.5458126508895143,8
TAG,Nit,82s,1.5349508611726201,8
TAG,Nit,74o,1.527739789463734,8
TAG,Nit,64o,1.5232396469687144,8
TAG,Nit,43s,1.5253903174783823,8
TAG,Nit,82o,1.536776220176624,8
TAG,Nit,94o,1.5187033587508438,8
TAG,Nit,65o,1.535782212798206,8
TAG,Nit,73o,1.5458126508895143,8
TAG,Nit,72s,1.550836906365881,8
TAG,Nit,63s,1.5245770387142221,8
TAG,Nit,53o,1.557162407864904,8
TAG,Nit,32s,1.5410233426116822,8
TAG,Nit,83o,1.527739789463734,8
TAG,Nit,62s,1.554017729976818,8
TAG,Nit,42s,1.5415655284544556,8
TAG,Nit,52s,1.5549033001866817,8
TAG,Nit,62o,1.5502043562159786,8
TAG,Nit,72o,1.5548490816024043,8
TAG,Nit,54o,1.5506742506130489,8
TAG,Nit,63o,1.5355111198768192,8
TAG,Nit,32o,1.536776220176624,8
TAG,Nit,52o,1.5593492240974234,8
TAG,Nit,42o,1.545812650889514,8
TAG,Nit,43o,1.536776220176624,8
TAG,TAG,AA,1.6646172593611868,8
TAG,TAG,KK,1.6753745784215432,8
TAG,TAG,QQ,1.595276162174834,8
TAG,TAG,JJ,1.6266940754440173,8
TAG,TAG,TT,1.5898429892034713,8
TAG,TAG,99,1.5746155679660072,8
TAG,TAG,88,1.6152099105012043,8
TAG,TAG,AKs,1.6321454195624414,8
TAG,TAG,77,1.5927867150274204,8
TAG,TAG,AKo,1.6293288917679223,8
TAG,TAG,AJo,1.6135381649715543,8
TAG,TAG,AQo,1.6109578620888336,8
TAG,TAG,AQs,1.6109578620888336,8
TAG,TAG,A9o,1.5927867150274204,8
TAG,TAG,A7o,1.6291290091502468,8
TAG,TAG,KJs,1.6025627921464607,8
TAG,TAG,QJs,1.5966026559103172,8
TAG,TAG,A7s,1.6291290091502468,8
TAG,TAG,A9s,1.6109578620888336,8
TAG,TAG,KTo,1.6226237385022608,8
TAG,TAG,A8o,1.5927867150274204,8
TAG,TAG,AJs,1.5953306756160182,8
TAG,TAG,ATs,1.6109578620888336,8
TAG,TAG,K9s,1.6201524625019086,8
TAG,TAG,55,1.6701594592149178,8
TAG,TAG,66,1.5927867150274204,8
TAG,TAG,KQs,1.6170997097955913,8
TAG,TAG,A8s,1.5927867150274204,8
TAG,TAG,ATo,1.612466067294931,8
TAG,TAG,A5s,1.638723374798673,8
TAG,TAG,QTs,1.6511887816828024,8
TAG,TAG,K8s,1.60139983873453,8
TAG,TAG,KTs,1.6198253818548032,8
TAG,TAG,A4s,1.6389777708575328,8
TAG,TAG,KJo,1.6378148174456022,8
TAG,TAG,K5s,1.6293834052091065,8
TAG,TAG,A6s,1.5927867150274204,8
TAG,TAG,K9o,1.6011454426756704,8
TAG,TAG,A3s,1.5927867150274204,8
TAG,TAG,44,1.597511213263388,8
TAG,TAG,KQo,1.6268212734734473,8
TAG,TAG,K7s,1.6381055557985849,8
TAG,TAG,Q8s,1.596675340498563,8
TAG,TAG,A5o,1.6400680396812175,8
TAG,TAG,Q5s,1.6454830415055186,8
TAG,TAG,A4o,1.6213881005020847,8
TAG,TAG,Q9o,1.5746155679660072,8
TAG,TAG,QTo,1.6298558550327034,8
TAG,TAG,Q9s,1.6147374606776075,8
TAG,TAG,A6o,1.6291290091502468,8
TAG,TAG,A2s,1.646246229682098,8
TAG,TAG,JTs,1.5975475555575107,8
TAG,TAG,K4o,1.602272053793478,8
TAG,TAG,K6s,1.6235686381494543,8
TAG,TAG,K8o,1.6026718190288292,8
TAG,TAG,K7o,1.637887502033848,8
TAG,TAG,J9o,1.5783224819665356,8
TAG,TAG,J8s,1.5963482598514576,8
TAG,TAG,JTo,1.590751546556542,8
TAG,TAG,K4s,1.613574507265677,8
TAG,TAG,K2s,1.6500621705649947,8
TAG,TAG,K6o,1.6363611256806891,8
TAG,TAG,J9s,1.6023810806758465,8
TAG,TAG,K3s,1.6222966578551554,8
TAG,TAG,A3o,1.6109578620888336,8
TAG,TAG,Q6s,1.5978019516163704,8
TAG,TAG,QJo,1.6109578620888336,8
TAG,TAG,33,1.6482450558588535,8
TAG,TAG,Q3s,1.5987831935576868,8
TAG,TAG,J7s,1.6158640717954151,8
TAG,TAG,Q6o,1.5927867150274204,8
TAG,TAG,Q7s,1.6327632385625295,8
TAG,TAG,J5s,1.645410356917273,8
TAG,TAG,J6s,1.5953670179101411,8
TAG,TAG,T9o,1.5746155679660072,8
TAG,TAG,Q7o,1.6109578620888336,8
TAG,TAG,A2o,1.6731758696271124,8
TAG,TAG,K5o,1.6477726060352567,8
TAG,TAG,K3o,1.6594021401545611,8
TAG,TAG,Q8o,1.5746155679660072,8
TAG,TAG,T7s,1.6340352188568283,8
TAG,TAG,J8o,1.5742884873189018,8
TAG,TAG,97s,1.5977656093222476,8
TAG,TAG,T8s,1.598528797498827,8
TAG,TAG,Q4s,1.6151008836188359,8
TAG,TAG,J4s,1.5986014820870726,8
TAG,TAG,J3s,1.579885200613817,8
TAG,TAG,96s,1.5980200053811076,8
TAG,TAG,J7o,1.5927867150274204,8
TAG,TAG,Q5o,1.6229508191493662,8
TAG,TAG,J4o,1.556444420904594,8
TAG,TAG,98s,1.598092689969353,8
TAG,TAG,T9s,1.6162638370307663,8
TAG,TAG,K2o,1.6539507960361373,8
TAG,TAG,Q4o,1.5746155679660072,8
TAG,TAG,22,1.6291290091502468,8
TAG,TAG,98o,1.5746155679660072,8
TAG,TAG,Q2s,1.6210610198549793,8
TAG,TAG,T8o,1.5746155679660072,8
TAG,TAG,Q3o,1.6109578620888336,8
TAG,TAG,J6o,1.5927867150274204,8
TAG,TAG,J5o,1.623023503737612,8
TAG,TAG,J2s,1.6036894032642683,8
TAG,TAG,T4s,1.616736286854363,8
TAG,TAG,T3s,1.5987831935576868,8
TAG,TAG,97o,1.5746155679660072,8
TAG,TAG,87s,1.6170997097955913,8
TAG,TAG,96o,1.5927867150274204,8
TAG,TAG,T4o,1.5746155679660072,8
TAG,TAG,T5s,1.646028175917361,8
TAG,TAG,T6s,1.598092689969353,8
TAG,TAG,85s,1.6450469339760447,8
TAG,TAG,J3o,1.5927867150274204,8
TAG,TAG,76s,1.6447925379171848,8
TAG,TAG,95s,1.6465733103292035,8
TAG,TAG,T7o,1.6109578620888336,8
TAG,TAG,T2s,1.6223693424434011,8
TAG,TAG,T5o,1.623205215208226,8
TAG,TAG,93s,1.5982380591458445,8
TAG,TAG,95o,1.6235686381494543,8
TAG,TAG,75s,1.6649988534494764,8
TAG,TAG,Q2o,1.6109578620888336,8
TAG,TAG,87o,1.5927867150274204,8
TAG,TAG,86s,1.594749198910053,8
TAG,TAG,94s,1.615900414089538,8
TAG,TAG,85o,1.622187630972787,8
TAG,TAG,92s,1.6220059195021728,8
TAG,TAG,T3o,1.6109578620888336,8
TAG,TAG,86o,1.5927867150274204,8
TAG,TAG,T6o,1.6109578620888336,8
TAG,TAG,93o,1.6109578620888336,8
TAG,TAG,J2o,1.6109578620888336,8
TAG,TAG,65s,1.6436295845052544,8
TAG,TAG,76o,1.6220422617962955,8
TAG,TAG,74s,1.6339625342685828,8
TAG,TAG,73s,1.615900414089538,8
TAG,TAG,83s,1.5795217776725887,8
TAG,TAG,84o,1.556444420904594,8
TAG,TAG,T2o,1.6109578620888336,8
TAG,TAG,84s,1.5970387634397911,8
TAG,TAG,54s,1.6533329770360492,8
TAG,TAG,53s,1.6292380360326153,8
TAG,TAG,75o,1.6417397852108675,8
TAG,TAG,64s,1.6279660557383164,8
TAG,TAG,92o,1.6291290091502468,8
TAG,TAG,82s,1.6093588011474291,8
TAG,TAG,74o,1.5927867150274204,8
TAG,TAG,64o,1.5857726522617148,8
TAG,TAG,43s,1.59831074373409,8
TAG,TAG,82o,1.6109578620888336,8
TAG,TAG,94o,1.5746155679660072,8
TAG,TAG,65o,1.6201888047960313,8
TAG,TAG,73o,1.6291290091502468,8
TAG,TAG,72s,1.6408312278577968,8
TAG,TAG,63s,1.6005276236755823,8
TAG,TAG,53o,1.6628183158021068,8
TAG,TAG,32s,1.6274209213264739,8
TAG,TAG,83o,1.5927867150274204,8
TAG,TAG,62s,1.6544232458597339,8
TAG,TAG,42s,1.6217878657374358,8
TAG,TAG,52s,1.6552591186245589,8
TAG,TAG,62o,1.6404678049165686,8
TAG,TAG,72o,1.64730015621166,8
TAG,TAG,54o,1.6411219662107794,8
TAG,TAG,63o,1.6155369911483097,8
TAG,TAG,32o,1.6109578620888336,8
TAG,TAG,52o,1.6594384824486839,8
TAG,TAG,42o,1.6291290091502468,8
TAG,TAG,43o,1.6109578620888336,8
TAG,LAG,AA,1.9501690180575384,8
TAG,LAG,KK,1.9834300478518374,8
TAG,LAG,QQ,1.740031504240842,8
TAG,LAG,JJ,1.799282548013942,8
TAG,LAG,TT,1.6905267157097912,8
TAG,LAG,99,1.6296255123189893,8
TAG,LAG,88,1.7470446826160737,8
TAG,LAG,AKs,1.823416132422829,8
TAG,LAG,77,1.6699512879765739,8
TAG,LAG,AKo,1.8222816476856591,8
TAG,LAG,AJo,1.7568425053461776,8
TAG,LAG,AQo,1.7509638117081154,8
TAG,LAG,AQs,1.7371952923979168,8
TAG,LAG,A9o,1.6861950467133249,8
TAG,LAG,A7o,1.7861844060484353,8
TAG,LAG,KJs,1.732812055913397,8
TAG,LAG,QJs,1.6807804604677412,8
TAG,LAG,A7s,1.7829872217891385,8
TAG,LAG,A9s,1.7341012431147265,8
TAG,LAG,KTo,1.7789133902329373,8
TAG,LAG,A8o,1.6858340742969524,8
TAG,LAG,AJs,1.7327604884253436,8
TAG,LAG,ATs,1.7377625347665018,8
TAG,LAG,K9s,1.7772632306152358,8
TAG,LAG,55,1.9365036337234467,8
TAG,LAG,66,1.6739219845566686,8
TAG,LAG,KQs,1.7405987466094266,8
TAG,LAG,A8s,1.6875873688907603,8
TAG,LAG,ATo,1.7571003427864436,8
TAG,LAG,A5s,1.8139277146210446,8
TAG,LAG,QTs,1.8308934181905396,8
TAG,LAG,K8s,1.7235299080638251,8
TAG,LAG,KTs,1.774684856212577,8
TAG,LAG,A4s,1.8077911835427165,8
TAG,LAG,KJo,1.832079470415763,8
TAG,LAG,K5s,1.810008585529003,8
TAG,LAG,A6s,1.6868138565699629,8
TAG,LAG,K9o,1.7290991967735683,8
TAG,LAG,A3s,1.685988776761112,8
TAG,LAG,44,1.6945489797779394,8
TAG,LAG,KQo,1.7757677734616935,8
TAG,LAG,K7s,1.8216628378290212,8
TAG,LAG,Q8s,1.6811414328841132,8
TAG,LAG,A5o,1.8132573372763532,8
TAG,LAG,Q5s,1.8004686002391654,8
TAG,LAG,A4o,1.7594208797488364,8
TAG,LAG,Q9o,1.6312756719366908,8
TAG,LAG,QTo,1.775664638485587,8
TAG,LAG,Q9s,1.7437959308687239,8
TAG,LAG,A6o,1.789278455331626,8
TAG,LAG,A2s,1.8375456241493997,8
TAG,LAG,JTs,1.681347702836326,8
TAG,LAG,K4o,1.726933362275335,8
TAG,LAG,K6s,1.7621023891276018,8
TAG,LAG,K8o,1.7256957425620585,8
TAG,LAG,K7o,1.8219206752692871,8
TAG,LAG,J9o,1.6883093137235048,8
TAG,LAG,J8s,1.696714814276173,8
TAG,LAG,JTo,1.6702091254168394,8
TAG,LAG,K4s,1.7579769900833475,8
TAG,LAG,K2s,1.8375971916374527,8
TAG,LAG,K6o,1.7955181213860607,8
TAG,LAG,J9s,1.7301305465346317,8
TAG,LAG,K3s,1.767465407885132,8
TAG,LAG,A3o,1.7254894726098455,8
TAG,LAG,Q6s,1.6815539727885387,8
TAG,LAG,QJo,1.7254894726098455,8
TAG,LAG,33,1.8414131857533875,8
TAG,LAG,Q3s,1.6825853225496021,8
TAG,LAG,J7s,1.7287382243571958,8
TAG,LAG,Q6o,1.6739219845566686,8
TAG,LAG,Q7s,1.7782430128882458,8
TAG,LAG,J5s,1.8173827363206072,8
TAG,LAG,J6s,1.69001104082926,8
TAG,LAG,T9o,1.6325648591380202,8
TAG,LAG,Q7o,1.7201780213403683,8
TAG,LAG,A2o,1.9187128503451003,8
TAG,LAG,K5o,1.85719283709766,8
TAG,LAG,K3o,1.8682282795410399,8
TAG,LAG,Q8o,1.6223544965034913,8
TAG,LAG,T7s,1.7836575991338295,8
TAG,LAG,J8o,1.635349503492892,8
TAG,LAG,97s,1.6902688782695259,8
TAG,LAG,T8s,1.6790787333619863,8
TAG,LAG,Q4s,1.7383813446231398,8
TAG,LAG,J4s,1.6882577462354518,8
TAG,LAG,J3s,1.6299864847353618,8
TAG,LAG,96s,1.6929503876482912,8
TAG,LAG,J7o,1.668507398311085,8
TAG,LAG,Q5o,1.7457039279266908,8
TAG,LAG,J4o,1.5707870084503144,8
TAG,LAG,98s,1.6939817374093544,8
TAG,LAG,T9s,1.7424036086912877,8
TAG,LAG,K2o,1.8446103700126848,8
TAG,LAG,Q4o,1.6223544965034913,8
TAG,LAG,22,1.7770569606630229,8
TAG,LAG,98o,1.6311725369605847,8
TAG,LAG,Q2s,1.7462196028072228,8
TAG,LAG,T8o,1.6223544965034913,8
TAG,LAG,Q3o,1.7254894726098455,8
TAG,LAG,J6o,1.6739219845566686,8
TAG,LAG,J5o,1.757358180226709,8
TAG,LAG,J2s,1.6967148142761728,8
TAG,LAG,T4s,1.7411659889780113,8
TAG,LAG,T3s,1.6808320279557942,8
TAG,LAG,97o,1.6304505921278403,8
TAG,LAG,87s,1.729099196773568,8
TAG,LAG,96o,1.682740025013762,8
TAG,LAG,T4o,1.6223544965034913,8
TAG,LAG,T5s,1.8055222140683767,8
TAG,LAG,T6s,1.6814508378124324,8
TAG,LAG,85s,1.8273868290029236,8
TAG,LAG,J3o,1.6739219845566682,8
TAG,LAG,76s,1.8091835057201524,8
TAG,LAG,95s,1.816918628928129,8
TAG,LAG,T7o,1.7230142331832932,8
TAG,LAG,T2s,1.7470446826160737,8
TAG,LAG,T5o,1.743641228404564,8
TAG,LAG,93s,1.6907329856620041,8
TAG,LAG,95o,1.751788891516966,8
TAG,LAG,75s,1.8500765237463217,8
TAG,LAG,Q2o,1.7254894726098455,8
TAG,LAG,87o,1.6680948584066595,8
TAG,LAG,86s,1.6994994586310446,8
TAG,LAG,94s,1.7484370047935096,8
TAG,LAG,85o,1.7603490945337934,8
TAG,LAG,92s,1.7596271497010494,8
TAG,LAG,T3o,1.7254894726098455,8
TAG,LAG,86o,1.6739219845566686,8
TAG,LAG,T6o,1.7254894726098455,8
TAG,LAG,93o,1.7254894726098455,8
TAG,LAG,J2o,1.7254894726098455,8
TAG,LAG,65s,1.823055160006457,8
TAG,LAG,76o,1.75704877529839,8
TAG,LAG,74s,1.784379543966574,8
TAG,LAG,73s,1.724973797729314,8
TAG,LAG,83s,1.632667994114127,8
TAG,LAG,84o,1.5707870084503144,8
TAG,LAG,T2o,1.7254894726098455,8
TAG,LAG,84s,1.691248660542536,8
TAG,LAG,54s,1.8433727502994088,8
TAG,LAG,53s,1.7799447399940007,8
TAG,LAG,75o,1.790825479973221,8
TAG,LAG,64s,1.7615867142470694,8
TAG,LAG,92o,1.7863391085125948,8
TAG,LAG,82s,1.717651214425763,8
TAG,LAG,74o,1.6668572386933835,8
TAG,LAG,64o,1.6467974858406973,8
TAG,LAG,43s,1.6890828260443027,8
TAG,LAG,82o,1.7254894726098455,8
TAG,LAG,94o,1.6312756719366912,8
TAG,LAG,65o,1.75704877529839,8
TAG,LAG,73o,1.7714361044652263,8
TAG,LAG,72s,1.7938163942803054,8
TAG,LAG,63s,1.6991900537027254,8
TAG,LAG,53o,1.8791605870083132,8
TAG,LAG,32s,1.7807698198028517,8
TAG,LAG,83o,1.6739219845566682,8
TAG,LAG,62s,1.8450229099171103,8
TAG,LAG,42s,1.7486948422337756,8
TAG,LAG,52s,1.8375971916374527,8
TAG,LAG,62o,1.8055222140683762,8
TAG,LAG,72o,1.823158294982563,8
TAG,LAG,54o,1.815938846655118,8
TAG,LAG,63o,1.741887933810756,8
TAG,LAG,32o,1.7254894726098455,8
TAG,LAG,52o,1.849045173985258,8
TAG,LAG,42o,1.7770569606630224,8
TAG,LAG,43o,1.7254894726098455,8
TAG,Loose-passive,AA,2.1376060116629567,8
TAG,Loose-passive,KK,2.1745893447878437,8
TAG,Loose-passive,QQ,1.899522058385724,8
TAG,Loose-passive,JJ,1.9630590650508466,8
TAG,Loose-passive,TT,1.83124974650688,8
TAG,Loose-passive,99,1.7704700061687346,8
TAG,Loose-passive,88,1.9050965316120037,8
TAG,Loose-passive,AKs,1.9843979087987555,8
TAG,Loose-passive,77,1.814106742821762,8
TAG,Loose-passive,AKo,1.9804418310252667,8
TAG,Loose-passive,AJo,1.9179238140896793,8
TAG,Loose-passive,AQo,1.9083333225175854,8
TAG,Loose-passive,AQs,1.8927487737129327,8
TAG,Loose-passive,A9o,1.829391588764787,8
TAG,Loose-passive,A7o,1.9451967744978216,8
TAG,Loose-passive,KJs,1.8898116856689788,8
TAG,Loose-passive,QJs,1.8484526907643235,8
TAG,Loose-passive,A7s,1.9462757047996824,8
TAG,Loose-passive,A9s,1.8907107942538626,8
TAG,Loose-passive,KTo,1.9460359425103797,8
TAG,Loose-passive,A8o,1.8309500436452522,8
TAG,Loose-passive,AJs,1.8831582821408386,8
TAG,Loose-passive,ATs,1.8932282982915374,8
TAG,Loose-passive,K9s,1.9508911288687523,8
TAG,Loose-passive,55,2.118245206801792,8
TAG,Loose-passive,66,1.817463414871995,8
TAG,Loose-passive,KQs,1.8976639006436309,8
TAG,Loose-passive,A8s,1.8332877259659501,8
TAG,Loose-passive,ATo,1.9147469637564232,8
TAG,Loose-passive,A5s,1.9783439109938712,8
TAG,Loose-passive,QTs,2.023838805388992,8
TAG,Loose-passive,K8s,1.8814799461157223,8
TAG,Loose-passive,KTs,1.9444175470575888,8
TAG,Loose-passive,A4s,1.9805017715975926,8
TAG,Loose-passive,KJo,2.006995504565502,8
TAG,Loose-passive,K5s,1.9739682492141033,8
TAG,Loose-passive,A6s,1.8322687362364152,8
TAG,Loose-passive,K9o,1.8934081200085142,8
TAG,Loose-passive,A3s,1.832988023104322,8
TAG,Loose-passive,44,1.851030135374324,8
TAG,Loose-passive,KQo,1.9330887788880529,8
TAG,Loose-passive,K7s,1.997285131848757,8
TAG,Loose-passive,Q8s,1.8468342953115329,8
TAG,Loose-passive,A5o,1.9841581465094533,8
TAG,Loose-passive,Q5s,1.9874548779873606,8
TAG,Loose-passive,A4o,1.92104072385061,8
TAG,Loose-passive,Q9o,1.7690314324329206,8
TAG,Loose-passive,QTo,1.931350502290611,8
TAG,Loose-passive,Q9s,1.9218199512908423,8
TAG,Loose-passive,A6o,1.9522697620322407,8
TAG,Loose-passive,A2s,2.0081343754396883,8
TAG,Loose-passive,JTs,1.8481529879026957,8
TAG,Loose-passive,K4o,1.883997450153397,8
TAG,Loose-passive,K6s,1.9247570393347964,8
TAG,Loose-passive,K8o,1.8824389952729317,8
TAG,Loose-passive,K7o,1.9953070929620125,8
TAG,Loose-passive,J9o,1.8274734904503682,8
TAG,Loose-passive,J8s,1.8679333767701396,8
TAG,Loose-passive,JTo,1.8131476936645528,8
TAG,Loose-passive,K4s,1.9199617935487492,8
TAG,Loose-passive,K2s,2.0123901560748045,8
TAG,Loose-passive,K6o,1.9634786490571254,8
TAG,Loose-passive,J9s,1.9015000972724683,8
TAG,Loose-passive,K3s,1.9240377524668892,8
TAG,Loose-passive,A3o,1.8774039871975823,8
TAG,Loose-passive,Q6s,1.84959156163851,8
TAG,Loose-passive,QJo,1.8774039871975823,8
TAG,Loose-passive,33,2.013109442942712,8
TAG,Loose-passive,Q3s,1.8485126313366493,8
TAG,Loose-passive,J7s,1.9030585521529337,8
TAG,Loose-passive,Q6o,1.817463414871995,8
TAG,Loose-passive,Q7s,1.9630590650508466,8
TAG,Loose-passive,J5s,2.007475029144107,8
TAG,Loose-passive,J6s,1.8618194383929296,8
TAG,Loose-passive,T9o,1.7704700061687346,8
TAG,Loose-passive,Q7o,1.8717695733989772,8
TAG,Loose-passive,A2o,2.0955277298903945,8
TAG,Loose-passive,K5o,2.0346880489799233,8
TAG,Loose-passive,K3o,2.041761036514343,8
TAG,Loose-passive,Q8o,1.7575228425464078,8
TAG,Loose-passive,T7s,1.9679142514092192,8
TAG,Loose-passive,J8o,1.7757447765333865,8
TAG,Loose-passive,97s,1.8654158727324648,8
TAG,Loose-passive,T8s,1.8486325124813003,8
TAG,Loose-passive,Q4s,1.9076140356496782,8
TAG,Loose-passive,J4s,1.8503108485064168,8
TAG,Loose-passive,J3s,1.7915690876273414,8
TAG,Loose-passive,96s,1.863078190411767,8
TAG,Loose-passive,J7o,1.8106901301992038,8
TAG,Loose-passive,Q5o,1.8994621178133984,8
TAG,Loose-passive,J4o,1.7000997742584951,8
TAG,Loose-passive,98s,1.8655956944494416,8
TAG,Loose-passive,T9s,1.92158018900154,8
TAG,Loose-passive,K2o,2.0222204099362013,8
TAG,Loose-passive,Q4o,1.7575228425464078,8
TAG,Loose-passive,22,1.9373445595231695,8
TAG,Loose-passive,98o,1.7738266782189676,8
TAG,Loose-passive,Q2s,1.9048567693227012,8
TAG,Loose-passive,T8o,1.7575228425464078,8
TAG,Loose-passive,Q3o,1.8774039871975823,8
TAG,Loose-passive,J6o,1.817463414871995,8
TAG,Loose-passive,J5o,1.9186431009575864,8
TAG,Loose-passive,J2s,1.8493517993492075,8
TAG,Loose-passive,T4s,1.906654986492469,8
TAG,Loose-passive,T3s,1.8493517993492075,8
TAG,Loose-passive,97o,1.7728676290617582,8
TAG,Loose-passive,87s,1.9017398595617707,8
TAG,Loose-passive,96o,1.832148855091764,8
TAG,Loose-passive,T4o,1.7575228425464078,8
TAG,Loose-passive,T5s,1.9909314311822446,8
TAG,Loose-passive,T6s,1.8461150084436257,8
TAG,Loose-passive,85s,2.0119106314962,8
TAG,Loose-passive,J3o,1.8198610377650186,8
TAG,Loose-passive,76s,1.9993830518801525,8
TAG,Loose-passive,95s,2.0068156828485253,8
TAG,Loose-passive,T7o,1.8738075528580471,8
TAG,Loose-passive,T2s,1.9048567693227012,8
TAG,Loose-passive,T5o,1.9015000972724683,8
TAG,Loose-passive,93s,1.864097180141302,8
TAG,Loose-passive,95o,1.9164852403538652,8
TAG,Loose-passive,75s,2.048714142904111,8
TAG,Loose-passive,Q2o,1.8774039871975823,8
TAG,Loose-passive,87o,1.812548287941297,8
TAG,Loose-passive,86s,1.8648164670092091,8
TAG,Loose-passive,94s,1.9231985844543311,8
TAG,Loose-passive,85o,1.917684051800377,8
TAG,Loose-passive,92s,1.9243973959008427,8
TAG,Loose-passive,T3o,1.8774039871975823,8
TAG,Loose-passive,86o,1.817463414871995,8
TAG,Loose-passive,T6o,1.8774039871975823,8
TAG,Loose-passive,93o,1.8774039871975823,8
TAG,Loose-passive,J2o,1.8814799461157221,8
TAG,Loose-passive,65s,2.0057966931189903,8
TAG,Loose-passive,76o,1.9065351053478177,8
TAG,Loose-passive,74s,1.9659362125224746,8
TAG,Loose-passive,73s,1.9041374824547943,8
TAG,Loose-passive,83s,1.7910895630487367,8
TAG,Loose-passive,84o,1.6975822702208205,8
TAG,Loose-passive,T2o,1.8774039871975823,8
TAG,Loose-passive,84s,1.84959156163851,8
TAG,Loose-passive,54s,2.0326500695208534,8
TAG,Loose-passive,53s,1.9564056615227063,8
TAG,Loose-passive,75o,1.9547273254975899,8
TAG,Loose-passive,64s,1.9422596864538677,8
TAG,Loose-passive,92o,1.9516104157366592,8
TAG,Loose-passive,82s,1.873687671713396,8
TAG,Loose-passive,74o,1.8121886445073434,8
TAG,Loose-passive,64o,1.7877328909985037,8
TAG,Loose-passive,43s,1.851749422242231,8
TAG,Loose-passive,82o,1.8774039871975823,8
TAG,Loose-passive,94o,1.7716088770429208,8
TAG,Loose-passive,65o,1.9180436952343305,8
TAG,Loose-passive,73o,1.9315303240075876,8
TAG,Loose-passive,72s,1.960361739296195,8
TAG,Loose-passive,63s,1.8676936144808371,8
TAG,Loose-passive,53o,2.081201933104579,8
TAG,Loose-passive,32s,1.9386632521143325,8
TAG,Loose-passive,83o,1.817463414871995,8
TAG,Loose-passive,62s,2.021621004212945,8
TAG,Loose-passive,42s,1.9052164127566549,8
TAG,Loose-passive,52s,2.0129895617980607,8
TAG,Loose-passive,62o,1.9701919931575913,8
TAG,Loose-passive,72o,1.9903320254589887,8
TAG,Loose-passive,54o,1.9821801076227088,8
TAG,Loose-passive,63o,1.8962253269078166,8
TAG,Loose-passive,32o,1.8774039871975823,8
TAG,Loose-passive,52o,2.026296368854341,8
TAG,Loose-passive,42o,1.9373445595231695,8
TAG,Loose-passive,43o,1.8774039871975823,8
TAG,Station,AA,3.0646328151112048,8
TAG,Station,KK,3.1535278725788403,8
TAG,Station,QQ,2.51308633312558,8
TAG,Station,JJ,2.5144609989627082,8
TAG,Station,TT,2.3068864575563213,8
TAG,Station,99,2.1264997515953623,8
TAG,Station,88,2.3142180086876727,8
TAG,Station,AKs,2.6343624080900176,8
TAG,Station,77,2.05180957444472,8
TAG,Station,AKo,2.653913211106955,8
TAG,Station,AJo,2.51308633312558,8
TAG,Station,AQo,2.403418547452448,8
TAG,Station,AQs,2.3287283703018056,8
TAG,Station,A9o,2.1741548339491463,8
TAG,Station,A7o,2.4417564502434734,8
TAG,Station,KJs,2.4209837220379775,8
TAG,Station,QJs,2.201189928746005,8
TAG,Station,A7s,2.4403817844063447,8
TAG,Station,A9s,2.328270148356096,8
TAG,Station,KTo,2.54745297905379,8
TAG,Station,A8o,2.2360147966199238,8
TAG,Station,AJs,2.532331654845377,8
TAG,Station,ATs,2.3249098540875597,8
TAG,Station,K9s,2.5534098643480125,8
TAG,Station,55,2.8753871515331957,8
TAG,Station,66,2.0832741480501027,8
TAG,Station,KQs,2.3705793080099364,8
TAG,Station,A8s,2.2277668015971535,8
TAG,Station,ATo,2.4382434153263675,8
TAG,Station,A5s,2.5732661486620896,8
TAG,Station,QTs,2.5873182883305126,8
TAG,Station,K8s,2.301540534856377,8
TAG,Station,KTs,2.46176547520612,8
TAG,Station,A4s,2.5604359341822245,8
TAG,Station,KJo,2.6617029841840156,8
TAG,Station,K5s,2.494757455297201,8
TAG,Station,A6s,2.1824028289719166,8
TAG,Station,K9o,2.417928909066581,8
TAG,Station,A3s,2.1810281631347883,8
TAG,Station,44,2.172780168112018,8
TAG,Station,KQo,2.481010796925917,8
TAG,Station,K7s,2.550355051376616,8
TAG,Station,Q8s,2.1469669985037183,8
TAG,Station,A5o,2.5763209616334857,8
TAG,Station,Q5s,2.5283603979825617,8
TAG,Station,A4o,2.3988363279953537,8
TAG,Station,Q9o,2.037910175424866,8
TAG,Station,QTo,2.442825634783462,8
TAG,Station,Q9s,2.4012801783724704,8
TAG,Station,A6o,2.4894115325972574,8
TAG,Station,A2s,2.63268226095575,8
TAG,Station,JTs,2.1631575072521194,8
TAG,Station,K4o,2.241207978671298,8
TAG,Station,K6s,2.398530846698214,8
TAG,Station,K8o,2.31620363711908,8
TAG,Station,K7o,2.5474529790537894,8
TAG,Station,J9o,2.3100940111762873,8
TAG,Station,J8s,2.1733911307062974,8
TAG,Station,JTo,2.095035177989979,8
TAG,Station,K4s,2.3514867269387087,8
TAG,Station,K2s,2.5584503057508168,8
TAG,Station,K6o,2.4498517046176738,8
TAG,Station,J9s,2.456419552506176,8
TAG,Station,K3s,2.3858533728669187,8
TAG,Station,A3o,2.2360147966199238,8
TAG,Station,Q6s,2.1422320383980535,8
TAG,Station,QJo,2.2430408664541357,8
TAG,Station,33,2.6224486375015723,8
TAG,Station,Q3s,2.1407046319123553,8
TAG,Station,J7s,2.242277163211287,8
TAG,Station,Q6o,2.0832741480501027,8
TAG,Station,Q7s,2.41013913598952,8
TAG,Station,J5s,2.5451618693252422,8
TAG,Station,J6s,2.1631575072521194,8
TAG,Station,T9o,2.0486020208247533,8
TAG,Station,Q7o,2.2004262255031555,8
TAG,Station,A2o,2.889897513147329,8
TAG,Station,K5o,2.6542186924040947,8
TAG,Station,K3o,2.6916401513037007,8
TAG,Station,Q8o,1.9465712675801126,8
TAG,Station,T7s,2.416248761932313,8
TAG,Station,J8o,1.96612207059705,8
TAG,Station,97s,2.254649155745442,8
TAG,Station,T8s,2.149869070826545,8
TAG,Station,Q4s,2.2995549064249694,8
TAG,Station,J4s,2.176140462380554,8
TAG,Station,J3s,2.0093476741423095,8
TAG,Station,96s,2.261064262985375,8
TAG,Station,J7o,2.040659507099123,8
TAG,Station,Q5o,2.310552233121997,8
TAG,Station,J4o,1.8034532798701903,8
TAG,Station,98s,2.2699232206024242,8
TAG,Station,T9s,2.4029603255067387,8
TAG,Station,K2o,2.5923587297333173,8
TAG,Station,Q4o,1.9305334994802814,8
TAG,Station,22,2.3887554451897453,8
TAG,Station,98o,2.056544534550384,8
TAG,Station,Q2s,2.2882520984308026,8
TAG,Station,T8o,1.9363376441259348,8
TAG,Station,Q3o,2.236014796619924,8
TAG,Station,J6o,2.0832741480501027,8
TAG,Station,J5o,2.3363654027302965,8
TAG,Station,J2s,2.147730701746567,8
TAG,Station,T4s,2.3004713503163883,8
TAG,Station,T3s,2.1358169311581214,8
TAG,Station,97o,2.0534897215789876,8
TAG,Station,87s,2.2465539013712417,8
TAG,Station,96o,2.2056194075545297,8
TAG,Station,T4o,1.9305334994802814,8
TAG,Station,T5s,2.5210288468512108,8
TAG,Station,T6s,2.1391772254266574,8
TAG,Station,85s,2.6047307222674725,8
TAG,Station,J3o,2.1025194697699003,8
TAG,Station,76s,2.519195959068372,8
TAG,Station,95s,2.637875443007123,8
TAG,Station,T7o,2.2082159985802168,8
TAG,Station,T2s,2.274505440059519,8
TAG,Station,T5o,2.3178837842533486,8
TAG,Station,93s,2.2664101856853183,8
TAG,Station,95o,2.437632452732088,8
TAG,Station,75s,2.6326822609557494,8
TAG,Station,Q2o,2.236014796619924,8
TAG,Station,87o,2.0484492801761838,8
TAG,Station,86s,2.158117065849315,8
TAG,Station,94s,2.424038535009374,8
TAG,Station,85o,2.3414058441331007,8
TAG,Station,92s,2.391657517512572,8
TAG,Station,T3o,2.236014796619924,8
TAG,Station,86o,2.0896892552900352,8
TAG,Station,T6o,2.236014796619924,8
TAG,Station,93o,2.236014796619924,8
TAG,Station,J2o,2.2595368564996767,8
TAG,Station,65s,2.5405796498681474,8
TAG,Station,76o,2.349653839155871,8
TAG,Station,74s,2.425871422792212,8
TAG,Station,73s,2.254954637042582,8
TAG,Station,83s,2.037757434776296,8
TAG,Station,84o,1.7820695890704152,8
TAG,Station,T2o,2.236014796619924,8
TAG,Station,84s,2.1507855147179633,8
TAG,Station,54s,2.6111458295074046,8
TAG,Station,53s,2.4299954203035967,8
TAG,Station,75o,2.42739882927791,8
TAG,Station,64s,2.389671889081164,8
TAG,Station,92o,2.5056020413456586,8
TAG,Station,82s,2.2115762928487523,8
TAG,Station,74o,2.0437143200705195,8
TAG,Station,64o,2.020039519542197,8
TAG,Station,43s,2.1498690708265444,8
TAG,Station,82o,2.236014796619924,8
TAG,Station,94o,2.0467691330419155,8
TAG,Station,65o,2.3221605224133035,8
TAG,Station,73o,2.3510285049929993,8
TAG,Station,72s,2.3924212207554207,8
TAG,Station,63s,2.1822500883233467,8
TAG,Station,53o,2.7321164231747033,8
TAG,Station,32s,2.4174706871208715,8
TAG,Station,83o,2.0832741480501027,8
TAG,Station,62s,2.596482727244702,8
TAG,Station,42s,2.2815315098937305,8
TAG,Station,52s,2.6022868718903553,8
TAG,Station,62o,2.5005615999428548,8
TAG,Station,72o,2.5066712258856474,8
TAG,Station,54o,2.5201124029597914,8
TAG,Station,63o,2.293445280482177,8
TAG,Station,32o,2.236014796619924,8
TAG,Station,52o,2.619088343233036,8
TAG,Station,42o,2.3887554451897453,8
TAG,Station,43o,2.236014796619924,8
TAG,Maniac,AA,2.5356193907936504,8
TAG,Maniac,KK,2.6391212727521705,8
TAG,Maniac,QQ,2.166459218030864,8
TAG,Maniac,JJ,2.2222069719042095,8
TAG,Maniac,TT,2.0789445876486856,8
TAG,Maniac,99,1.9538495347299125,8
TAG,Maniac,88,2.0812284807310197,8
TAG,Maniac,AKs,2.2961220571143066,8
TAG,Maniac,77,1.9110784460971035,8
TAG,Maniac,AKo,2.2930076574565774,8
TAG,Maniac,AJo,2.202897694026291,8
TAG,Maniac,AQo,2.123480502754207,8
TAG,Maniac,AQs,2.094620399259254,8
TAG,Maniac,A9o,1.9883155576087779,8
TAG,Maniac,A7o,2.1808892697783415,8
TAG,Maniac,KJs,2.1078046911436386,8
TAG,Maniac,QJs,1.992052837198052,8
TAG,Maniac,A7s,2.1764252969355966,8
TAG,Maniac,A9s,2.0909869329919033,8
TAG,Maniac,KTo,2.216704865842222,8
TAG,Maniac,A8o,2.0258959801453718,8
TAG,Maniac,AJs,2.199990921012411,8
TAG,Maniac,ATs,2.0930631994303894,8
TAG,Maniac,K9s,2.220545958753421,8
TAG,Maniac,55,2.4728123310294525,8
TAG,Maniac,66,1.9282076442146119,8
TAG,Maniac,KQs,2.132304635117772,8
TAG,Maniac,A8s,2.020186247439536,8
TAG,Maniac,ATo,2.1604380453592555,8
TAG,Maniac,A5s,2.2684039001605205,8
TAG,Maniac,QTs,2.2720373664278704,8
TAG,Maniac,K8s,2.030256139666192,8
TAG,Maniac,KTs,2.1620990585100444,8
TAG,Maniac,A4s,2.2434887028986896,8
TAG,Maniac,KJo,2.2792004856406463,8
TAG,Maniac,K5s,2.1987451611493194,8
TAG,Maniac,A6s,1.9908070773349609,8
TAG,Maniac,K9o,2.1214042363157213,8
TAG,Maniac,A3s,1.9918452105542037,8
TAG,Maniac,44,1.98426683805373,8
TAG,Maniac,KQo,2.205596840396323,8
TAG,Maniac,K7s,2.195734574813515,8
TAG,Maniac,Q8s,1.9609088406207642,8
TAG,Maniac,A5o,2.2656009404685644,8
TAG,Maniac,Q5s,2.2429696362890685,8
TAG,Maniac,A4o,2.1374953012139866,8
TAG,Maniac,Q9o,1.8972712742811728,8
TAG,Maniac,QTo,2.1818235896756595,8
TAG,Maniac,Q9s,2.1335503949808636,8
TAG,Maniac,A6o,2.198122281217774,8
TAG,Maniac,A2s,2.2983021368747165,8
TAG,Maniac,JTs,1.9665147600046757,8
TAG,Maniac,K4o,1.9940252903146136,8
TAG,Maniac,K6s,2.098565305492377,8
TAG,Maniac,K8o,2.041987045043637,8
TAG,Maniac,K7o,2.200821427587805,8
TAG,Maniac,J9o,2.073234854942849,8
TAG,Maniac,J8s,1.9668261999704488,8
TAG,Maniac,JTo,1.9287267108242334,8
TAG,Maniac,K4s,2.10323690497897,8
TAG,Maniac,K2s,2.201029054231654,8
TAG,Maniac,K6o,2.139052501042851,8
TAG,Maniac,J9s,2.1762176702917477,8
TAG,Maniac,K3s,2.093997519327708,8
TAG,Maniac,A3o,2.032020966138905,8
TAG,Maniac,Q6s,1.9651651868196602,8
TAG,Maniac,QJo,2.032020966138905,8
TAG,Maniac,33,2.296122057114306,8
TAG,Maniac,Q3s,1.961220280586537,8
TAG,Maniac,J7s,2.029944699700419,8
TAG,Maniac,Q6o,1.9282076442146119,8
TAG,Maniac,Q7s,2.1499528998449016,8
TAG,Maniac,J5s,2.2334188106720334,8
TAG,Maniac,J6s,1.9618431605180828,8
TAG,Maniac,T9o,1.9013199938362202,8
TAG,Maniac,Q7o,2.016552781172185,8
TAG,Maniac,A2o,2.4785220637352894,8
TAG,Maniac,K5o,2.2983021368747165,8
TAG,Maniac,K3o,2.299859336703581,8
TAG,Maniac,Q8o,1.8264705887288049,8
TAG,Maniac,T7s,2.140194447584018,8
TAG,Maniac,J8o,1.8390320006816443,8
TAG,Maniac,97s,2.0364849389816495,8
TAG,Maniac,T8s,1.9570677477095653,8
TAG,Maniac,Q4s,2.0702242686070447,8
TAG,Maniac,J4s,1.969421533018556,8
TAG,Maniac,J3s,1.8564726387649255,8
TAG,Maniac,96s,2.025169286891902,8
TAG,Maniac,J7o,1.9047458334597218,8
TAG,Maniac,Q5o,2.091194559635752,8
TAG,Maniac,J4o,1.7222420135168146,8
TAG,Maniac,98s,2.0229892071314914,8
TAG,Maniac,T9s,2.1317855685081506,8
TAG,Maniac,K2o,2.239647609987491,8
TAG,Maniac,Q4o,1.824394322290319,8
TAG,Maniac,22,2.135834288063198,8
TAG,Maniac,98o,1.9000742339731285,8
TAG,Maniac,Q2s,2.059635309770767,8
TAG,Maniac,T8o,1.824394322290319,8
TAG,Maniac,Q3o,2.032020966138905,8
TAG,Maniac,J6o,1.9282076442146119,8
TAG,Maniac,J5o,2.0921288795330706,8
TAG,Maniac,J2s,1.9577944409630357,8
TAG,Maniac,T4s,2.071677655113985,8
TAG,Maniac,T3s,1.9581058809288083,8
TAG,Maniac,97o,1.897375087603097,8
TAG,Maniac,87s,2.036692565625498,8
TAG,Maniac,96o,2.0080400887743934,8
TAG,Maniac,T4o,1.824394322290319,8
TAG,Maniac,T5s,2.218677318958784,8
TAG,Maniac,T6s,1.9605974006549913,8
TAG,Maniac,85s,2.2624865408108352,8
TAG,Maniac,J3o,1.9298686573654007,8
TAG,Maniac,76s,2.2168086791641466,8
TAG,Maniac,95s,2.294253417319669,8
TAG,Maniac,T7o,2.02247014052187,8
TAG,Maniac,T2s,2.054444643674552,8
TAG,Maniac,T5o,2.088080159978023,8
TAG,Maniac,93s,2.033578165967769,8
TAG,Maniac,95o,2.166666844674713,8
TAG,Maniac,75s,2.2991326434501107,8
TAG,Maniac,Q2o,2.032020966138905,8
TAG,Maniac,87o,1.9087945530147692,8
TAG,Maniac,86s,1.9508389483941078,8
TAG,Maniac,94s,2.1469423135090975,8
TAG,Maniac,85o,2.0835123738133543,8
TAG,Maniac,92s,2.133654208302788,8
TAG,Maniac,T3o,2.032020966138905,8
TAG,Maniac,86o,1.9282076442146119,8
TAG,Maniac,T6o,2.032020966138905,8
TAG,Maniac,93o,2.032020966138905,8
TAG,Maniac,J2o,2.0339934192554665,8
TAG,Maniac,65s,2.214524786081812,8
TAG,Maniac,76o,2.107804691143639,8
TAG,Maniac,74s,2.151925352961463,8
TAG,Maniac,73s,2.041675605077864,8
TAG,Maniac,83s,1.8873051953764404,8
TAG,Maniac,84o,1.720581000366026,8
TAG,Maniac,T2o,2.032020966138905,8
TAG,Maniac,84s,1.9651651868196602,8
TAG,Maniac,54s,2.2739060062225076,8
TAG,Maniac,53s,2.1476690067625674,8
TAG,Maniac,75o,2.1643829515923785,8
TAG,Maniac,64s,2.1229614361445854,8
TAG,Maniac,92o,2.2172239324518435,8
TAG,Maniac,82s,2.0108430484663495,8
TAG,Maniac,74o,1.9082754864051477,8
TAG,Maniac,64o,1.8804535161294373,8
TAG,Maniac,43s,1.9651651868196602,8
TAG,Maniac,82o,2.032020966138905,8
TAG,Maniac,94o,1.9050572734254947,8
TAG,Maniac,65o,2.0901564264165087,8
TAG,Maniac,73o,2.1155906902879607,8
TAG,Maniac,72s,2.138637247755154,8
TAG,Maniac,63s,1.9896651307937934,8
TAG,Maniac,53o,2.3517659976657272,8
TAG,Maniac,32s,2.1360419147070466,8
TAG,Maniac,83o,1.928207644214612,8
TAG,Maniac,62s,2.257295874714621,8
TAG,Maniac,42s,2.0608810696338584,8
TAG,Maniac,52s,2.2784737923871763,8
TAG,Maniac,62o,2.2101646265609918,8
TAG,Maniac,72o,2.2175353724176166,8
TAG,Maniac,54o,2.224490864986544,8
TAG,Maniac,63o,2.06067344299001,8
TAG,Maniac,32o,2.032020966138905,8
TAG,Maniac,52o,2.295706803826609,8
TAG,Maniac,42o,2.1358342880631978,8
TAG,Maniac,43o,2.032020966138905,8
LAG,Nit,AA,1.5490657659461546,8
LAG,Nit,KK,1.5647801189558703,8
LAG,Nit,QQ,1.5277397894637337,8
LAG,Nit,JJ,1.5436077617955688,8
LAG,Nit,TT,1.5290048897635384,8
LAG,Nit,99,1.5187033587508438,8
LAG,Nit,88,1.5322760776816045,8
LAG,Nit,AKs,1.5394600400983522,8
LAG,Nit,77,1.527739789463734,8
LAG,Nit,AKo,1.5398666794804323,8
LAG,Nit,AJo,1.5459572337809204,8
LAG,Nit,AQo,1.5367762201766242,8
LAG,Nit,AQs,1.5367762201766237,8
LAG,Nit,A9o,1.527739789463734,8
LAG,Nit,A7o,1.545812650889514,8
LAG,Nit,KJs,1.527739789463734,8
LAG,Nit,QJs,1.5255349003697887,8
LAG,Nit,A7s,1.545812650889514,8
LAG,Nit,A9s,1.5367762201766237,8
LAG,Nit,KTo,1.5406076667988895,8
LAG,Nit,A8o,1.527739789463734,8
LAG,Nit,AJs,1.5372280417122686,8
LAG,Nit,ATs,1.5367762201766242,8
LAG,Nit,K9s,1.5367762201766237,8
LAG,Nit,55,1.5610119273485954,8
LAG,Nit,66,1.5277397894637337,8
LAG,Nit,KQs,1.5367762201766237,8
LAG,Nit,A8s,1.527739789463734,8
LAG,Nit,ATo,1.5379871018921514,8
LAG,Nit,A5s,1.5476922284777954,8
LAG,Nit,QTs,1.5528249211227168,8
LAG,Nit,K8s,1.527739789463734,8
LAG,Nit,KTs,1.5367762201766242,8
LAG,Nit,A4s,1.549354931728967,8
LAG,Nit,KJo,1.545812650889514,8
LAG,Nit,K5s,1.5440415104697878,8
LAG,Nit,A6s,1.527739789463734,8
LAG,Nit,K9o,1.527739789463734,8
LAG,Nit,A3s,1.527739789463734,8
LAG,Nit,44,1.5258602118754525,8
LAG,Nit,KQo,1.540463083907483,8
LAG,Nit,K7s,1.545812650889514,8
LAG,Nit,Q8s,1.52510115169557,8
LAG,Nit,A5o,1.5479633213991821,8
LAG,Nit,Q5s,1.54745728127926,8
LAG,Nit,A4o,1.5402642824317998,8
LAG,Nit,Q9o,1.5187033587508436,8
LAG,Nit,QTo,1.5493368588675411,8
LAG,Nit,Q9s,1.5345532582212529,8
LAG,Nit,A6o,1.545812650889514,8
LAG,Nit,A2s,1.5519032051900021,8
LAG,Nit,JTs,1.5253722446169566,8
LAG,Nit,K4o,1.527739789463734,8
LAG,Nit,K6s,1.5374629889108036,8
LAG,Nit,K8o,1.527739789463734,8
LAG,Nit,K7o,1.545812650889514,8
LAG,Nit,J9o,1.525318026032679,8
LAG,Nit,J8s,1.5216853808860975,8
LAG,Nit,JTo,1.5255349003697887,8
LAG,Nit,K4s,1.5367762201766237,8
LAG,Nit,K2s,1.5504393034145139,8
LAG,Nit,K6o,1.545812650889514,8
LAG,Nit,J9s,1.5358002856596318,8
LAG,Nit,K3s,1.5377340818321903,8
LAG,Nit,A3o,1.5367762201766242,8
LAG,Nit,Q6s,1.52510115169557,8
LAG,Nit,QJo,1.536776220176624,8
LAG,Nit,33,1.5500417004631466,8
LAG,Nit,Q3s,1.5249746416655894,8
LAG,Nit,J7s,1.5342821652998664,8
LAG,Nit,Q6o,1.5277397894637337,8
LAG,Nit,Q7s,1.5440776561926393,8
LAG,Nit,J5s,1.5428848473385377,8
LAG,Nit,J6s,1.5207094463691053,8
LAG,Nit,T9o,1.5187033587508436,8
LAG,Nit,Q7o,1.536776220176624,8
LAG,Nit,A2o,1.5665060772220327,8
LAG,Nit,K5o,1.552806848261291,8
LAG,Nit,K3o,1.5560057447336542,8
LAG,Nit,Q8o,1.5187033587508436,8
LAG,Nit,T7s,1.543445106042737,8
LAG,Nit,J8o,1.5150526407428362,8
LAG,Nit,97s,1.5256614103997692,8
LAG,Nit,T8s,1.525589118954066,8
LAG,Nit,Q4s,1.5348243511426396,8
LAG,Nit,J4s,1.525661410399769,8
LAG,Nit,J3s,1.5158478466455705,8
LAG,Nit,96s,1.525534900369789,8
LAG,Nit,J7o,1.527739789463734,8
LAG,Nit,Q5o,1.5411137069188112,8
LAG,Nit,J4o,1.5096669280379535,8
LAG,Nit,98s,1.5249746416655896,8
LAG,Nit,T9s,1.5342460195770147,8
LAG,Nit,K2o,1.5548490816024043,8
LAG,Nit,Q4o,1.5187033587508436,8
LAG,Nit,22,1.545812650889514,8
LAG,Nit,98o,1.5187033587508438,8
LAG,Nit,Q2s,1.5416739656230103,8
LAG,Nit,T8o,1.5187033587508436,8
LAG,Nit,Q3o,1.536776220176624,8
LAG,Nit,J6o,1.5277397894637337,8
LAG,Nit,J5o,1.5359990871353153,8
LAG,Nit,J2s,1.5328724821086555,8
LAG,Nit,T4s,1.5345713310826787,8
LAG,Nit,T3s,1.5253903174783823,8
LAG,Nit,97o,1.5187033587508438,8
LAG,Nit,87s,1.534408675329847,8
LAG,Nit,96o,1.5277397894637337,8
LAG,Nit,T4o,1.5187033587508436,8
LAG,Nit,T5s,1.5475114998635375,8
LAG,Nit,T6s,1.5257879204297495,8
LAG,Nit,85s,1.543119794537073,8
LAG,Nit,J3o,1.527739789463734,8
LAG,Nit,76s,1.5480356128448851,8
LAG,Nit,95s,1.5481621228748654,8
LAG,Nit,T7o,1.536776220176624,8
LAG,Nit,T2s,1.541457091285901,8
LAG,Nit,T5o,1.5416739656230103,8
LAG,Nit,93s,1.5254626089240857,8
LAG,Nit,95o,1.541131779780237,8
LAG,Nit,75s,1.5568732420820917,8
LAG,Nit,Q2o,1.536776220176624,8
LAG,Nit,87o,1.527739789463734,8
LAG,Nit,86s,1.520420280586293,8
LAG,Nit,94s,1.5344267481912723,8
LAG,Nit,85o,1.5362159614724247,8
LAG,Nit,92s,1.541872767098694,8
LAG,Nit,T3o,1.536776220176624,8
LAG,Nit,86o,1.5277397894637337,8
LAG,Nit,T6o,1.536776220176624,8
LAG,Nit,93o,1.536776220176624,8
LAG,Nit,J2o,1.536776220176624,8
LAG,Nit,65s,1.5420173499901,8
LAG,Nit,76o,1.5410233426116824,8
LAG,Nit,74s,1.543282450289905,8
LAG,Nit,73s,1.5343183110227179,8
LAG,Nit,83s,1.5163358139040666,8
LAG,Nit,84o,1.5096669280379535,8
LAG,Nit,T2o,1.536776220176624,8
LAG,Nit,84s,1.5251553702798473,8
LAG,Nit,54s,1.5523730995870724,8
LAG,Nit,53s,1.5390534007162724,8
LAG,Nit,75o,1.5504754491373653,8
LAG,Nit,64s,1.5395955865590456,8
LAG,Nit,92o,1.5458126508895143,8
LAG,Nit,82s,1.535312318401136,8
LAG,Nit,74o,1.527739789463734,8
LAG,Nit,64o,1.5235468856129528,8
LAG,Nit,43s,1.525498754646937,8
LAG,Nit,82o,1.536776220176624,8
LAG,Nit,94o,1.5187033587508438,8
LAG,Nit,65o,1.5348424240040655,8
LAG,Nit,73o,1.5458126508895143,8
LAG,Nit,72s,1.550692323474475,8
LAG,Nit,63s,1.5243601643771127,8
LAG,Nit,53o,1.5573792822020134,8
LAG,Nit,32s,1.5408606868588501,8
LAG,Nit,83o,1.527739789463734,8
LAG,Nit,62s,1.5543972600667595,8
LAG,Nit,42s,1.5415836013158812,8
LAG,Nit,52s,1.555120174523791,8
LAG,Nit,62o,1.5504754491373653,8
LAG,Nit,72o,1.5548490816024043,8
LAG,Nit,54o,1.5502224290774045,8
LAG,Nit,63o,1.5362340343338505,8
LAG,Nit,32o,1.536776220176624,8
LAG,Nit,52o,1.559295005513146,8
LAG,Nit,42o,1.545812650889514,8
LAG,Nit,43o,1.536776220176624,8
LAG,TAG,AA,1.6659619242437311,8
LAG,TAG,KK,1.6757016590686489,8
LAG,TAG,QQ,1.5963119175573346,8
LAG,TAG,JJ,1.6264396793851577,8
LAG,TAG,TT,1.5908242311447878,8
LAG,TAG,99,1.5746155679660072,8
LAG,TAG,88,1.615718702618924,8
LAG,TAG,AKs,1.6366518640336718,8
LAG,TAG,77,1.5927867150274204,8
LAG,TAG,AKo,1.6394502206811294,8
LAG,TAG,AJo,1.6159730986777836,8
LAG,TAG,AQo,1.6123206981184395,8
LAG,TAG,AQs,1.6109578620888336,8
LAG,TAG,A9o,1.5927867150274204,8
LAG,TAG,A7o,1.6291290091502468,8
LAG,TAG,KJs,1.610231016206377,8
LAG,TAG,QJs,1.5939860107334738,8
LAG,TAG,A7s,1.6291290091502468,8
LAG,TAG,A9s,1.6109578620888336,8
LAG,TAG,KTo,1.628874613091387,8
LAG,TAG,A8o,1.5927867150274204,8
LAG,TAG,AJs,1.5974021863810193,8
LAG,TAG,ATs,1.6109578620888336,8
LAG,TAG,K9s,1.62865655932665,8
LAG,TAG,55,1.6717948624504448,8
LAG,TAG,66,1.5927867150274204,8
LAG,TAG,KQs,1.6209883352667336,8
LAG,TAG,A8s,1.5927867150274204,8
LAG,TAG,ATo,1.6115211676477375,8
LAG,TAG,A5s,1.6398499859164806,8
LAG,TAG,QTs,1.6502438820356091,8
LAG,TAG,K8s,1.6109578620888336,8
LAG,TAG,KTs,1.6281477672089304,8
LAG,TAG,A4s,1.6401407242694632,8
LAG,TAG,KJo,1.6444291149759567,8
LAG,TAG,K5s,1.6286929016207727,8
LAG,TAG,A6s,1.5927867150274204,8
LAG,TAG,K9o,1.6113576273241845,8
LAG,TAG,A3s,1.5927867150274204,8
LAG,TAG,44,1.5975475555575107,8
LAG,TAG,KQo,1.631164177621125,8
LAG,TAG,K7s,1.6463189142703436,8
LAG,TAG,Q8s,1.5963119175573346,8
LAG,TAG,A5o,1.6395955898576207,8
LAG,TAG,Q5s,1.6432661615640263,8
LAG,TAG,A4o,1.6209883352667336,8
LAG,TAG,Q9o,1.5746155679660072,8
LAG,TAG,QTo,1.6310188084446338,8
LAG,TAG,Q9s,1.614446722324625,8
LAG,TAG,A6o,1.6291290091502468,8
LAG,TAG,A2s,1.647518209976397,8
LAG,TAG,JTs,1.5973295017927738,8
LAG,TAG,K4o,1.6103763853828683,8
LAG,TAG,K6s,1.6296014589738435,8
LAG,TAG,K8o,1.6103400430887456,8
LAG,TAG,K7o,1.6473364985057828,8
LAG,TAG,J9o,1.5790129855548691,8
LAG,TAG,J8s,1.5954033602042639,8
LAG,TAG,JTo,1.5904244659094366,8
LAG,TAG,K4s,1.6138652456186597,8
LAG,TAG,K2s,1.6568945218600861,8
LAG,TAG,K6o,1.6446835110348164,8
LAG,TAG,J9s,1.60332598032304,8
LAG,TAG,K3s,1.62865655932665,8
LAG,TAG,A3o,1.6109578620888336,8
LAG,TAG,Q6s,1.5958394677337377,8
LAG,TAG,QJo,1.6109578620888336,8
LAG,TAG,33,1.6484631096235904,8
LAG,TAG,Q3s,1.5961302060867204,8
LAG,TAG,J7s,1.6149555144423446,8
LAG,TAG,Q6o,1.5927867150274204,8
LAG,TAG,Q7s,1.6314549159741079,8
LAG,TAG,J5s,1.6442837457994655,8
LAG,TAG,J6s,1.5940586953217193,8
LAG,TAG,T9o,1.5746155679660072,8
LAG,TAG,Q7o,1.6109578620888336,8
LAG,TAG,A2o,1.6739754000978144,8
LAG,TAG,K5o,1.6478452906235024,8
LAG,TAG,K3o,1.6652169072142133,8
LAG,TAG,Q8o,1.5746155679660072,8
LAG,TAG,T7s,1.635161829974636,8
LAG,TAG,J8o,1.5728347955539888,8
LAG,TAG,97s,1.5968207096750542,8
LAG,TAG,T8s,1.5965299713220715,8
LAG,TAG,Q4s,1.6151372259129586,8
LAG,TAG,J4s,1.5964936290279488,8
LAG,TAG,J3s,1.5787949317901322,8
LAG,TAG,96s,1.5984561129105814,8
LAG,TAG,J7o,1.5927867150274204,8
LAG,TAG,Q5o,1.6226964230905065,8
LAG,TAG,J4o,1.556444420904594,8
LAG,TAG,98s,1.59663899820444,8
LAG,TAG,T9s,1.6165909176778717,8
LAG,TAG,K2o,1.6616190200960534,8
LAG,TAG,Q4o,1.5746155679660072,8
LAG,TAG,22,1.6291290091502468,8
LAG,TAG,98o,1.5746155679660072,8
LAG,TAG,Q2s,1.6212790736197162,8
LAG,TAG,T8o,1.5746155679660072,8
LAG,TAG,Q3o,1.6109578620888336,8
LAG,TAG,J6o,1.5927867150274204,8
LAG,TAG,J5o,1.6223693424434011,8
LAG,TAG,J2s,1.603725745558391,8
LAG,TAG,T4s,1.615500648854187,8
LAG,TAG,T3s,1.597474870969265,8
LAG,TAG,97o,1.5746155679660072,8
LAG,TAG,87s,1.6155369911483097,8
LAG,TAG,96o,1.5927867150274204,8
LAG,TAG,T4o,1.5746155679660072,8
LAG,TAG,T5s,1.6462098873879754,8
LAG,TAG,T6s,1.5979836630869846,8
LAG,TAG,85s,1.6465006257409576,8
LAG,TAG,J3o,1.5927867150274204,8
LAG,TAG,76s,1.6445017995642024,8
LAG,TAG,95s,1.6472638139175373,8
LAG,TAG,T7o,1.6109578620888336,8
LAG,TAG,T2s,1.6213881005020847,8
LAG,TAG,T5o,1.6240410879730511,8
LAG,TAG,93s,1.5979473207928618,8
LAG,TAG,95o,1.6236413227377,8
LAG,TAG,75s,1.664671772802371,8
LAG,TAG,Q2o,1.6109578620888336,8
LAG,TAG,87o,1.5927867150274204,8
LAG,TAG,86s,1.5957304408513693,8
LAG,TAG,94s,1.6175358173250651,8
LAG,TAG,85o,1.6225147116198924,8
LAG,TAG,92s,1.6221149463845412,8
LAG,TAG,T3o,1.6109578620888336,8
LAG,TAG,86o,1.5927867150274204,8
LAG,TAG,T6o,1.6109578620888336,8
LAG,TAG,93o,1.6109578620888336,8
LAG,TAG,J2o,1.6109578620888336,8
LAG,TAG,65s,1.6441020343288513,8
LAG,TAG,76o,1.621097362149102,8
LAG,TAG,74s,1.6345076686804252,8
LAG,TAG,73s,1.6156460180306782,8
LAG,TAG,83s,1.5791946970254833,8
LAG,TAG,84o,1.556444420904594,8
LAG,TAG,T2o,1.6109578620888336,8
LAG,TAG,84s,1.597511213263388,8
LAG,TAG,54s,1.6520609967417503,8
LAG,TAG,53s,1.6274572636205968,8
LAG,TAG,75o,1.6414853891520078,8
LAG,TAG,64s,1.6265123639734034,8
LAG,TAG,92o,1.6291290091502468,8
LAG,TAG,82s,1.6091407473826922,8
LAG,TAG,74o,1.5927867150274204,8
LAG,TAG,64o,1.5859180214382063,8
LAG,TAG,43s,1.5982744014399672,8
LAG,TAG,82o,1.6109578620888336,8
LAG,TAG,94o,1.5746155679660072,8
LAG,TAG,65o,1.6203705162666455,8
LAG,TAG,73o,1.6291290091502468,8
LAG,TAG,72s,1.6407585432695513,8
LAG,TAG,63s,1.6013998387345303,8
LAG,TAG,53o,1.6641266383905287,8
LAG,TAG,32s,1.6266213908557716,8
LAG,TAG,83o,1.5927867150274204,8
LAG,TAG,62s,1.6541325075067512,8
LAG,TAG,42s,1.62196957720805,8
LAG,TAG,52s,1.6556225415657873,8
LAG,TAG,62o,1.6406858586813056,8
LAG,TAG,72o,1.64730015621166,8
LAG,TAG,54o,1.6419941812697272,8
LAG,TAG,63o,1.6126659499126064,8
LAG,TAG,32o,1.6109578620888336,8
LAG,TAG,52o,1.6598019053899122,8
LAG,TAG,42o,1.6291290091502468,8
LAG,TAG,43o,1.6109578620888336,8
LAG,LAG,AA,1.9513035027947083,8
LAG,LAG,KK,1.9835331828279439,8
LAG,LAG,QQ,1.7453429555103188,8
LAG,LAG,JJ,1.7941257992086244,8
LAG,LAG,TT,1.6829978624540276,8
LAG,LAG,99,1.625190708346416,8
LAG,LAG,88,1.7472509525682862,8
LAG,LAG,AKs,1.8288822861564658,8
LAG,LAG,77,1.669384045607989,8
LAG,LAG,AKo,1.8267164516582324,8
LAG,LAG,AJo,1.756326830465646,8
LAG,LAG,AQo,1.7577707201311346,8
LAG,LAG,AQs,1.7362155101249064,8
LAG,LAG,A9o,1.6826368900376556,8
LAG,LAG,A7o,1.7804604148745327,8
LAG,LAG,KJs,1.7565846679059116,8
LAG,LAG,QJs,1.6876905038668668,8
LAG,LAG,A7s,1.78138862965949,8
LAG,LAG,A9s,1.7341012431147265,8
LAG,LAG,KTo,1.7998497903825275,8
LAG,LAG,A8o,1.684751157047836,8
LAG,LAG,AJs,1.7366280500293323,8
LAG,LAG,ATs,1.7366796175173853,8
LAG,LAG,K9s,1.7995403854542085,8
LAG,LAG,55,1.9341315292730004,8
LAG,LAG,66,1.6739219845566686,8
LAG,LAG,KQs,1.7449304156058938,8
LAG,LAG,A8s,1.684287049655357,8
LAG,LAG,ATo,1.7604522295098999,8
LAG,LAG,A5s,1.8097507480887374,8
LAG,LAG,QTs,1.832440442832135,8
LAG,LAG,K8s,1.7452913880222658,8
LAG,LAG,KTs,1.80119054507191,8
LAG,LAG,A4s,1.8073270761502376,8
LAG,LAG,KJo,1.8429602103949834,8
LAG,LAG,K5s,1.8194454358427343,8
LAG,LAG,A6s,1.684287049655357,8
LAG,LAG,K9o,1.7450851180700533,8
LAG,LAG,A3s,1.683719807286772,8
LAG,LAG,44,1.6937238999690885,8
LAG,LAG,KQo,1.7793259301373627,8
LAG,LAG,K7s,1.8412069158011755,8
LAG,LAG,Q8s,1.6815539727885387,8
LAG,LAG,A5o,1.8107820978498008,8
LAG,LAG,Q5s,1.800313897775006,8
LAG,LAG,A4o,1.7562236954895392,8
LAG,LAG,Q9o,1.627769082749075,8
LAG,LAG,QTo,1.773653506451513,8
LAG,LAG,Q9s,1.736628050029332,8
LAG,LAG,A6o,1.7876282957139242,8
LAG,LAG,A2s,1.8343484398901024,8
LAG,LAG,JTs,1.6865044516416439,8
LAG,LAG,K4o,1.7451882530461593,8
LAG,LAG,K6s,1.7701469172638973,8
LAG,LAG,K8o,1.7405471791213736,8
LAG,LAG,K7o,1.8373393541971872,8
LAG,LAG,J9o,1.682997862454028,8
LAG,LAG,J8s,1.6985712438460872,8
LAG,LAG,JTo,1.668868370727457,8
LAG,LAG,K4s,1.774478586260364,8
LAG,LAG,K2s,1.8400724310640055,8
LAG,LAG,K6o,1.797993360812613,8
LAG,LAG,J9s,1.7260051474903775,8
LAG,LAG,K3s,1.7721064818099177,8
LAG,LAG,A3o,1.7254894726098455,8
LAG,LAG,Q6s,1.682791592501815,8
LAG,LAG,QJo,1.7254894726098455,8
LAG,LAG,33,1.8459511247020672,8
LAG,LAG,Q3s,1.6796975432186243,8
LAG,LAG,J7s,1.7246643928009948,8
LAG,LAG,Q6o,1.6739219845566686,8
LAG,LAG,Q7s,1.7806666848267452,8
LAG,LAG,J5s,1.8201673806754788,8
LAG,LAG,J6s,1.6934144950407697,8
LAG,LAG,T9o,1.628645730045979,8
LAG,LAG,Q7o,1.7195592114837304,8
LAG,LAG,A2o,1.9176299330959838,8
LAG,LAG,K5o,1.8732818933702515,8
LAG,LAG,K3o,1.872869353465826,8
LAG,LAG,Q8o,1.6223544965034913,8
LAG,LAG,T7s,1.7851014887993184,8
LAG,LAG,J8o,1.6360714483256364,8
LAG,LAG,97s,1.6885155836757177,8
LAG,LAG,T8s,1.6839260772389848,8
LAG,LAG,Q4s,1.7382782096470333,8
LAG,LAG,J4s,1.6883608812115583,8
LAG,LAG,J3s,1.6303990246397873,8
LAG,LAG,96s,1.688567151163771,8
LAG,LAG,J7o,1.6655164840040007,8
LAG,LAG,Q5o,1.7435380934284574,8
LAG,LAG,J4o,1.5735716528051857,8
LAG,LAG,98s,1.6884124486996117,8
LAG,LAG,T9s,1.7398252342886291,8
LAG,LAG,K2o,1.8528611681011933,8
LAG,LAG,Q4o,1.6223544965034913,8
LAG,LAG,22,1.7770569606630229,8
LAG,LAG,98o,1.628645730045979,8
LAG,LAG,Q2s,1.7429192835718195,8
LAG,LAG,T8o,1.6223544965034913,8
LAG,LAG,Q3o,1.7254894726098455,8
LAG,LAG,J6o,1.6739219845566686,8
LAG,LAG,J5o,1.759111474820517,8
LAG,LAG,J2s,1.693620764992982,8
LAG,LAG,T4s,1.7378656697426078,8
LAG,LAG,T3s,1.6818633777168577,8
LAG,LAG,97o,1.6288004325101384,8
LAG,LAG,87s,1.7294086017018873,8
LAG,LAG,96o,1.6800069481469433,8
LAG,LAG,T4o,1.6223544965034913,8
LAG,LAG,T5s,1.8066566988055466,8
LAG,LAG,T6s,1.6826884575257086,8
LAG,LAG,85s,1.8253241294807967,8
LAG,LAG,J3o,1.676500358959327,8
LAG,LAG,76s,1.81109150277812,8
LAG,LAG,95s,1.8100085855290033,8
LAG,LAG,T7o,1.7234267730877186,8
LAG,LAG,T2s,1.7414753939063305,8
LAG,LAG,T5o,1.7435380934284574,8
LAG,LAG,93s,1.6903720132456324,8
LAG,LAG,95o,1.7479213299129777,8
LAG,LAG,75s,1.850489063650747,8
LAG,LAG,Q2o,1.7254894726098455,8
LAG,LAG,87o,1.666754103717277,8
LAG,LAG,86s,1.7021809680098097,8
LAG,LAG,94s,1.743280255988192,8
LAG,LAG,85o,1.7615867142470698,8
LAG,LAG,92s,1.7520467289572323,8
LAG,LAG,T3o,1.7254894726098455,8
LAG,LAG,86o,1.6739219845566686,8
LAG,LAG,T6o,1.7254894726098455,8
LAG,LAG,93o,1.7254894726098455,8
LAG,LAG,J2o,1.7281709819886109,8
LAG,LAG,65s,1.818414086081671,8
LAG,LAG,76o,1.7533359161585613,8
LAG,LAG,74s,1.7829356543010852,8
LAG,LAG,73s,1.7327089209372906,8
LAG,LAG,83s,1.6319460492813826,8
LAG,LAG,84o,1.5707870084503144,8
LAG,LAG,T2o,1.7254894726098455,8
LAG,LAG,84s,1.6867107215938564,8
LAG,LAG,54s,1.8428570754188769,8
LAG,LAG,53s,1.7748911261647893,8
LAG,LAG,75o,1.791702127270125,8
LAG,LAG,64s,1.7582863950116663,8
LAG,LAG,92o,1.7819043045400216,8
LAG,LAG,82s,1.7157947848558486,8
LAG,LAG,74o,1.66907464067967,8
LAG,LAG,64o,1.6469006208168033,8
LAG,LAG,43s,1.6887734211159835,8
LAG,LAG,82o,1.7254894726098455,8
LAG,LAG,94o,1.627459677820756,8
LAG,LAG,65o,1.7580801250594535,8
LAG,LAG,73o,1.7715908069293858,8
LAG,LAG,72s,1.791908397222338,8
LAG,LAG,63s,1.7026966428903414,8
LAG,LAG,53o,1.8787480471038878,8
LAG,LAG,32s,1.77685069071081,8
LAG,LAG,83o,1.6739219845566682,8
LAG,LAG,62s,1.8445072350365783,8
LAG,LAG,42s,1.7438474983567769,8
LAG,LAG,52s,1.8348125472825814,8
LAG,LAG,62o,1.808925668279886,8
LAG,LAG,72o,1.8227457550781376,8
LAG,LAG,54o,1.8184140860816709,8
LAG,LAG,63o,1.7437443633806704,8
LAG,LAG,32o,1.7254894726098455,8
LAG,LAG,52o,1.8481169592003006,8
LAG,LAG,42o,1.7770569606630224,8
LAG,LAG,43o,1.7254894726098455,8
LAG,Loose-passive,AA,2.1398238128390035,8
LAG,Loose-passive,KK,2.1708730293036576,8
LAG,Loose-passive,QQ,1.906055580769213,8
LAG,Loose-passive,JJ,1.9601219770068927,8
LAG,Loose-passive,TT,1.8317892116578103,8
LAG,Loose-passive,99,1.7630973157726875,8
LAG,Loose-passive,88,1.9100116585427018,8
LAG,Loose-passive,AKs,1.9956067958236403,8
LAG,Loose-passive,77,1.8136272182431576,8
LAG,Loose-passive,AKo,1.986076244823872,8
LAG,Loose-passive,AJo,1.9064152242031664,8
LAG,Loose-passive,AQo,1.9075540950773526,8
LAG,Loose-passive,AQs,1.8899915073859557,8
LAG,Loose-passive,A9o,1.8277132527396704,8
LAG,Loose-passive,A7o,1.9427392110324724,8
LAG,Loose-passive,KJs,1.9119297568571207,8
LAG,Loose-passive,QJs,1.8681731390594418,8
LAG,Loose-passive,A7s,1.9463955859443332,8
LAG,Loose-passive,A9s,1.8862751919017693,8
LAG,Loose-passive,KTo,1.946994991667589,8
LAG,Loose-passive,A8o,1.827773193311996,8
LAG,Loose-passive,AJs,1.8937677634424677,8
LAG,Loose-passive,ATs,1.8880134684992111,8
LAG,Loose-passive,K9s,1.954127919774334,8
LAG,Loose-passive,55,2.122321165719932,8
LAG,Loose-passive,66,1.817463414871995,8
LAG,Loose-passive,KQs,1.9042573635994453,8
LAG,Loose-passive,A8s,1.8285524207522286,8
LAG,Loose-passive,ATo,1.909232431102469,8
LAG,Loose-passive,A5s,1.9742679520757314,8
LAG,Loose-passive,QTs,2.02413850825062,8
LAG,Loose-passive,K8s,1.8949066343166538,8
LAG,Loose-passive,KTs,1.9496923174222405,8
LAG,Loose-passive,A4s,1.9694727062896844,8
LAG,Loose-passive,KJo,2.011191344628293,8
LAG,Loose-passive,K5s,1.974327892648057,8
LAG,Loose-passive,A6s,1.8297512321987404,8
LAG,Loose-passive,K9o,1.8989825932347937,8
LAG,Loose-passive,A3s,1.8280728961736241,8
LAG,Loose-passive,44,1.8529482336887426,8
LAG,Loose-passive,KQo,1.94453742820224,8
LAG,Loose-passive,K7s,2.008553959445967,8
LAG,Loose-passive,Q8s,1.8512698976636264,8
LAG,Loose-passive,A5o,1.9748074172266616,8
LAG,Loose-passive,Q5s,1.9893729763017793,8
LAG,Loose-passive,A4o,1.9134282711652604,8
LAG,Loose-passive,Q9o,1.7661542849612923,8
LAG,Loose-passive,QTo,1.9339279469006112,8
LAG,Loose-passive,Q9s,1.9141475580331673,8
LAG,Loose-passive,A6o,1.9480739219694496,8
LAG,Loose-passive,A2s,1.998843586729222,8
LAG,Loose-passive,JTs,1.857863360619441,8
LAG,Loose-passive,K4o,1.8890324582287463,8
LAG,Loose-passive,K6s,1.933388481749681,8
LAG,Loose-passive,K8o,1.891669843411072,8
LAG,Loose-passive,K7o,2.0003421010373614,8
LAG,Loose-passive,J9o,1.830530459638973,8
LAG,Loose-passive,J8s,1.8718894545436284,8
LAG,Loose-passive,JTo,1.8198610377650186,8
LAG,Loose-passive,K4s,1.9190027443915398,8
LAG,Loose-passive,K2s,2.0135889675213168,8
LAG,Loose-passive,K6o,1.9656365096608466,8
LAG,Loose-passive,J9s,1.8968846732033984,8
LAG,Loose-passive,K3s,1.936265629221309,8
LAG,Loose-passive,A3o,1.8774039871975823,8
LAG,Loose-passive,Q6s,1.8506704919403705,8
LAG,Loose-passive,QJo,1.8774039871975823,8
LAG,Loose-passive,33,2.012749799508758,8
LAG,Loose-passive,Q3s,1.849711442783161,8
LAG,Loose-passive,J7s,1.9042573635994455,8
LAG,Loose-passive,Q6o,1.817463414871995,8
LAG,Loose-passive,Q7s,1.9641979359250328,8
LAG,Loose-passive,J5s,2.0198227870431777,8
LAG,Loose-passive,J6s,1.8666146841789768,8
LAG,Loose-passive,T9o,1.7646557706531527,8
LAG,Loose-passive,Q7o,1.872668681983861,8
LAG,Loose-passive,A2o,2.0972660064878363,8
LAG,Loose-passive,K5o,2.0373254341622493,8
LAG,Loose-passive,K3o,2.0532696264008554,8
LAG,Loose-passive,Q8o,1.7575228425464078,8
LAG,Loose-passive,T7s,1.9675546079752655,8
LAG,Loose-passive,J8o,1.7774231125585027,8
LAG,Loose-passive,97s,1.8561850245943246,8
LAG,Loose-passive,T8s,1.8493517993492075,8
LAG,Loose-passive,Q4s,1.908093560228283,8
LAG,Loose-passive,J4s,1.8700912373738607,8
LAG,Loose-passive,J3s,1.804396370105017,8
LAG,Loose-passive,96s,1.8538473422736266,8
LAG,Loose-passive,J7o,1.8133275153815296,8
LAG,Loose-passive,Q5o,1.8969446137757238,8
LAG,Loose-passive,J4o,1.7153246796291943,8
LAG,Loose-passive,98s,1.8561850245943246,8
LAG,Loose-passive,T9s,1.913188508875958,8
LAG,Loose-passive,K2o,2.0254572008417826,8
LAG,Loose-passive,Q4o,1.7575228425464078,8
LAG,Loose-passive,22,1.9373445595231695,8
LAG,Loose-passive,98o,1.764176246074548,8
LAG,Loose-passive,Q2s,1.900421166970608,8
LAG,Loose-passive,T8o,1.7575228425464078,8
LAG,Loose-passive,Q3o,1.8774039871975823,8
LAG,Loose-passive,J6o,1.817463414871995,8
LAG,Loose-passive,J5o,1.9219997730078193,8
LAG,Loose-passive,J2s,1.858103122908743,8
LAG,Loose-passive,T4s,1.9044971258887478,8
LAG,Loose-passive,T3s,1.849711442783161,8
LAG,Loose-passive,97o,1.7642961272191993,8
LAG,Loose-passive,87s,1.9078537979389807,8
LAG,Loose-passive,96o,1.8234574721045538,8
LAG,Loose-passive,T4o,1.7575228425464078,8
LAG,Loose-passive,T5s,1.9899723820250352,8
LAG,Loose-passive,T6s,1.8473138198901375,8
LAG,Loose-passive,85s,2.0153871846910842,8
LAG,Loose-passive,J3o,1.8334076071106011,8
LAG,Loose-passive,76s,2.0016008530561993,8
LAG,Loose-passive,95s,1.9966257855531755,8
LAG,Loose-passive,T7o,1.87308826599014,8
LAG,Loose-passive,T2s,1.9013802161278173,8
LAG,Loose-passive,T5o,1.8980235440775843,8
LAG,Loose-passive,93s,1.8578633606194408,8
LAG,Loose-passive,95o,1.906654986492469,8
LAG,Loose-passive,75s,2.050152716639925,8
LAG,Loose-passive,Q2o,1.8774039871975823,8
LAG,Loose-passive,87o,1.813687158815483,8
LAG,Loose-passive,86s,1.870930405386419,8
LAG,Loose-passive,94s,1.9152864289073535,8
LAG,Loose-passive,85o,1.9231985844543311,8
LAG,Loose-passive,92s,1.9059356996245618,8
LAG,Loose-passive,T3o,1.8774039871975823,8
LAG,Loose-passive,86o,1.817463414871995,8
LAG,Loose-passive,T6o,1.8774039871975823,8
LAG,Loose-passive,93o,1.8774039871975823,8
LAG,Loose-passive,J2o,1.8944271097380492,8
LAG,Loose-passive,65s,2.010232295471084,8
LAG,Loose-passive,76o,1.910131539687353,8
LAG,Loose-passive,74s,1.9709112800254984,8
LAG,Loose-passive,73s,1.907374273360376,8
LAG,Loose-passive,83s,1.7877328909985037,8
LAG,Loose-passive,84o,1.6975822702208205,8
LAG,Loose-passive,T2o,1.8774039871975823,8
LAG,Loose-passive,84s,1.8479132256133934,8
LAG,Loose-passive,54s,2.0273752991562017,8
LAG,Loose-passive,53s,1.9558062557994504,8
LAG,Loose-passive,75o,1.9547273254975899,8
LAG,Loose-passive,64s,1.934707174340844,8
LAG,Loose-passive,92o,1.9442976659129376,8
LAG,Loose-passive,82s,1.8685327824933955,8
LAG,Loose-passive,74o,1.8144663862557158,8
LAG,Loose-passive,64o,1.784376218948271,8
LAG,Loose-passive,43s,1.851869303386882,8
LAG,Loose-passive,82o,1.8774039871975823,8
LAG,Loose-passive,94o,1.7638166026405944,8
LAG,Loose-passive,65o,1.9199617935487494,8
LAG,Loose-passive,73o,1.934227649762239,8
LAG,Loose-passive,72s,1.958323759837125,8
LAG,Loose-passive,63s,1.870211118518512,8
LAG,Loose-passive,53o,2.074968113582718,8
LAG,Loose-passive,32s,1.9379439652464254,8
LAG,Loose-passive,83o,1.817463414871995,8
LAG,Loose-passive,62s,2.011670869206898,8
LAG,Loose-passive,42s,1.903298314442236,8
LAG,Loose-passive,52s,2.0121503937855025,8
LAG,Loose-passive,62o,1.9730691406292196,8
LAG,Loose-passive,72o,1.9936886975092216,8
LAG,Loose-passive,54o,1.9837385625031743,8
LAG,Loose-passive,63o,1.8932282982915374,8
LAG,Loose-passive,32o,1.8774039871975823,8
LAG,Loose-passive,52o,2.0201824304771314,8
LAG,Loose-passive,42o,1.9373445595231695,8
LAG,Loose-passive,43o,1.8774039871975823,8
LAG,Station,AA,3.054093710359887,8
LAG,Station,KK,3.151694984796002,8
LAG,Station,QQ,2.5014780438342736,8
LAG,Station,JJ,2.504838338102809,8
LAG,Station,TT,2.327659185761817,8
LAG,Station,99,2.139788188020937,8
LAG,Station,88,2.3108577144191367,8
LAG,Station,AKs,2.65834268991548,8
LAG,Station,77,2.057766459738943,8
LAG,Station,AKo,2.6467344006241733,8
LAG,Station,AJo,2.5081986323713457,8
LAG,Station,AQo,2.4211364626865475,8
LAG,Station,AQs,2.33361607105604,8
LAG,Station,A9o,2.1810281631347883,8
LAG,Station,A7o,2.4526010362919304,8
LAG,Station,KJs,2.4553503679661874,8
LAG,Station,QJs,2.221809916302931,8
LAG,Station,A7s,2.4506154078605227,8
LAG,Station,A9s,2.328270148356096,8
LAG,Station,KTo,2.573724370607799,8
LAG,Station,A8o,2.245179235534113,8
LAG,Station,AJs,2.5518824578623143,8
LAG,Station,ATs,2.334837996244598,8
LAG,Station,K9s,2.573266148662089,8
LAG,Station,55,2.867750119104705,8
LAG,Station,66,2.0832741480501027,8
LAG,Station,KQs,2.3788273030327067,8
LAG,Station,A8s,2.2256284325171762,8
LAG,Station,ATo,2.4356468243006804,8
LAG,Station,A5s,2.5688366698535647,8
LAG,Station,QTs,2.5943443581647245,8
LAG,Station,K8s,2.3345325149474587,8
LAG,Station,KTs,2.474442949037415,8
LAG,Station,A4s,2.5584503057508168,8
LAG,Station,KJo,2.681712009146662,8
LAG,Station,K5s,2.5141555176655688,8
LAG,Station,A6s,2.1842357167547544,8
LAG,Station,K9o,2.4246494976036534,8
LAG,Station,A3s,2.1831665322147655,8
LAG,Station,44,2.1645321730892477,8
LAG,Station,KQo,2.485593016383012,8
LAG,Station,K7s,2.5641017097479,8
LAG,Station,Q8s,2.142995741640903,8
LAG,Station,A5o,2.5660873381793077,8
LAG,Station,Q5s,2.5011725625371337,8
LAG,Station,A4o,2.3989890686439233,8
LAG,Station,Q9o,2.049518464716172,8
LAG,Station,QTo,2.4434365973777417,8
LAG,Station,Q9s,2.411361061178079,8
LAG,Station,A6o,2.48727316351728,8
LAG,Station,A2s,2.6253507098243984,8
LAG,Station,JTs,2.170489058383471,8
LAG,Station,K4o,2.2459429387769623,8
LAG,Station,K6s,2.3930321833497,8
LAG,Station,K8o,2.34186406607881,8
LAG,Station,K7o,2.557381121210828,8
LAG,Station,J9o,2.301693275504947,8
LAG,Station,J8s,2.155978696769338,8
LAG,Station,JTo,2.1162661281411843,8
LAG,Station,K4s,2.365691607255702,8
LAG,Station,K2s,2.550355051376616,8
LAG,Station,K6o,2.4448112632148695,8
LAG,Station,J9s,2.4527537769405,8
LAG,Station,K3s,2.3693573828213776,8
LAG,Station,A3o,2.2360147966199238,8
LAG,Station,Q6s,2.141926557100914,8
LAG,Station,QJo,2.242124422562717,8
LAG,Station,33,2.6264198943643877,8
LAG,Station,Q3s,2.13703885634668,8
LAG,Station,J7s,2.2477758265598005,8
LAG,Station,Q6o,2.0832741480501027,8
LAG,Station,Q7s,2.4133466896094866,8
LAG,Station,J5s,2.5288186199282716,8
LAG,Station,J6s,2.1492581082322655,8
LAG,Station,T9o,2.0476855769333344,8
LAG,Station,Q7o,2.2039392604202614,8
LAG,Station,A2o,2.879511149044581,8
LAG,Station,K5o,2.6621612061297255,8
LAG,Station,K3o,2.685377784712338,8
LAG,Station,Q8o,1.9430582326630068,8
LAG,Station,T7s,2.425107719549363,8
LAG,Station,J8o,1.9705515494055748,8
LAG,Station,97s,2.2528162679626043,8
LAG,Station,T8s,2.146203295260869,8
LAG,Station,Q4s,2.301693275504947,8
LAG,Station,J4s,2.185610382591883,8
LAG,Station,J3s,2.01759566916508,8
LAG,Station,96s,2.2477758265598,8
LAG,Station,J7o,2.0418814322876813,8
LAG,Station,Q5o,2.2845863228651275,8
LAG,Station,J4o,1.8153670504586363,8
LAG,Station,98s,2.2603005597425256,8
LAG,Station,T9s,2.4049459539381464,8
LAG,Station,K2o,2.583957994061977,8
LAG,Station,Q4o,1.9305334994802814,8
LAG,Station,22,2.3887554451897453,8
LAG,Station,98o,2.066014454761713,8
LAG,Station,Q2s,2.2748109213566585,8
LAG,Station,T8o,1.9332828311545383,8
LAG,Station,Q3o,2.236014796619924,8
LAG,Station,J6o,2.0832741480501027,8
LAG,Station,J5o,2.3035261632877853,8
LAG,Station,J2s,2.1617828414149907,8
LAG,Station,T4s,2.3010823129106677,8
LAG,Station,T3s,2.131540192998166,8
LAG,Station,97o,2.064487048276015,8
LAG,Station,87s,2.254954637042582,8
LAG,Station,96o,2.2042447417174014,8
LAG,Station,T4o,1.9305334994802814,8
LAG,Station,T5s,2.5008670812399942,8
LAG,Station,T6s,2.1263470109467923,8
LAG,Station,85s,2.573266148662089,8
LAG,Station,J3o,2.125125085758234,8
LAG,Station,76s,2.509573298208474,8
LAG,Station,95s,2.621532193610153,8
LAG,Station,T7o,2.2179914000886853,8
LAG,Station,T2s,2.2738944774652396,8
LAG,Station,T5o,2.297722018642132,8
LAG,Station,93s,2.252510786665465,8
LAG,Station,95o,2.4185398716608604,8
LAG,Station,75s,2.62367056269013,8
LAG,Station,Q2o,2.236014796619924,8
LAG,Station,87o,2.052420537038999,8
LAG,Station,86s,2.141010113209495,8
LAG,Station,94s,2.420372759443698,8
LAG,Station,85o,2.3084138640420195,8
LAG,Station,92s,2.4107500985837995,8
LAG,Station,T3o,2.236014796619924,8
LAG,Station,86o,2.08571799842722,8
LAG,Station,T6o,2.236014796619924,8
LAG,Station,93o,2.236014796619924,8
LAG,Station,J2o,2.2696177393052848,8
LAG,Station,65s,2.51308633312558,8
LAG,Station,76o,2.3490428765615916,8
LAG,Station,74s,2.4173179464723016,8
LAG,Station,73s,2.253732711854023,8
LAG,Station,83s,2.044783504610508,8
LAG,Station,84o,1.7811531451789964,8
LAG,Station,T2o,2.236014796619924,8
LAG,Station,84s,2.149869070826545,8
LAG,Station,54s,2.617560936747337,8
LAG,Station,53s,2.432744751977854,8
LAG,Station,75o,2.4131939489609167,8
LAG,Station,64s,2.3832567818412316,8
LAG,Station,92o,2.515224702205557,8
LAG,Station,82s,2.204550223014541,8
LAG,Station,74o,2.049823946013312,8
LAG,Station,64o,2.029203958456386,8
LAG,Station,43s,2.142843000992333,8
LAG,Station,82o,2.236014796619924,8
LAG,Station,94o,2.0467691330419155,8
LAG,Station,65o,2.29955490642497,8
LAG,Station,73o,2.353319614721547,8
LAG,Station,72s,2.394254108538259,8
LAG,Station,63s,2.190803564643257,8
LAG,Station,53o,2.7321164231747033,8
LAG,Station,32s,2.4098336546923806,8
LAG,Station,83o,2.0832741480501027,8
LAG,Station,62s,2.5824305875762787,8
LAG,Station,42s,2.2919178739964785,8
LAG,Station,52s,2.5772374055249045,8
LAG,Station,62o,2.4959793804857604,8
LAG,Station,72o,2.5123226298827306,8
LAG,Station,54o,2.515530183502697,8
LAG,Station,63o,2.289474023619362,8
LAG,Station,32o,2.236014796619924,8
LAG,Station,52o,2.6178664180444775,8
LAG,Station,42o,2.3887554451897453,8
LAG,Station,43o,2.236014796619924,8
LAG,Maniac,AA,2.5220198456215677,8
LAG,Maniac,KK,2.6096382893256713,8
LAG,Maniac,QQ,2.152755859536857,8
LAG,Maniac,JJ,2.210268439882916,8
LAG,Maniac,TT,2.071366215148212,8
LAG,Maniac,99,1.9424300693182401,8
LAG,Maniac,88,2.073131041620925,8
LAG,Maniac,AKs,2.2811729387572086,8
LAG,Maniac,77,1.9054725267131918,8
LAG,Maniac,AKo,2.293422910744275,8
LAG,Maniac,AJo,2.1929316151215588,8
LAG,Maniac,AQo,2.126594902411936,8
LAG,Maniac,AQs,2.093686079361935,8
LAG,Maniac,A9o,1.9828134515467903,8
LAG,Maniac,A7o,2.1698850576543665,8
LAG,Maniac,KJs,2.088391599943796,8
LAG,Maniac,QJs,1.9785571053478939,8
LAG,Maniac,A7s,2.1694698043666687,8
LAG,Maniac,A9s,2.0905716797042064,8
LAG,Maniac,KTo,2.1994718544027894,8
LAG,Maniac,A8o,2.027764619940009,8
LAG,Maniac,AJs,2.1899210287857542,8
LAG,Maniac,ATs,2.091817439567298,8
LAG,Maniac,K9s,2.2059082803620957,8
LAG,Maniac,55,2.4688674247963296,8
LAG,Maniac,66,1.9282076442146119,8
LAG,Maniac,KQs,2.109984770904049,8
LAG,Maniac,A8s,2.0168642211379586,8
LAG,Maniac,ATo,2.160853298646953,8
LAG,Maniac,A5s,2.2592683278311823,8
LAG,Maniac,QTs,2.271933553105946,8
LAG,Maniac,K8s,2.039495525317454,8
LAG,Maniac,KTs,2.150368153132599,8
LAG,Maniac,A4s,2.241931503069826,8
LAG,Maniac,KJo,2.2698572866674604,8
LAG,Maniac,K5s,2.1930354284434834,8
LAG,Maniac,A6s,1.990495637369188,8
LAG,Maniac,K9o,2.1046902914859102,8
LAG,Maniac,A3s,1.9907032640130364,8
LAG,Maniac,44,1.9786609186698183,8
LAG,Maniac,KQo,2.184626549367616,8
LAG,Maniac,K7s,2.194696441594272,8
LAG,Maniac,Q8s,1.9648537468538874,8
LAG,Maniac,A5o,2.2545967283445894,8
LAG,Maniac,Q5s,2.2233489184453767,8
LAG,Maniac,A4o,2.1425821539882772,8
LAG,Maniac,Q9o,1.8907310349999424,8
LAG,Maniac,QTo,2.1761138569698235,8
LAG,Maniac,Q9s,2.1260758358023146,8
LAG,Maniac,A6o,2.1980184678958494,8
LAG,Maniac,A2s,2.300170776669354,8
LAG,Maniac,JTs,1.9592478274699754,8
LAG,Maniac,K4o,1.996932063328494,8
LAG,Maniac,K6s,2.115279250322188,8
LAG,Maniac,K8o,2.035654432406255,8
LAG,Maniac,K7o,2.193554495053105,8
LAG,Maniac,J9o,2.0715738417920604,8
LAG,Maniac,J8s,1.9708749195254962,8
LAG,Maniac,JTo,1.922497911508776,8
LAG,Maniac,K4s,2.1026140250474246,8
LAG,Maniac,K2s,2.214836226047585,8
LAG,Maniac,K6o,2.150783406420296,8
LAG,Maniac,J9s,2.174764283784808,8
LAG,Maniac,K3s,2.097527172273134,8
LAG,Maniac,A3o,2.032020966138905,8
LAG,Maniac,Q6s,1.9676567065458432,8
LAG,Maniac,QJo,2.032020966138905,8
LAG,Maniac,33,2.2894780045111514,8
LAG,Maniac,Q3s,1.965788066751206,8
LAG,Maniac,J7s,2.0262074201111444,8
LAG,Maniac,Q6o,1.9282076442146119,8
LAG,Maniac,Q7s,2.151406286351842,8
LAG,Maniac,J5s,2.2114103864240833,8
LAG,Maniac,J6s,1.952707588188745,8
LAG,Maniac,T9o,1.8970636476373242,8
LAG,Maniac,Q7o,2.0084553420620903,8
LAG,Maniac,A2o,2.46814073154286,8
LAG,Maniac,K5o,2.2965373104020035,8
LAG,Maniac,K3o,2.306918642594433,8
LAG,Maniac,Q8o,1.826159148763032,8
LAG,Maniac,T7s,2.150368153132599,8
LAG,Maniac,J8o,1.8263667754068804,8
LAG,Maniac,97s,2.0230930204534157,8
LAG,Maniac,T8s,1.952707588188745,8
LAG,Maniac,Q4s,2.0768683212101995,8
LAG,Maniac,J4s,1.973677879217452,8
LAG,Maniac,J3s,1.8592755984568814,8
LAG,Maniac,96s,2.0296332597346463,8
LAG,Maniac,J7o,1.8987246607881128,8
LAG,Maniac,Q5o,2.086626773471083,8
LAG,Maniac,J4o,1.720581000366026,8
LAG,Maniac,98s,2.022158700556097,8
LAG,Maniac,T9s,2.136145728028971,8
LAG,Maniac,K2o,2.244423022796008,8
LAG,Maniac,Q4o,1.824394322290319,8
LAG,Maniac,22,2.135834288063198,8
LAG,Maniac,98o,1.898101780856567,8
LAG,Maniac,Q2s,2.0542370170307036,8
LAG,Maniac,T8o,1.824394322290319,8
LAG,Maniac,Q3o,2.032020966138905,8
LAG,Maniac,J6o,1.9282076442146119,8
LAG,Maniac,J5o,2.073546294908622,8
LAG,Maniac,J2s,1.9543686013395338,8
LAG,Maniac,T4s,2.0752073080594107,8
LAG,Maniac,T3s,1.9510465750379562,8
LAG,Maniac,97o,1.8964407677057782,8
LAG,Maniac,87s,2.0272455533303875,8
LAG,Maniac,96o,2.000150276308147,8
LAG,Maniac,T4o,1.824394322290319,8
LAG,Maniac,T5s,2.212448519643326,8
LAG,Maniac,T6s,1.9583135075726568,8
LAG,Maniac,85s,2.2504441954676175,8
LAG,Maniac,J3o,1.928207644214612,8
LAG,Maniac,76s,2.2049739604647773,8
LAG,Maniac,95s,2.279615738928344,8
LAG,Maniac,T7o,2.0201862474395353,8
LAG,Maniac,T2s,2.0517454973045206,8
LAG,Maniac,T5o,2.0776988277855937,8
LAG,Maniac,93s,2.0372116322351195,8
LAG,Maniac,95o,2.149641459879129,8
LAG,Maniac,75s,2.29041232440847,8
LAG,Maniac,Q2o,2.032020966138905,8
LAG,Maniac,87o,1.903084820308933,8
LAG,Maniac,86s,1.9570677477095653,8
LAG,Maniac,94s,2.1505757797764478,8
LAG,Maniac,85o,2.070431895250893,8
LAG,Maniac,92s,2.1246224492953742,8
LAG,Maniac,T3o,2.032020966138905,8
LAG,Maniac,86o,1.9282076442146119,8
LAG,Maniac,T6o,2.032020966138905,8
LAG,Maniac,93o,2.032020966138905,8
LAG,Maniac,J2o,2.032020966138905,8
LAG,Maniac,65s,2.202482440738594,8
LAG,Maniac,76o,2.102614025047424,8
LAG,Maniac,74s,2.149745273201053,8
LAG,Maniac,73s,2.0374192588789684,8
LAG,Maniac,83s,1.8800382628417402,8
LAG,Maniac,84o,1.720581000366026,8
LAG,Maniac,T2o,2.032020966138905,8
LAG,Maniac,84s,1.9655804401073573,8
LAG,Maniac,54s,2.28677885814112,8
LAG,Maniac,53s,2.1576350856672994,8
LAG,Maniac,75o,2.156389325804208,8
LAG,Maniac,64s,2.1275292223092546,8
LAG,Maniac,92o,2.2089188666979003,8
LAG,Maniac,82s,2.0112583017540464,8
LAG,Maniac,74o,1.9008009272265987,8
LAG,Maniac,64o,1.8850213022941062,8
LAG,Maniac,43s,1.9655804401073573,8
LAG,Maniac,82o,2.032020966138905,8
LAG,Maniac,94o,1.8994513540415827,8
LAG,Maniac,65o,2.0698090153193474,8
LAG,Maniac,73o,2.1116457840548377,8
LAG,Maniac,72s,2.1304359953231344,8
LAG,Maniac,63s,1.9819829449713957,8
LAG,Maniac,53o,2.356333783830396,8
LAG,Maniac,32s,2.1364571679947435,8
LAG,Maniac,83o,1.928207644214612,8
LAG,Maniac,62s,2.253350968481498,8
LAG,Maniac,42s,2.0625420827846472,8
LAG,Maniac,52s,2.270168726633233,8
LAG,Maniac,62o,2.209334119985597,8
LAG,Maniac,72o,2.213590466184493,8
LAG,Maniac,54o,2.224075611698847,8
LAG,Maniac,63o,2.0619192028531015,8
LAG,Maniac,32o,2.032020966138905,8
LAG,Maniac,52o,2.2954991771827604,8
LAG,Maniac,42o,2.1358342880631978,8
LAG,Maniac,43o,2.032020966138905,8
Loose-passive,Nit,AA,1.552653228939172,8
Loose-passive,Nit,KK,1.564743973233019,8
Loose-passive,Nit,QQ,1.5277397894637337,8
Loose-passive,Nit,JJ,1.5437342718255496,8
Loose-passive,Nit,TT,1.5295832213291634,8
Loose-passive,Nit,99,1.5187033587508438,8
Loose-passive,Nit,88,1.5322580048201788,8
Loose-passive,Nit,AKs,1.54154745559303,8
Loose-passive,Nit,77,1.527739789463734,8
Loose-passive,Nit,AKo,1.5414480548551883,8
Loose-passive,Nit,AJo,1.5460114523651978,8
Loose-passive,Nit,AQo,1.5367762201766242,8
Loose-passive,Nit,AQs,1.5367762201766237,8
Loose-passive,Nit,A9o,1.527739789463734,8
Loose-passive,Nit,A7o,1.545812650889514,8
Loose-passive,Nit,KJs,1.529800095666273,8
Loose-passive,Nit,QJs,1.5251192245569956,8
Loose-passive,Nit,A7s,1.545812650889514,8
Loose-passive,Nit,A9s,1.5367762201766237,8
Loose-passive,Nit,KTo,1.5415836013158817,8
Loose-passive,Nit,A8o,1.527739789463734,8
Loose-passive,Nit,AJs,1.5366858558694951,8
Loose-passive,Nit,ATs,1.5367762201766242,8
Loose-passive,Nit,K9s,1.5389449635477175,8
Loose-passive,Nit,55,1.5607950530114858,8
Loose-passive,Nit,66,1.5277397894637337,8
Loose-passive,Nit,KQs,1.5367762201766237,8
Loose-passive,Nit,A8s,1.527739789463734,8
Loose-passive,Nit,ATo,1.5389088178248662,8
Loose-passive,Nit,A5s,1.5487585273019162,8
Loose-passive,Nit,QTs,1.5529152854298456,8
Loose-passive,Nit,K8s,1.529872387111976,8
Loose-passive,Nit,KTs,1.5390353278548465,8
Loose-passive,Nit,A4s,1.5496983160960567,8
Loose-passive,Nit,KJo,1.5475657184478147,8
Loose-passive,Nit,K5s,1.5439511461626587,8
Loose-passive,Nit,A6s,1.527739789463734,8
Loose-passive,Nit,K9o,1.529800095666273,8
Loose-passive,Nit,A3s,1.527739789463734,8
Loose-passive,Nit,44,1.5255168275083628,8
Loose-passive,Nit,KQo,1.540228136708948,8
Loose-passive,Nit,K7s,1.547547645586389,8
Loose-passive,Nit,Q8s,1.5260409404897104,8
Loose-passive,Nit,A5o,1.5486862358562132,8
Loose-passive,Nit,Q5s,1.547891029953479,8
Loose-passive,Nit,A4o,1.5410956340573856,8
Loose-passive,Nit,Q9o,1.5187033587508436,8
Loose-passive,Nit,QTo,1.5492464945604123,8
Loose-passive,Nit,Q9s,1.534047218101331,8
Loose-passive,Nit,A6o,1.545812650889514,8
Loose-passive,Nit,A2s,1.5524815367556268,8
Loose-passive,Nit,JTs,1.5256252646769175,8
Loose-passive,Nit,K4o,1.5297278042205695,8
Loose-passive,Nit,K6s,1.5390534007162722,8
Loose-passive,Nit,K8o,1.5296735856362922,8
Loose-passive,Nit,K7o,1.5476560827549437,8
Loose-passive,Nit,J9o,1.5256433375383434,8
Loose-passive,Nit,J8s,1.5220287652531872,8
Loose-passive,Nit,JTo,1.5253903174783823,8
Loose-passive,Nit,K4s,1.5367762201766237,8
Loose-passive,Nit,K2s,1.552662265369885,8
Loose-passive,Nit,K6o,1.5478910299534787,8
Loose-passive,Nit,J9s,1.5366497101466436,8
Loose-passive,Nit,K3s,1.5390353278548465,8
Loose-passive,Nit,A3o,1.5367762201766242,8
Loose-passive,Nit,Q6s,1.5251553702798473,8
Loose-passive,Nit,QJo,1.536776220176624,8
Loose-passive,Nit,33,1.5501682104931271,8
Loose-passive,Nit,Q3s,1.5255529732312143,8
Loose-passive,Nit,J7s,1.5340833638241829,8
Loose-passive,Nit,Q6o,1.5277397894637337,8
Loose-passive,Nit,Q7s,1.543607761795569,8
Loose-passive,Nit,J5s,1.5426860458628542,8
Loose-passive,Nit,J6s,1.5204383534477186,8
Loose-passive,Nit,T9o,1.5187033587508436,8
Loose-passive,Nit,Q7o,1.536776220176624,8
Loose-passive,Nit,A2o,1.5666145143905874,8
Loose-passive,Nit,K5o,1.5526984110927362,8
Loose-passive,Nit,K3o,1.558409435303283,8
Loose-passive,Nit,Q8o,1.5187033587508436,8
Loose-passive,Nit,T7s,1.543354741735608,8
Loose-passive,Nit,J8o,1.5148357664057268,8
Loose-passive,Nit,97s,1.5254987546469372,8
Loose-passive,Nit,T8s,1.525263807448402,8
Loose-passive,Nit,Q4s,1.5348424240040655,8
Loose-passive,Nit,J4s,1.5256071918154916,8
Loose-passive,Nit,J3s,1.5164442510726213,8
Loose-passive,Nit,96s,1.5250469331112928,8
Loose-passive,Nit,J7o,1.527739789463734,8
Loose-passive,Nit,Q5o,1.5411317797802369,8
Loose-passive,Nit,J4o,1.5096669280379535,8
Loose-passive,Nit,98s,1.5253903174783825,8
Loose-passive,Nit,T9s,1.5348062782812137,8
Loose-passive,Nit,K2o,1.556674440606408,8
Loose-passive,Nit,Q4o,1.5187033587508436,8
Loose-passive,Nit,22,1.545812650889514,8
Loose-passive,Nit,98o,1.5187033587508438,8
Loose-passive,Nit,Q2s,1.5413667269787719,8
Loose-passive,Nit,T8o,1.5187033587508436,8
Loose-passive,Nit,Q3o,1.536776220176624,8
Loose-passive,Nit,J6o,1.5277397894637337,8
Loose-passive,Nit,J5o,1.5361255971652958,8
Loose-passive,Nit,J2s,1.5328724821086555,8
Loose-passive,Nit,T4s,1.5350231526183231,8
Loose-passive,Nit,T3s,1.525426463201234,8
Loose-passive,Nit,97o,1.5187033587508438,8
Loose-passive,Nit,87s,1.5348604968654913,8
Loose-passive,Nit,96o,1.5277397894637337,8
Loose-passive,Nit,T4o,1.5187033587508436,8
Loose-passive,Nit,T5s,1.5474392084178343,8
Loose-passive,Nit,T6s,1.5255710460926402,8
Loose-passive,Nit,85s,1.5432282317056276,8
Loose-passive,Nit,J3o,1.527739789463734,8
Loose-passive,Nit,76s,1.5479091028149046,8
Loose-passive,Nit,95s,1.5479994671220336,8
Loose-passive,Nit,T7o,1.536776220176624,8
Loose-passive,Nit,T2s,1.541475164147327,8
Loose-passive,Nit,T5o,1.5411498526416627,8
Loose-passive,Nit,93s,1.5254626089240857,8
Loose-passive,Nit,95o,1.541131779780237,8
Loose-passive,Nit,75s,1.5573973550634395,8
Loose-passive,Nit,Q2o,1.536776220176624,8
Loose-passive,Nit,87o,1.527739789463734,8
Loose-passive,Nit,86s,1.5202576248334607,8
Loose-passive,Nit,94s,1.5344448210526982,8
Loose-passive,Nit,85o,1.5364147629481084,8
Loose-passive,Nit,92s,1.541384799840198,8
Loose-passive,Nit,T3o,1.536776220176624,8
Loose-passive,Nit,86o,1.5277397894637337,8
Loose-passive,Nit,T6o,1.536776220176624,8
Loose-passive,Nit,93o,1.536776220176624,8
Loose-passive,Nit,J2o,1.536776220176624,8
Loose-passive,Nit,65s,1.5422522971886352,8
Loose-passive,Nit,76o,1.5413305812559204,8
Loose-passive,Nit,74s,1.5434993246270143,8
Loose-passive,Nit,73s,1.5347339868355108,8
Loose-passive,Nit,83s,1.516624979686879,8
Loose-passive,Nit,84o,1.5096669280379535,8
Loose-passive,Nit,T2o,1.536776220176624,8
Loose-passive,Nit,84s,1.5257156289840463,8
Loose-passive,Nit,54s,1.5525719010627559,8
Loose-passive,Nit,53s,1.538583506319202,8
Loose-passive,Nit,75o,1.550511594860217,8
Loose-passive,Nit,64s,1.5402100638475222,8
Loose-passive,Nit,92o,1.5458126508895143,8
Loose-passive,Nit,82s,1.5350412254797492,8
Loose-passive,Nit,74o,1.527739789463734,8
Loose-passive,Nit,64o,1.5235468856129528,8
Loose-passive,Nit,43s,1.5254626089240855,8
Loose-passive,Nit,82o,1.536776220176624,8
Loose-passive,Nit,94o,1.5187033587508438,8
Loose-passive,Nit,65o,1.5361617428881473,8
Loose-passive,Nit,73o,1.5458126508895143,8
Loose-passive,Nit,72s,1.5509453435344356,8
Loose-passive,Nit,63s,1.5245408929913706,8
Loose-passive,Nit,53o,1.5571985535877555,8
Loose-passive,Nit,32s,1.5405715210760378,8
Loose-passive,Nit,83o,1.527739789463734,8
Loose-passive,Nit,62s,1.5548310087409782,8
Loose-passive,Nit,42s,1.5418185485144167,8
Loose-passive,Nit,52s,1.5553731945837517,8
Loose-passive,Nit,62o,1.5502043562159786,8
Loose-passive,Nit,72o,1.5548490816024043,8
Loose-passive,Nit,54o,1.5507284691973262,8
Loose-passive,Nit,63o,1.5358906499667606,8
Loose-passive,Nit,32o,1.536776220176624,8
Loose-passive,Nit,52o,1.5595299527116813,8
Loose-passive,Nit,42o,1.545812650889514,8
Loose-passive,Nit,43o,1.536776220176624,8
Loose-passive,TAG,AA,1.6564039008894278,8
Loose-passive,TAG,KK,1.6764285049511052,8
Loose-passive,TAG,QQ,1.5939314972922893,8
Loose-passive,TAG,JJ,1.62673041773814,8
Loose-passive,TAG,TT,1.5902790967329454,8
Loose-passive,TAG,99,1.5746155679660072,8
Loose-passive,TAG,88,1.614664776089362,8
Loose-passive,TAG,AKs,1.627293723297044,8
Loose-passive,TAG,77,1.5927867150274204,8
Loose-passive,TAG,AKo,1.6282567940912989,8
Loose-passive,TAG,AJo,1.615464306560064,8
Loose-passive,TAG,AQo,1.6109578620888336,8
Loose-passive,TAG,AQs,1.6109578620888336,8
Loose-passive,TAG,A9o,1.5927867150274204,8
Loose-passive,TAG,A7o,1.6291290091502468,8
Loose-passive,TAG,KJs,1.5999461469696172,8
Loose-passive,TAG,QJs,1.5944948028511934,8
Loose-passive,TAG,A7s,1.6291290091502468,8
Loose-passive,TAG,A9s,1.6109578620888336,8
Loose-passive,TAG,KTo,1.618807797619364,8
Loose-passive,TAG,A8o,1.5927867150274204,8
Loose-passive,TAG,AJs,1.5972931594986508,8
Loose-passive,TAG,ATs,1.6109578620888336,8
Loose-passive,TAG,K9s,1.617971924854539,8
Loose-passive,TAG,55,1.6721946276857962,8
Loose-passive,TAG,66,1.5927867150274204,8
Loose-passive,TAG,KQs,1.615464306560064,8
Loose-passive,TAG,A8s,1.5927867150274204,8
Loose-passive,TAG,ATo,1.6123933827066852,8
Loose-passive,TAG,A5s,1.639959012798849,8
Loose-passive,TAG,QTs,1.647736263741134,8
Loose-passive,TAG,K8s,1.5990012473224235,8
Loose-passive,TAG,KTs,1.6177175287956793,8
Loose-passive,TAG,A4s,1.6386870325045502,8
Loose-passive,TAG,KJo,1.6361430719159522,8
Loose-passive,TAG,K5s,1.6269121292087543,8
Loose-passive,TAG,A6s,1.5927867150274204,8
Loose-passive,TAG,K9o,1.599546381734266,8
Loose-passive,TAG,A3s,1.5927867150274204,8
Loose-passive,TAG,44,1.595803125439615,8
Loose-passive,TAG,KQo,1.6210610198549793,8
Loose-passive,TAG,K7s,1.6357069643864783,8
Loose-passive,TAG,Q8s,1.5941677222040878,8
Loose-passive,TAG,A5o,1.6389414285634099,8
Loose-passive,TAG,Q5s,1.6419578389756047,8
Loose-passive,TAG,A4o,1.6208793083843651,8
Loose-passive,TAG,Q9o,1.5746155679660072,8
Loose-passive,TAG,QTo,1.6331630037978804,8
Loose-passive,TAG,Q9s,1.6116847079712902,8
Loose-passive,TAG,A6o,1.6291290091502468,8
Loose-passive,TAG,A2s,1.6473001562116598,8
Loose-passive,TAG,JTs,1.5952579910277727,8
Loose-passive,TAG,K4o,1.59998248926374,8
Loose-passive,TAG,K6s,1.6189531667958554,8
Loose-passive,TAG,K8o,1.599764435499003,8
Loose-passive,TAG,K7o,1.635997702739461,8
Loose-passive,TAG,J9o,1.577559293789956,8
Loose-passive,TAG,J8s,1.592641345850929,8
Loose-passive,TAG,JTo,1.5904608082035594,8
Loose-passive,TAG,K4s,1.6109578620888336,8
Loose-passive,TAG,K2s,1.6461008605056067,8
Loose-passive,TAG,K6o,1.6358159912688468,8
Loose-passive,TAG,J9s,1.5995100394401434,8
Loose-passive,TAG,K3s,1.6195709857959435,8
Loose-passive,TAG,A3o,1.6109578620888336,8
Loose-passive,TAG,Q6s,1.5939860107334738,8
Loose-passive,TAG,QJo,1.6109578620888336,8
Loose-passive,TAG,33,1.6450832762701675,8
Loose-passive,TAG,Q3s,1.5942404067923335,8
Loose-passive,TAG,J7s,1.6137562187362913,8
Loose-passive,TAG,Q6o,1.5927867150274204,8
Loose-passive,TAG,Q7s,1.6300739087974403,8
Loose-passive,TAG,J5s,1.6448652225054305,8
Loose-passive,TAG,J6s,1.5908969157330335,8
Loose-passive,TAG,T9o,1.5746155679660072,8
Loose-passive,TAG,Q7o,1.6109578620888336,8
Loose-passive,TAG,A2o,1.673648319450709,8
Loose-passive,TAG,K5o,1.6447925379171848,8
Loose-passive,TAG,K3o,1.6569308641542089,8
Loose-passive,TAG,Q8o,1.5746155679660072,8
Loose-passive,TAG,T7s,1.6325451847977925,8
Loose-passive,TAG,J8o,1.573816037495305,8
Loose-passive,TAG,97s,1.5954760447925096,8
Loose-passive,TAG,T8s,1.5951489641454042,8
Loose-passive,TAG,Q4s,1.6114666542065532,8
Loose-passive,TAG,J4s,1.5944948028511934,8
Loose-passive,TAG,J3s,1.5767961056133768,8
Loose-passive,TAG,96s,1.5936589300863684,8
Loose-passive,TAG,J7o,1.5927867150274204,8
Loose-passive,TAG,Q5o,1.622987161443489,8
Loose-passive,TAG,J4o,1.556444420904594,8
Loose-passive,TAG,98s,1.5959121523219835,8
Loose-passive,TAG,T9s,1.6132837689126944,8
Loose-passive,TAG,K2o,1.6534056616242947,8
Loose-passive,TAG,Q4o,1.5746155679660072,8
Loose-passive,TAG,22,1.6291290091502468,8
Loose-passive,TAG,98o,1.5746155679660072,8
Loose-passive,TAG,Q2s,1.6206612546196282,8
Loose-passive,TAG,T8o,1.5746155679660072,8
Loose-passive,TAG,Q3o,1.6109578620888336,8
Loose-passive,TAG,J6o,1.5927867150274204,8
Loose-passive,TAG,J5o,1.6225147116198921,8
Loose-passive,TAG,J2s,1.603980141617251,8
Loose-passive,TAG,T4s,1.6137198764421685,8
Loose-passive,TAG,T3s,1.5955123870866323,8
Loose-passive,TAG,97o,1.5746155679660072,8
Loose-passive,TAG,87s,1.6132474266185717,8
Loose-passive,TAG,96o,1.5927867150274204,8
Loose-passive,TAG,T4o,1.5746155679660072,8
Loose-passive,TAG,T5s,1.6450832762701675,8
Loose-passive,TAG,T6s,1.5958394677337377,8
Loose-passive,TAG,85s,1.642648342563938,8
Loose-passive,TAG,J3o,1.5927867150274204,8
Loose-passive,TAG,76s,1.6414490468578848,8
Loose-passive,TAG,95s,1.6439930074464828,8
Loose-passive,TAG,T7o,1.6109578620888336,8
Loose-passive,TAG,T2s,1.6224783693257696,8
Loose-passive,TAG,T5o,1.6236413227377,8
Loose-passive,TAG,93s,1.5948582257924215,8
Loose-passive,TAG,95o,1.623023503737612,8
Loose-passive,TAG,75s,1.6622368390961417,8
Loose-passive,TAG,Q2o,1.6109578620888336,8
Loose-passive,TAG,87o,1.5927867150274204,8
Loose-passive,TAG,86s,1.5922415806155783,8
Loose-passive,TAG,94s,1.613174742030326,8
Loose-passive,TAG,85o,1.6229144768552435,8
Loose-passive,TAG,92s,1.6230598460317347,8
Loose-passive,TAG,T3o,1.6109578620888336,8
Loose-passive,TAG,86o,1.5927867150274204,8
Loose-passive,TAG,T6o,1.6109578620888336,8
Loose-passive,TAG,93o,1.6109578620888336,8
Loose-passive,TAG,J2o,1.6109578620888336,8
Loose-passive,TAG,65s,1.6419941812697274,8
Loose-passive,TAG,76o,1.622187630972787,8
Loose-passive,TAG,74s,1.6316366274447218,8
Loose-passive,TAG,73s,1.6133201112068174,8
Loose-passive,TAG,83s,1.5767961056133768,8
Loose-passive,TAG,84o,1.556444420904594,8
Loose-passive,TAG,T2o,1.6109578620888336,8
Loose-passive,TAG,84s,1.5954033602042639,8
Loose-passive,TAG,54s,1.6507163318592057,8
Loose-passive,TAG,53s,1.6256038066203327,8
Loose-passive,TAG,75o,1.641848812093236,8
Loose-passive,TAG,64s,1.6244045109142793,8
Loose-passive,TAG,92o,1.6291290091502468,8
Loose-passive,TAG,82s,1.608777324441464,8
Loose-passive,TAG,74o,1.5927867150274204,8
Loose-passive,TAG,64o,1.5863177866735572,8
Loose-passive,TAG,43s,1.5954760447925096,8
Loose-passive,TAG,82o,1.6109578620888336,8
Loose-passive,TAG,94o,1.5746155679660072,8
Loose-passive,TAG,65o,1.6200434356195401,8
Loose-passive,TAG,73o,1.6291290091502468,8
Loose-passive,TAG,72s,1.6391958246222698,8
Loose-passive,TAG,63s,1.5969297365574227,8
Loose-passive,TAG,53o,1.6631817387433352,8
Loose-passive,TAG,32s,1.625930887267438,8
Loose-passive,TAG,83o,1.5927867150274204,8
Loose-passive,TAG,62s,1.652933211800698,8
Loose-passive,TAG,42s,1.6223693424434011,8
Loose-passive,TAG,52s,1.6554771723892958,8
Loose-passive,TAG,62o,1.6393048515046382,8
Loose-passive,TAG,72o,1.64730015621166,8
Loose-passive,TAG,54o,1.6419578389756044,8
Loose-passive,TAG,63o,1.6121935000890095,8
Loose-passive,TAG,32o,1.6109578620888336,8
Loose-passive,TAG,52o,1.6599472745664035,8
Loose-passive,TAG,42o,1.6291290091502468,8
Loose-passive,TAG,43o,1.6109578620888336,8
Loose-passive,LAG,AA,1.9542428496137396,8
Loose-passive,LAG,KK,1.9848739375173263,8
Loose-passive,LAG,QQ,1.756739370370071,8
Loose-passive,LAG,JJ,1.8054190790922702,8
Loose-passive,LAG,TT,1.6903720132456321,8
Loose-passive,LAG,99,1.6312756719366912,8
Loose-passive,LAG,88,1.7484885722815626,8
Loose-passive,LAG,AKs,1.823983374791414,8
Loose-passive,LAG,77,1.6695903155602019,8
Loose-passive,LAG,AKo,1.8304808782861146,8
Loose-passive,LAG,AJo,1.7581832600355605,8
Loose-passive,LAG,AQo,1.7574613152028156,8
Loose-passive,LAG,AQs,1.7443631732373084,8
Loose-passive,LAG,A9o,1.6902173107814726,8
Loose-passive,LAG,A7o,1.7895362927718916,8
Loose-passive,LAG,KJs,1.7363702125890659,8
Loose-passive,LAG,QJs,1.681553972788539,8
Loose-passive,LAG,A7s,1.7903098050926896,8
Loose-passive,LAG,A9s,1.7396705318244696,8
Loose-passive,LAG,KTo,1.793094449447561,8
Loose-passive,LAG,A8o,1.691867470399174,8
Loose-passive,LAG,AJs,1.7387423170395122,8
Loose-passive,LAG,ATs,1.7438474983567769,8
Loose-passive,LAG,K9s,1.7926303420550824,8
Loose-passive,LAG,55,1.9341315292730004,8
Loose-passive,LAG,66,1.6739219845566686,8
Loose-passive,LAG,KQs,1.750912244220062,8
Loose-passive,LAG,A8s,1.692073740351387,8
Loose-passive,LAG,ATo,1.7664340581240685,8
Loose-passive,LAG,A5s,1.8201673806754788,8
Loose-passive,LAG,QTs,1.8329045502246135,8
Loose-passive,LAG,K8s,1.7311618962956952,8
Loose-passive,LAG,KTs,1.7855140287037439,8
Loose-passive,LAG,A4s,1.8224879176378717,8
Loose-passive,LAG,KJo,1.8339874674737309,8
Loose-passive,LAG,K5s,1.8036657844984623,8
Loose-passive,LAG,A6s,1.6919190378872275,8
Loose-passive,LAG,K9o,1.7390001544797782,8
Loose-passive,LAG,A3s,1.6922284428155465,8
Loose-passive,LAG,44,1.693311360064663,8
Loose-passive,LAG,KQo,1.7856687311679034,8
Loose-passive,LAG,K7s,1.8322341728799225,8
Loose-passive,LAG,Q8s,1.6819665126929642,8
Loose-passive,LAG,A5o,1.8197548407710533,8
Loose-passive,LAG,Q5s,1.8029438396657178,8
Loose-passive,LAG,A4o,1.7726737241785027,8
Loose-passive,LAG,Q9o,1.6326679941141267,8
Loose-passive,LAG,QTo,1.775303666069215,8
Loose-passive,LAG,Q9s,1.7426614461315537,8
Loose-passive,LAG,A6o,1.7954665538980072,8
Loose-passive,LAG,A2s,1.8505406311388,8
Loose-passive,LAG,JTs,1.6786661934575609,8
Loose-passive,LAG,K4o,1.7317807061523336,8
Loose-passive,LAG,K6s,1.774994261140896,8
Loose-passive,LAG,K8o,1.7353904303160559,8
Loose-passive,LAG,K7o,1.82537569696885,8
Loose-passive,LAG,J9o,1.684802724535889,8
Loose-passive,LAG,J8s,1.6916612004469616,8
Loose-passive,LAG,JTo,1.6698997204885204,8
Loose-passive,LAG,K4s,1.757255045250603,8
Loose-passive,LAG,K2s,1.8552332725516396,8
Loose-passive,LAG,K6o,1.8021187598568673,8
Loose-passive,LAG,J9s,1.73286362340145,8
Loose-passive,LAG,K3s,1.7688061625745144,8
Loose-passive,LAG,A3o,1.7254894726098455,8
Loose-passive,LAG,Q6s,1.6811414328841132,8
Loose-passive,LAG,QJo,1.7254894726098455,8
Loose-passive,LAG,33,1.8454354498215353,8
Loose-passive,LAG,Q3s,1.6808320279557942,8
Loose-passive,LAG,J7s,1.7278615770602919,8
Loose-passive,LAG,Q6o,1.6739219845566686,8
Loose-passive,LAG,Q7s,1.7787586877687778,8
Loose-passive,LAG,J5s,1.8095444781365244,8
Loose-passive,LAG,J6s,1.6867107215938564,8
Loose-passive,LAG,T9o,1.6334930739229776,8
Loose-passive,LAG,Q7o,1.7181153218182414,8
Loose-passive,LAG,A2o,1.9263964060650238,8
Loose-passive,LAG,K5o,1.8575022420259795,8
Loose-passive,LAG,K3o,1.8750351879640594,8
Loose-passive,LAG,Q8o,1.6223544965034913,8
Loose-passive,LAG,T7s,1.7827293843488723,8
Loose-passive,LAG,J8o,1.632667994114127,8
Loose-passive,LAG,97s,1.6967663817642262,8
Loose-passive,LAG,T8s,1.6808320279557942,8
Loose-passive,LAG,Q4s,1.741372258930224,8
Loose-passive,LAG,J4s,1.6882577462354518,8
Loose-passive,LAG,J3s,1.6303990246397873,8
Loose-passive,LAG,96s,1.6938786024332484,8
Loose-passive,LAG,J7o,1.6656711864681601,8
Loose-passive,LAG,Q5o,1.7420942037629685,8
Loose-passive,LAG,J4o,1.5707870084503144,8
Loose-passive,LAG,98s,1.6939301699213014,8
Loose-passive,LAG,T9s,1.7486432747457226,8
Loose-passive,LAG,K2o,1.8552332725516396,8
Loose-passive,LAG,Q4o,1.6223544965034913,8
Loose-passive,LAG,22,1.7770569606630229,8
Loose-passive,LAG,98o,1.6319976167694357,8
Loose-passive,LAG,Q2s,1.7507575417559025,8
Loose-passive,LAG,T8o,1.6223544965034913,8
Loose-passive,LAG,Q3o,1.7254894726098455,8
Loose-passive,LAG,J6o,1.6739219845566686,8
Loose-passive,LAG,J5o,1.7501387318992645,8
Loose-passive,LAG,J2s,1.700840213320427,8
Loose-passive,LAG,T4s,1.7391032894558842,8
Loose-passive,LAG,T3s,1.6826884575257086,8
Loose-passive,LAG,97o,1.6319460492813822,8
Loose-passive,LAG,87s,1.7285835218930363,8
Loose-passive,LAG,96o,1.683668239798719,8
Loose-passive,LAG,T4o,1.6223544965034913,8
Loose-passive,LAG,T5s,1.8057284840205892,8
Loose-passive,LAG,T6s,1.6828947274779213,8
Loose-passive,LAG,85s,1.817279601344501,8
Loose-passive,LAG,J3o,1.6739219845566682,8
Loose-passive,LAG,76s,1.8121228525391833,8
Loose-passive,LAG,95s,1.8152169018223738,8
Loose-passive,LAG,T7o,1.7226016932788677,8
Loose-passive,LAG,T2s,1.7515826215647534,8
Loose-passive,LAG,T5o,1.7443631732373084,8
Loose-passive,LAG,93s,1.6938786024332482,8
Loose-passive,LAG,95o,1.7531812136944018,8
Loose-passive,LAG,75s,1.8535831129339377,8
Loose-passive,LAG,Q2o,1.7254894726098455,8
Loose-passive,LAG,87o,1.667888588454447,8
Loose-passive,LAG,86s,1.6944458448018331,8
Loose-passive,LAG,94s,1.7527686737899766,8
Loose-passive,LAG,85o,1.757770720131135,8
Loose-passive,LAG,92s,1.7635978462811437,8
Loose-passive,LAG,T3o,1.7254894726098455,8
Loose-passive,LAG,86o,1.6739219845566686,8
Loose-passive,LAG,T6o,1.7254894726098455,8
Loose-passive,LAG,93o,1.7254894726098455,8
Loose-passive,LAG,J2o,1.7254894726098455,8
Loose-passive,LAG,65s,1.8191360309144156,8
Loose-passive,LAG,76o,1.7555017506567947,8
Loose-passive,LAG,74s,1.7877314306900307,8
Loose-passive,LAG,73s,1.7306462214151637,8
Loose-passive,LAG,83s,1.632358589185808,8
Loose-passive,LAG,84o,1.5707870084503144,8
Loose-passive,LAG,T2o,1.7254894726098455,8
Loose-passive,LAG,84s,1.6921768753274933,8
Loose-passive,LAG,54s,1.8454354498215357,8
Loose-passive,LAG,53s,1.7752005310931085,8
Loose-passive,LAG,75o,1.7858234336320629,8
Loose-passive,LAG,64s,1.775097396117002,8
Loose-passive,LAG,92o,1.7875767282258708,8
Loose-passive,LAG,82s,1.716929269593018,8
Loose-passive,LAG,74o,1.669126208167723,8
Loose-passive,LAG,64o,1.6502009400522066,8
Loose-passive,LAG,43s,1.6924862802558123,8
Loose-passive,LAG,82o,1.7254894726098455,8
Loose-passive,LAG,94o,1.632667994114127,8
Loose-passive,LAG,65o,1.7512732166364344,8
Loose-passive,LAG,73o,1.7721064818099177,8
Loose-passive,LAG,72s,1.7979933608126126,8
Loose-passive,LAG,63s,1.7004276734160015,8
Loose-passive,LAG,53o,1.8761696727012291,8
Loose-passive,LAG,32s,1.7836575991338295,8
Loose-passive,LAG,83o,1.6739219845566682,8
Loose-passive,LAG,62s,1.8519329533162359,8
Loose-passive,LAG,42s,1.752098296445285,8
Loose-passive,LAG,52s,1.8370815167569212,8
Loose-passive,LAG,62o,1.8064504288533336,8
Loose-passive,LAG,72o,1.8226426201020316,8
Loose-passive,LAG,54o,1.8163513865595435,8
Loose-passive,LAG,63o,1.743434958452351,8
Loose-passive,LAG,32o,1.7254894726098455,8
Loose-passive,LAG,52o,1.848838904033045,8
Loose-passive,LAG,42o,1.7770569606630224,8
Loose-passive,LAG,43o,1.7254894726098455,8
Loose-passive,Loose-passive,AA,2.1504332941406323,8
Loose-passive,Loose-passive,KK,2.1801638180141234,8
Loose-passive,Loose-passive,QQ,1.9061754619138642,8
Loose-passive,Loose-passive,JJ,1.9662359153841027,8
Loose-passive,Loose-passive,TT,1.834007012833857,8
Loose-passive,Loose-passive,99,1.7700504221624553,8
Loose-passive,Loose-passive,88,1.9050965316120037,8
Loose-passive,Loose-passive,AKs,2.0028596050750362,8
Loose-passive,Loose-passive,77,1.8148260296896692,8
Loose-passive,Loose-passive,AKo,1.9905717877482911,8
Loose-passive,Loose-passive,AJo,1.9100116585427018,8
Loose-passive,Loose-passive,AQo,1.9134882117375858,8
Loose-passive,Loose-passive,AQs,1.8926288925682815,8
Loose-passive,Loose-passive,A9o,1.8309500436452522,8
Loose-passive,Loose-passive,A7o,1.9492727334159614,8
Loose-passive,Loose-passive,KJs,1.9037178984485152,8
Loose-passive,Loose-passive,QJs,1.8507903730850215,8
Loose-passive,Loose-passive,A7s,1.947174813384566,8
Loose-passive,Loose-passive,A9s,1.8908306753985138,8
Loose-passive,Loose-passive,KTo,1.949632376849915,8
Loose-passive,Loose-passive,A8o,1.832988023104322,8
Loose-passive,Loose-passive,AJs,1.8935280011531652,8
Loose-passive,Loose-passive,ATs,1.893288238863863,8
Loose-passive,Loose-passive,K9s,1.9601219770068927,8
Loose-passive,Loose-passive,55,2.1222012845752807,8
Loose-passive,Loose-passive,66,1.817463414871995,8
Loose-passive,Loose-passive,KQs,1.8982633063668866,8
Loose-passive,Loose-passive,A8s,1.8333476665382757,8
Loose-passive,Loose-passive,ATo,1.915346369479679,8
Loose-passive,Loose-passive,A5s,1.9786436138554993,8
Loose-passive,Loose-passive,QTs,2.021261360778992,8
Loose-passive,Loose-passive,K8s,1.8913101999771187,8
Loose-passive,Loose-passive,KTs,1.950051960856194,8
Loose-passive,Loose-passive,A4s,1.9830192756352671,8
Loose-passive,Loose-passive,KJo,1.998843586729222,8
Loose-passive,Loose-passive,K5s,1.9815207613271273,8
Loose-passive,Loose-passive,A6s,1.832448557953392,8
Loose-passive,Loose-passive,K9o,1.8989825932347937,8
Loose-passive,Loose-passive,A3s,1.8337672505445548,8
Loose-passive,Loose-passive,44,1.84959156163851,8
Loose-passive,Loose-passive,KQo,1.9412406967243327,8
Loose-passive,Loose-passive,K7s,2.005437049685036,8
Loose-passive,Loose-passive,Q8s,1.8437173855506024,8
Loose-passive,Loose-passive,A5o,1.980861415031546,8
Loose-passive,Loose-passive,Q5s,1.9839783247924765,8
Loose-passive,Loose-passive,A4o,1.9199617935487492,8
Loose-passive,Loose-passive,Q9o,1.7707697090303625,8
Loose-passive,Loose-passive,QTo,1.9363855103659602,8
Loose-passive,Loose-passive,Q9s,1.9164852403538652,8
Loose-passive,Loose-passive,A6o,1.9531688706171246,8
Loose-passive,Loose-passive,A2s,2.0065159799868972,8
Loose-passive,Loose-passive,JTs,1.8474337010347888,8
Loose-passive,Loose-passive,K4o,1.893707822870142,8
Loose-passive,Loose-passive,K6s,1.9293125228315409,8
Loose-passive,Loose-passive,K8o,1.8872342410589786,8
Loose-passive,Loose-passive,K7o,2.0051972873957347,8
Loose-passive,Loose-passive,J9o,1.8373037443117646,8
Loose-passive,Loose-passive,J8s,1.8646965858645579,8
Loose-passive,Loose-passive,JTo,1.8178230583059485,8
Loose-passive,Loose-passive,K4s,1.923198584454331,8
Loose-passive,Loose-passive,K2s,2.011191344628293,8
Loose-passive,Loose-passive,K6o,1.9640780547803816,8
Loose-passive,Loose-passive,J9s,1.9007808104045614,8
Loose-passive,Loose-passive,K3s,1.9270347810831685,8
Loose-passive,Loose-passive,A3o,1.8774039871975823,8
Loose-passive,Loose-passive,Q6s,1.8463547707329282,8
Loose-passive,Loose-passive,QJo,1.8774039871975823,8
Loose-passive,Loose-passive,33,2.0143082543892237,8
Loose-passive,Loose-passive,Q3s,1.8450360781417652,8
Loose-passive,Loose-passive,J7s,1.9007208698322358,8
Loose-passive,Loose-passive,Q6o,1.817463414871995,8
Loose-passive,Loose-passive,Q7s,1.9540679792020086,8
Loose-passive,Loose-passive,J5s,2.0126299183641074,8
Loose-passive,Loose-passive,J6s,1.8628983686947902,8
Loose-passive,Loose-passive,T9o,1.7695109570115253,8
Loose-passive,Loose-passive,Q7o,1.8751262454492101,8
Loose-passive,Loose-passive,A2o,2.0998434510978368,8
Loose-passive,Loose-passive,K5o,2.041880917658994,8
Loose-passive,Loose-passive,K3o,2.0493135486273664,8
Loose-passive,Loose-passive,Q8o,1.7575228425464078,8
Loose-passive,Loose-passive,T7s,1.96395817363573,8
Loose-passive,Loose-passive,J8o,1.7789815674389682,8
Loose-passive,Loose-passive,97s,1.8568443708899058,8
Loose-passive,Loose-passive,T8s,1.8450360781417652,8
Loose-passive,Loose-passive,Q4s,1.9062953430585154,8
Loose-passive,Loose-passive,J4s,1.8509102542296727,8
Loose-passive,Loose-passive,J3s,1.7937269482310625,8
Loose-passive,Loose-passive,96s,1.8582829446257199,8
Loose-passive,Loose-passive,J7o,1.8148260296896692,8
Loose-passive,Loose-passive,Q5o,1.8962253269078166,8
Loose-passive,Loose-passive,J4o,1.706213712635705,8
Loose-passive,Loose-passive,98s,1.8595416966445573,8
Loose-passive,Loose-passive,T9s,1.9155261911966557,8
Loose-passive,Loose-passive,K2o,2.0212613607789915,8
Loose-passive,Loose-passive,Q4o,1.7575228425464078,8
Loose-passive,Loose-passive,22,1.9373445595231695,8
Loose-passive,Loose-passive,98o,1.7705898873133858,8
Loose-passive,Loose-passive,Q2s,1.9022193841403754,8
Loose-passive,Loose-passive,T8o,1.7575228425464078,8
Loose-passive,Loose-passive,Q3o,1.8774039871975823,8
Loose-passive,Loose-passive,J6o,1.817463414871995,8
Loose-passive,Loose-passive,J5o,1.919841912404098,8
Loose-passive,Loose-passive,J2s,1.8475535821794398,8
Loose-passive,Loose-passive,T4s,1.9068947487817711,8
Loose-passive,Loose-passive,T3s,1.8433577421166487,8
Loose-passive,Loose-passive,97o,1.7709495307473393,8
Loose-passive,Loose-passive,87s,1.9022193841403754,8
Loose-passive,Loose-passive,96o,1.830230756777345,8
Loose-passive,Loose-passive,T4o,1.7575228425464078,8
Loose-passive,Loose-passive,T5s,1.9896127385910818,8
Loose-passive,Loose-passive,T6s,1.8435975044059512,8
Loose-passive,Loose-passive,85s,2.0156269469803867,8
Loose-passive,Loose-passive,J3o,1.8278930744566473,8
Loose-passive,Loose-passive,76s,1.998843586729222,8
Loose-passive,Loose-passive,95s,2.0061563365529436,8
Loose-passive,Loose-passive,T7o,1.8740473151473496,8
Loose-passive,Loose-passive,T2s,1.9076140356496782,8
Loose-passive,Loose-passive,T5o,1.8989825932347937,8
Loose-passive,Loose-passive,93s,1.8622989629715345,8
Loose-passive,Loose-passive,95o,1.9133083900206092,8
Loose-passive,Loose-passive,75s,2.044997827419924,8
Loose-passive,Loose-passive,Q2o,1.8774039871975823,8
Loose-passive,Loose-passive,87o,1.8144663862557158,8
Loose-passive,Loose-passive,86s,1.8644568235752554,8
Loose-passive,Loose-passive,94s,1.9175042300834002,8
Loose-passive,Loose-passive,85o,1.9272745433724712,8
Loose-passive,Loose-passive,92s,1.9188828632468886,8
Loose-passive,Loose-passive,T3o,1.8774039871975823,8
Loose-passive,Loose-passive,86o,1.817463414871995,8
Loose-passive,Loose-passive,T6o,1.8774039871975823,8
Loose-passive,Loose-passive,93o,1.8774039871975823,8
Loose-passive,Loose-passive,J2o,1.8853161427445597,8
Loose-passive,Loose-passive,65s,2.0134690863766656,8
Loose-passive,Loose-passive,76o,1.9110905888445624,8
Loose-passive,Loose-passive,74s,1.9625195998999163,8
Loose-passive,Loose-passive,73s,1.900241345253631,8
Loose-passive,Loose-passive,83s,1.7883322967217596,8
Loose-passive,Loose-passive,84o,1.6975822702208205,8
Loose-passive,Loose-passive,T2o,1.8774039871975823,8
Loose-passive,Loose-passive,84s,1.846954176456184,8
Loose-passive,Loose-passive,54s,2.026895774577597,8
Loose-passive,Loose-passive,53s,1.9514905345920082,8
Loose-passive,Loose-passive,75o,1.9523297026045663,8
Loose-passive,Loose-passive,64s,1.9338680063282856,8
Loose-passive,Loose-passive,92o,1.9505314854347986,8
Loose-passive,Loose-passive,82s,1.8670942087575815,8
Loose-passive,Loose-passive,74o,1.811529298211762,8
Loose-passive,Loose-passive,64o,1.7882124155771084,8
Loose-passive,Loose-passive,43s,1.8458752461543235,8
Loose-passive,Loose-passive,82o,1.8774039871975823,8
Loose-passive,Loose-passive,94o,1.7731073913510604,8
Loose-passive,Loose-passive,65o,1.9166051214985163,8
Loose-passive,Loose-passive,73o,1.9309908588566573,8
Loose-passive,Loose-passive,72s,1.9610810261641023,8
Loose-passive,Loose-passive,63s,1.8619393195375809,8
Loose-passive,Loose-passive,53o,2.0754476381613225,8
Loose-passive,Loose-passive,32s,1.939502420126891,8
Loose-passive,Loose-passive,83o,1.817463414871995,8
Loose-passive,Loose-passive,62s,2.0217408853575964,8
Loose-passive,Loose-passive,42s,1.9053362939013059,8
Loose-passive,Loose-passive,52s,2.004957525106432,8
Loose-passive,Loose-passive,62o,1.9712709234594519,8
Loose-passive,Loose-passive,72o,1.9906916688929424,8
Loose-passive,Loose-passive,54o,1.9839783247924765,8
Loose-passive,Loose-passive,63o,1.8973042572096772,8
Loose-passive,Loose-passive,32o,1.8774039871975823,8
Loose-passive,Loose-passive,52o,2.0212613607789915,8
Loose-passive,Loose-passive,42o,1.9373445595231695,8
Loose-passive,Loose-passive,43o,1.8774039871975823,8
Loose-passive,Station,AA,3.0516498599827697,8
Loose-passive,Station,KK,3.1604012017644822,8
Loose-passive,Station,QQ,2.5013253031857037,8
Loose-passive,Station,JJ,2.5123226298827306,8
Loose-passive,Station,TT,2.3337688117046094,8
Loose-passive,Station,99,2.1255833077039434,8
Loose-passive,Station,88,2.3142180086876727,8
Loose-passive,Station,AKs,2.646428919327034,8
Loose-passive,Station,77,2.0537952028761275,8
Loose-passive,Station,AKo,2.660175577698318,8
Loose-passive,Station,AJo,2.5078931510742057,8
Loose-passive,Station,AQo,2.4203727594436986,8
Loose-passive,Station,AQs,2.328117407707526,8
Loose-passive,Station,A9o,2.1808754224862184,8
Loose-passive,Station,A7o,2.443436597377741,8
Loose-passive,Station,KJs,2.447560594889126,8
Loose-passive,Station,QJs,2.223795544734338,8
Loose-passive,Station,A7s,2.446338669700568,8
Loose-passive,Station,A9s,2.328881110950375,8
Loose-passive,Station,KTo,2.5401214279224384,8
Loose-passive,Station,A8o,2.235862055971354,8
Loose-passive,Station,AJs,2.5395104653281586,8
Loose-passive,Station,ATs,2.332546886516051,8
Loose-passive,Station,K9s,2.5590612683450957,8
Loose-passive,Station,55,2.8753871515331952,8
Loose-passive,Station,66,2.0832741480501027,8
Loose-passive,Station,KQs,2.360498425204328,8
Loose-passive,Station,A8s,2.219671547222953,8
Loose-passive,Station,ATo,2.4365632681920992,8
Loose-passive,Station,A5s,2.5689894105021343,8
Loose-passive,Station,QTs,2.5883874728705014,8
Loose-passive,Station,K8s,2.3310194800303528,8
Loose-passive,Station,KTs,2.463903844286097,8
Loose-passive,Station,A4s,2.54714749775665,8
Loose-passive,Station,KJo,2.6569680240783513,8
Loose-passive,Station,K5s,2.51293359247701,8
Loose-passive,Station,A6s,2.1822500883233467,8
Loose-passive,Station,K9o,2.40204388161532,8
Loose-passive,Station,A3s,2.1782788314605313,8
Loose-passive,Station,44,2.1672815047635043,8
Loose-passive,Station,KQo,2.4518373330490815,8
Loose-passive,Station,K7s,2.5668510414221566,8
Loose-passive,Station,Q8s,2.149410848880835,8
Loose-passive,Station,A5o,2.5728079267163797,8
Loose-passive,Station,Q5s,2.527749435388283,8
Loose-passive,Station,A4o,2.407848026260973,8
Loose-passive,Station,Q9o,2.032716993373492,8
Loose-passive,Station,QTo,2.4449640038634395,8
Loose-passive,Station,Q9s,2.395781515023957,8
Loose-passive,Station,A6o,2.48712042286871,8
Loose-passive,Station,A2s,2.621379452961583,8
Loose-passive,Station,JTs,2.1782788314605313,8
Loose-passive,Station,K4o,2.270075961250994,8
Loose-passive,Station,K6s,2.396850699563946,8
Loose-passive,Station,K8o,2.345988063590195,8
Loose-passive,Station,K7o,2.554937270833711,8
Loose-passive,Station,J9o,2.3047480884763436,8
Loose-passive,Station,J8s,2.172780168112018,8
Loose-passive,Station,JTo,2.1133640558183577,8
Loose-passive,Station,K4s,2.386311594812628,8
Loose-passive,Station,K2s,2.553868086293722,8
Loose-passive,Station,K6o,2.4550448866690475,8
Loose-passive,Station,J9s,2.469097026337471,8
Loose-passive,Station,K3s,2.3721067144956347,8
Loose-passive,Station,A3o,2.2360147966199238,8
Loose-passive,Station,Q6s,2.1440649261808913,8
Loose-passive,Station,QJo,2.242277163211287,8
Loose-passive,Station,33,2.617255455450198,8
Loose-passive,Station,Q3s,2.1416210758037746,8
Loose-passive,Station,J7s,2.2628971507682127,8
Loose-passive,Station,Q6o,2.0832741480501027,8
Loose-passive,Station,Q7s,2.4105973579352296,8
Loose-passive,Station,J5s,2.5347755052224943,8
Loose-passive,Station,J6s,2.1517019586093826,8
Loose-passive,Station,T9o,2.0432560981248096,8
Loose-passive,Station,Q7o,2.2042447417174014,8
Loose-passive,Station,A2o,2.8961598797386916,8
Loose-passive,Station,K5o,2.681253787200953,8
Loose-passive,Station,K3o,2.6809483059038133,8
Loose-passive,Station,Q8o,1.9441274172029954,8
Loose-passive,Station,T7s,2.417165205823732,8
Loose-passive,Station,J8o,1.9589432601142682,8
Loose-passive,Station,97s,2.2577039687168385,8
Loose-passive,Station,T8s,2.139482706723797,8
Loose-passive,Station,Q4s,2.3071919388534607,8
Loose-passive,Station,J4s,2.190803564643257,8
Loose-passive,Station,J3s,2.0285929958621067,8
Loose-passive,Station,96s,2.253732711854023,8
Loose-passive,Station,J7o,2.0420341729362512,8
Loose-passive,Station,Q5o,2.306275494962042,8
Loose-passive,Station,J4o,1.82086571380715,8
Loose-passive,Station,98s,2.2515943427740455,8
Loose-passive,Station,T9s,2.4055569165324258,8
Loose-passive,Station,K2o,2.5853326598991053,8
Loose-passive,Station,Q4o,1.9305334994802814,8
Loose-passive,Station,22,2.3887554451897453,8
Loose-passive,Station,98o,2.0502821679590215,8
Loose-passive,Station,Q2s,2.271756108385262,8
Loose-passive,Station,T8o,1.9338937937488176,8
Loose-passive,Station,Q3o,2.236014796619924,8
Loose-passive,Station,J6o,2.0832741480501027,8
Loose-passive,Station,J5o,2.329186592247515,8
Loose-passive,Station,J2s,2.1666705421692254,8
Loose-passive,Station,T4s,2.3010823129106677,8
Loose-passive,Station,T3s,2.1434539635866123,8
Loose-passive,Station,97o,2.0450889859076478,8
Loose-passive,Station,87s,2.2622861881739333,8
Loose-passive,Station,96o,2.1970659312346195,8
Loose-passive,Station,T4o,1.9305334994802814,8
Loose-passive,Station,T5s,2.5213343281483502,8
Loose-passive,Station,T6s,2.13703885634668,8
Loose-passive,Station,85s,2.5919005077876074,8
Loose-passive,Station,J3o,2.119015459815441,8
Loose-passive,Station,76s,2.523930919174037,8
Loose-passive,Station,95s,2.620310268421594,8
Loose-passive,Station,T7o,2.21371466192873,8
Loose-passive,Station,T2s,2.284891804162267,8
Loose-passive,Station,T5o,2.3026097193963664,8
Loose-passive,Station,93s,2.2636608540110617,8
Loose-passive,Station,95o,2.422969350469385,8
Loose-passive,Station,75s,2.6238233033386997,8
Loose-passive,Station,Q2o,2.236014796619924,8
Loose-passive,Station,87o,2.047227354987625,8
Loose-passive,Station,86s,2.1578115845521757,8
Loose-passive,Station,94s,2.420372759443698,8
Loose-passive,Station,85o,2.325826297978979,8
Loose-passive,Station,92s,2.3884499638926053,8
Loose-passive,Station,T3o,2.236014796619924,8
Loose-passive,Station,86o,2.0869399236157786,8
Loose-passive,Station,T6o,2.236014796619924,8
Loose-passive,Station,93o,2.236014796619924,8
Loose-passive,Station,J2o,2.2760328465452173,8
Loose-passive,Station,65s,2.5289713605768416,8
Loose-passive,Station,76o,2.347209988778754,8
Loose-passive,Station,74s,2.4254132008465024,8
Loose-passive,Station,73s,2.2557183402854313,8
Loose-passive,Station,83s,2.050587649256161,8
Loose-passive,Station,84o,1.7826805516646946,8
Loose-passive,Station,T2o,2.236014796619924,8
Loose-passive,Station,84s,2.1492581082322655,8
Loose-passive,Station,54s,2.614200642478801,8
Loose-passive,Station,53s,2.4299954203035967,8
Loose-passive,Station,75o,2.4270933479807706,8
Loose-passive,Station,64s,2.394865071132538,8
Loose-passive,Station,92o,2.509573298208474,8
Loose-passive,Station,82s,2.2048557043116803,8
Loose-passive,Station,74o,2.0505876492561614,8
Loose-passive,Station,64o,2.01729018786794,8
Loose-passive,Station,43s,2.1620883227121306,8
Loose-passive,Station,82o,2.236014796619924,8
Loose-passive,Station,94o,2.0450889859076478,8
Loose-passive,Station,65o,2.3230769663047224,8
Loose-passive,Station,73o,2.356679908990083,8
Loose-passive,Station,72s,2.403265806803878,8
Loose-passive,Station,63s,2.1978296344774684,8
Loose-passive,Station,53o,2.7296725727975866,8
Loose-passive,Station,32s,2.408000766909543,8
Loose-passive,Station,83o,2.0832741480501027,8
Loose-passive,Station,62s,2.5989265776218193,8
Loose-passive,Station,42s,2.283669878973708,8
Loose-passive,Station,52s,2.587012807033373,8
Loose-passive,Station,62o,2.5014780438342736,8
Loose-passive,Station,72o,2.509420557559904,8
Loose-passive,Station,54o,2.5228617346340485,8
Loose-passive,Station,63o,2.292834317887898,8
Loose-passive,Station,32o,2.236014796619924,8
Loose-passive,Station,52o,2.6154225676673604,8
Loose-passive,Station,42o,2.3887554451897453,8
Loose-passive,Station,43o,2.236014796619924,8
Loose-passive,Maniac,AA,2.5283524582589494,8
Loose-passive,Maniac,KK,2.627182740730877,8
Loose-passive,Maniac,QQ,2.171027004195533,8
Loose-passive,Maniac,JJ,2.2158743592668277,8
Loose-passive,Maniac,TT,2.0862115201833857,8
Loose-passive,Maniac,99,1.962154600483856,8
Loose-passive,Maniac,88,2.080605600799474,8
Loose-passive,Maniac,AKs,2.3099292289302378,8
Loose-passive,Maniac,77,1.9049534601035703,8
Loose-passive,Maniac,AKo,2.3035966162928556,8
Loose-passive,Maniac,AJo,2.1912706019707704,8
Loose-passive,Maniac,AQo,2.128671168850422,8
Loose-passive,Maniac,AQs,2.0976309855950586,8
Loose-passive,Maniac,A9o,1.9919490238761282,8
Loose-passive,Maniac,A7o,2.1746604704628836,8
Loose-passive,Maniac,KJs,2.114967810356415,8
Loose-passive,Maniac,QJs,1.983851584766033,8
Loose-passive,Maniac,A7s,2.1745566571409594,8
Loose-passive,Maniac,A9s,2.098253865526604,8
Loose-passive,Maniac,KTo,2.214836226047585,8
Loose-passive,Maniac,A8o,2.0304637663100404,8
Loose-passive,Maniac,AJs,2.2030015073482154,8
Loose-passive,Maniac,ATs,2.098253865526604,8
Loose-passive,Maniac,K9s,2.229785344404683,8
Loose-passive,Maniac,55,2.4696979313717238,8
Loose-passive,Maniac,66,1.9282076442146119,8
Loose-passive,Maniac,KQs,2.1350037814878036,8
Loose-passive,Maniac,A8s,2.022054887234173,8
Loose-passive,Maniac,ATo,2.1693659910447445,8
Loose-passive,Maniac,A5s,2.2664314470439586,8
Loose-passive,Maniac,QTs,2.2645628072493214,8
Loose-passive,Maniac,K8s,2.04593195127676,8
Loose-passive,Maniac,KTs,2.1602304187154067,8
Loose-passive,Maniac,A4s,2.244838276083706,8
Loose-passive,Maniac,KJo,2.297783070265095,8
Loose-passive,Maniac,K5s,2.1944888149504234,8
Loose-passive,Maniac,A6s,1.9932985970611439,8
Loose-passive,Maniac,K9o,2.115590690287961,8
Loose-passive,Maniac,A3s,1.9970358766504184,8
Loose-passive,Maniac,44,1.9819829449713957,8
Loose-passive,Maniac,KQo,2.20673878693749,8
Loose-passive,Maniac,K7s,2.1983299078616225,8
Loose-passive,Maniac,Q8s,1.9621546004838557,8
Loose-passive,Maniac,A5o,2.26041027437235,8
Loose-passive,Maniac,Q5s,2.2183658789930107,8
Loose-passive,Maniac,A4o,2.1484995133379616,8
Loose-passive,Maniac,Q9o,1.9042267668501005,8
Loose-passive,Maniac,QTo,2.1704041242639875,8
Loose-passive,Maniac,Q9s,2.144658420426763,8
Loose-passive,Maniac,A6o,2.2047663338209285,8
Loose-passive,Maniac,A2s,2.3039080562586287,8
Loose-passive,Maniac,JTs,1.9718092394228148,8
Loose-passive,Maniac,K4o,2.0026417960343297,8
Loose-passive,Maniac,K6s,2.117459330082598,8
Loose-passive,Maniac,K8o,2.0389764587078325,8
Loose-passive,Maniac,K7o,2.199368041080865,8
Loose-passive,Maniac,J9o,2.0809170407652466,8
Loose-passive,Maniac,J8s,1.9706672928816475,8
Loose-passive,Maniac,JTo,1.929245777433855,8
Loose-passive,Maniac,K4s,2.0936860793619347,8
Loose-passive,Maniac,K2s,2.218469692314935,8
Loose-passive,Maniac,K6o,2.156493139126132,8
Loose-passive,Maniac,J9s,2.1921011085461646,8
Loose-passive,Maniac,K3s,2.1019911451158784,8
Loose-passive,Maniac,A3o,2.032020966138905,8
Loose-passive,Maniac,Q6s,1.9620507871619313,8
Loose-passive,Maniac,QJo,2.032020966138905,8
Loose-passive,Maniac,33,2.2944610439635174,8
Loose-passive,Maniac,Q3s,1.963296547025023,8
Loose-passive,Maniac,J7s,2.0247540336042045,8
Loose-passive,Maniac,Q6o,1.9282076442146119,8
Loose-passive,Maniac,Q7s,2.1460079936117786,8
Loose-passive,Maniac,J5s,2.2242832383426956,8
Loose-passive,Maniac,J6s,1.9659956933950544,8
Loose-passive,Maniac,T9o,1.9052649000693431,8
Loose-passive,Maniac,Q7o,2.0017074761370113,8
Loose-passive,Maniac,A2o,2.474577157502166,8
Loose-passive,Maniac,K5o,2.298094510230868,8
Loose-passive,Maniac,K3o,2.307645335847903,8
Loose-passive,Maniac,Q8o,1.8255362688314862,8
Loose-passive,Maniac,T7s,2.151094846386069,8
Loose-passive,Maniac,J8o,1.8387205607158714,8
Loose-passive,Maniac,97s,2.042921364940956,8
Loose-passive,Maniac,T8s,1.9566524944218682,8
Loose-passive,Maniac,Q4s,2.074792054771714,8
Loose-passive,Maniac,J4s,1.967864333189692,8
Loose-passive,Maniac,J3s,1.8518010392783322,8
Loose-passive,Maniac,96s,2.039495525317454,8
Loose-passive,Maniac,J7o,1.8996589806854314,8
Loose-passive,Maniac,Q5o,2.0860038935395373,8
Loose-passive,Maniac,J4o,1.720581000366026,8
Loose-passive,Maniac,98s,2.043440431550577,8
Loose-passive,Maniac,T9s,2.1470461268310213,8
Loose-passive,Maniac,K2o,2.2463954759125704,8
Loose-passive,Maniac,Q4o,1.824394322290319,8
Loose-passive,Maniac,22,2.135834288063198,8
Loose-passive,Maniac,98o,1.9118051393505737,8
Loose-passive,Maniac,Q2s,2.0581819232638265,8
Loose-passive,Maniac,T8o,1.824394322290319,8
Loose-passive,Maniac,Q3o,2.032020966138905,8
Loose-passive,Maniac,J6o,1.9282076442146119,8
Loose-passive,Maniac,J5o,2.0827856805598843,8
Loose-passive,Maniac,J2s,1.9576906276411112,8
Loose-passive,Maniac,T4s,2.0700166419631962,8
Loose-passive,Maniac,T3s,1.9591440141480512,8
Loose-passive,Maniac,97o,1.9085869263709205,8
Loose-passive,Maniac,87s,2.030982832919662,8
Loose-passive,Maniac,96o,2.0105316085005764,8
Loose-passive,Maniac,T4o,1.824394322290319,8
Loose-passive,Maniac,T5s,2.213694279506418,8
Loose-passive,Maniac,T6s,1.9574830009972626,8
Loose-passive,Maniac,85s,2.2568806214269235,8
Loose-passive,Maniac,J3o,1.928207644214612,8
Loose-passive,Maniac,76s,2.214420972759888,8
Loose-passive,Maniac,95s,2.3052576294436444,8
Loose-passive,Maniac,T7o,2.018213794322974,8
Loose-passive,Maniac,T2s,2.0556904035376435,8
Loose-passive,Maniac,T5o,2.0826818672379597,8
Loose-passive,Maniac,93s,2.0380421388105137,8
Loose-passive,Maniac,95o,2.163241005051211,8
Loose-passive,Maniac,75s,2.295291550538912,8
Loose-passive,Maniac,Q2o,2.032020966138905,8
Loose-passive,Maniac,87o,1.8993475407196585,8
Loose-passive,Maniac,86s,1.9412881227770729,8
Loose-passive,Maniac,94s,2.162306685153893,8
Loose-passive,Maniac,85o,2.0737539215524707,8
Loose-passive,Maniac,92s,2.144035540495217,8
Loose-passive,Maniac,T3o,2.032020966138905,8
Loose-passive,Maniac,86o,1.9282076442146119,8
Loose-passive,Maniac,T6o,2.032020966138905,8
Loose-passive,Maniac,93o,2.032020966138905,8
Loose-passive,Maniac,J2o,2.032020966138905,8
Loose-passive,Maniac,65s,2.2026900673824423,8
Loose-passive,Maniac,76o,2.105728424705153,8
Loose-passive,Maniac,74s,2.1509910330641446,8
Loose-passive,Maniac,73s,2.0415717917559397,8
Loose-passive,Maniac,83s,1.888550955239532,8
Loose-passive,Maniac,84o,1.720581000366026,8
Loose-passive,Maniac,T2o,2.032020966138905,8
Loose-passive,Maniac,84s,1.9583135075726568,8
Loose-passive,Maniac,54s,2.2809653121133593,8
Loose-passive,Maniac,53s,2.150991033064145,8
Loose-passive,Maniac,75o,2.1633448183731354,8
Loose-passive,Maniac,64s,2.118808903267614,8
Loose-passive,Maniac,92o,2.2245946783084682,8
Loose-passive,Maniac,82s,2.013126941548684,8
Loose-passive,Maniac,74o,1.9017352471239173,8
Loose-passive,Maniac,64o,1.8823221559240746,8
Loose-passive,Maniac,43s,1.967864333189692,8
Loose-passive,Maniac,82o,2.032020966138905,8
Loose-passive,Maniac,94o,1.9072373531859048,8
Loose-passive,Maniac,65o,2.0743768014840165,8
Loose-passive,Maniac,73o,2.1148639970344907,8
Loose-passive,Maniac,72s,2.1389486877209265,8
Loose-passive,Maniac,63s,1.9803219318206071,8
Loose-passive,Maniac,53o,2.360071063419671,8
Loose-passive,Maniac,32s,2.133758021624712,8
Loose-passive,Maniac,83o,1.928207644214612,8
Loose-passive,Maniac,62s,2.257711128002318,8
Loose-passive,Maniac,42s,2.0602581897023127,8
Loose-passive,Maniac,52s,2.278681419031025,8
Loose-passive,Maniac,62o,2.209956999917143,8
Loose-passive,Maniac,72o,2.215355292657206,8
Loose-passive,Maniac,54o,2.2217917186165126,8
Loose-passive,Maniac,63o,2.057351416688433,8
Loose-passive,Maniac,32o,2.032020966138905,8
Loose-passive,Maniac,52o,2.297160190333549,8
Loose-passive,Maniac,42o,2.1358342880631978,8
Loose-passive,Maniac,43o,2.032020966138905,8
Station,Nit,AA,1.5495808424967894,8
Station,Nit,KK,1.5656476163043078,8
Station,Nit,QQ,1.5277397894637337,8
Station,Nit,JJ,1.5436077617955688,8
Station,Nit,TT,1.5292398369620734,8
Station,Nit,99,1.5187033587508438,8
Station,Nit,88,1.532745972078675,8
Station,Nit,AKs,1.5386738706263308,8
Station,Nit,77,1.527739789463734,8
Station,Nit,AKo,1.5385021784427861,8
Station,Nit,AJo,1.5459933795037717,8
Station,Nit,AQo,1.5367762201766242,8
Station,Nit,AQs,1.5367762201766237,8
Station,Nit,A9o,1.527739789463734,8
Station,Nit,A7o,1.545812650889514,8
Station,Nit,KJs,1.527739789463734,8
Station,Nit,QJs,1.52475776732848,8
Station,Nit,A7s,1.545812650889514,8
Station,Nit,A9s,1.5367762201766237,8
Station,Nit,KTo,1.5402823552932254,8
Station,Nit,A8o,1.527739789463734,8
Station,Nit,AJs,1.5365412729780887,8
Station,Nit,ATs,1.5367762201766242,8
Station,Nit,K9s,1.5367762201766237,8
Station,Nit,55,1.5601082842773064,8
Station,Nit,66,1.5277397894637337,8
Station,Nit,KQs,1.5367762201766237,8
Station,Nit,A8s,1.527739789463734,8
Station,Nit,ATo,1.5377160089707647,8
Station,Nit,A5s,1.5468428039907836,8
Station,Nit,QTs,1.5520839338042598,8
Station,Nit,K8s,1.527739789463734,8
Station,Nit,KTs,1.5367762201766242,8
Station,Nit,A4s,1.549354931728967,8
Station,Nit,KJo,1.545812650889514,8
Station,Nit,K5s,1.543842708994104,8
Station,Nit,A6s,1.527739789463734,8
Station,Nit,K9o,1.527739789463734,8
Station,Nit,A3s,1.527739789463734,8
Station,Nit,44,1.5276674980180307,8
Station,Nit,KQo,1.540372719600354,8
Station,Nit,K7s,1.545812650889514,8
Station,Nit,Q8s,1.5247396944670544,8
Station,Nit,A5o,1.5468428039907836,8
Station,Nit,Q5s,1.5471861883578732,8
Station,Nit,A4o,1.5404269381846314,8
Station,Nit,Q9o,1.5187033587508436,8
Station,Nit,QTo,1.5490657659461544,8
Station,Nit,Q9s,1.5338303437642216,8
Station,Nit,A6o,1.545812650889514,8
Station,Nit,A2s,1.5511441450101193,8
Station,Nit,JTs,1.5276855708794566,8
Station,Nit,K4o,1.527739789463734,8
Station,Nit,K6s,1.5371376774051395,8
Station,Nit,K8o,1.527739789463734,8
Station,Nit,K7o,1.545812650889514,8
Station,Nit,J9o,1.5256433375383434,8
Station,Nit,J8s,1.5237276142272107,8
Station,Nit,JTo,1.5253722446169566,8
Station,Nit,K4s,1.5367762201766237,8
Station,Nit,K2s,1.5511260721486937,8
Station,Nit,K6o,1.545812650889514,8
Station,Nit,J9s,1.5382220490906864,8
Station,Nit,K3s,1.5371557502665651,8
Station,Nit,A3o,1.5367762201766242,8
Station,Nit,Q6s,1.524685475882777,8
Station,Nit,QJo,1.536776220176624,8
Station,Nit,33,1.5491561302532835,8
Station,Nit,Q3s,1.52475776732848,8
Station,Nit,J7s,1.5365774187009404,8
Station,Nit,Q6o,1.5277397894637337,8
Station,Nit,Q7s,1.5428306287542604,8
Station,Nit,J5s,1.54548733938385,8
Station,Nit,J6s,1.5226974611259412,8
Station,Nit,T9o,1.5187033587508436,8
Station,Nit,Q7o,1.536776220176624,8
Station,Nit,A2o,1.564987956862267,8
Station,Nit,K5o,1.5526803382313106,8
Station,Nit,K3o,1.5559515261493768,8
Station,Nit,Q8o,1.5187033587508436,8
Station,Nit,T7s,1.5461198895337525,8
Station,Nit,J8o,1.5148538392671524,8
Station,Nit,97s,1.5279205180779918,8
Station,Nit,T8s,1.5276132794337534,8
Station,Nit,Q4s,1.5332881579214481,8
Station,Nit,J4s,1.527739789463734,8
Station,Nit,J3s,1.5184141929680313,8
Station,Nit,96s,1.5278662994937144,8
Station,Nit,J7o,1.527739789463734,8
Station,Nit,Q5o,1.5413125083944947,8
Station,Nit,J4o,1.5096669280379535,8
Station,Nit,98s,1.5273783322352184,8
Station,Nit,T9s,1.536685855869495,8
Station,Nit,K2o,1.5548490816024043,8
Station,Nit,Q4o,1.5187033587508436,8
Station,Nit,22,1.545812650889514,8
Station,Nit,98o,1.5187033587508438,8
Station,Nit,Q2s,1.542198078604358,8
Station,Nit,T8o,1.5187033587508436,8
Station,Nit,Q3o,1.536776220176624,8
Station,Nit,J6o,1.5277397894637337,8
Station,Nit,J5o,1.5364147629481084,8
Station,Nit,J2s,1.5327640449401008,8
Station,Nit,T4s,1.5369208030680301,8
Station,Nit,T3s,1.528119319553675,8
Station,Nit,97o,1.5187033587508438,8
Station,Nit,87s,1.536703928730921,8
Station,Nit,96o,1.5277397894637337,8
Station,Nit,T4o,1.5187033587508436,8
Station,Nit,T5s,1.5501682104931271,8
Station,Nit,T6s,1.5279928095236948,8
Station,Nit,85s,1.5449632264025026,8
Station,Nit,J3o,1.527739789463734,8
Station,Nit,76s,1.5504754491373656,8
Station,Nit,95s,1.5504031576916624,8
Station,Nit,T7o,1.536776220176624,8
Station,Nit,T2s,1.5418908399601197,8
Station,Nit,T5o,1.5413125083944947,8
Station,Nit,93s,1.5283723396136364,8
Station,Nit,95o,1.54120407122594,8
Station,Nit,75s,1.5590419854531854,8
Station,Nit,Q2o,1.536776220176624,8
Station,Nit,87o,1.527739789463734,8
Station,Nit,86s,1.5225709510959606,8
Station,Nit,94s,1.5369208030680301,8
Station,Nit,85o,1.5360533057195929,8
Station,Nit,92s,1.5415655284544556,8
Station,Nit,T3o,1.536776220176624,8
Station,Nit,86o,1.5277397894637337,8
Station,Nit,T6o,1.536776220176624,8
Station,Nit,93o,1.536776220176624,8
Station,Nit,J2o,1.536776220176624,8
Station,Nit,65s,1.5443668219754514,8
Station,Nit,76o,1.5412402169487918,8
Station,Nit,74s,1.5456861408595337,8
Station,Nit,73s,1.5369930945137333,8
Station,Nit,83s,1.5181973186309219,8
Station,Nit,84o,1.5096669280379535,8
Station,Nit,T2o,1.536776220176624,8
Station,Nit,84s,1.5274867694037728,8
Station,Nit,54s,1.5552828302766228,8
Station,Nit,53s,1.5416558927615844,8
Station,Nit,75o,1.550023627601721,8
Station,Nit,64s,1.5412582898102172,8
Station,Nit,92o,1.5458126508895143,8
Station,Nit,82s,1.5349508611726201,8
Station,Nit,74o,1.527739789463734,8
Station,Nit,64o,1.5235830313358043,8
Station,Nit,43s,1.5278482266322884,8
Station,Nit,82o,1.536776220176624,8
Station,Nit,94o,1.5187033587508438,8
Station,Nit,65o,1.5350592983411748,8
Station,Nit,73o,1.5458126508895143,8
Station,Nit,72s,1.5506561777516232,8
Station,Nit,63s,1.5272698950666634,8
Station,Nit,53o,1.5600540656930288,8
Station,Nit,32s,1.540698031106018,8
Station,Nit,83o,1.527739789463734,8
Station,Nit,62s,1.5548310087409782,8
Station,Nit,42s,1.5415836013158812,8
Station,Nit,52s,1.5558069432579704,8
Station,Nit,62o,1.550095919047424,8
Station,Nit,72o,1.5548490816024043,8
Station,Nit,54o,1.5500236276017207,8
Station,Nit,63o,1.5353846098468389,8
Station,Nit,32o,1.536776220176624,8
Station,Nit,52o,1.5592407869288687,8
Station,Nit,42o,1.545812650889514,8
Station,Nit,43o,1.536776220176624,8
Station,TAG,AA,1.6691782172736014,8
Station,TAG,KK,1.676065082009877,8
Station,TAG,QQ,1.5940768664687808,8
Station,TAG,JJ,1.6266213908557716,8
Station,TAG,TT,1.5899883583799628,8
Station,TAG,99,1.5746155679660072,8
Station,TAG,88,1.6148101452658532,8
Station,TAG,AKs,1.626021743002745,8
Station,TAG,77,1.5927867150274204,8
Station,TAG,AKo,1.6262943102086662,8
Station,TAG,AJo,1.6135018226774314,8
Station,TAG,AQo,1.612211671236071,8
Station,TAG,AQs,1.6109578620888336,8
Station,TAG,A9o,1.5927867150274204,8
Station,TAG,A7o,1.6291290091502468,8
Station,TAG,KJs,1.597474870969265,8
Station,TAG,QJs,1.593913326145228,8
Station,TAG,A7s,1.6291290091502468,8
Station,TAG,A9s,1.6109578620888336,8
Station,TAG,KTo,1.6196618415312505,8
Station,TAG,A8o,1.5927867150274204,8
Station,TAG,AJs,1.5950762795571585,8
Station,TAG,ATs,1.6109578620888336,8
Station,TAG,K9s,1.614628433795239,8
Station,TAG,55,1.6712860703327255,8
Station,TAG,66,1.5927867150274204,8
Station,TAG,KQs,1.6109578620888336,8
Station,TAG,A8s,1.5927867150274204,8
Station,TAG,ATo,1.6125205807361151,8
Station,TAG,A5s,1.6398499859164806,8
Station,TAG,QTs,1.648572136505959,8
Station,TAG,K8s,1.5973658440868965,8
Station,TAG,KTs,1.6153916219718183,8
Station,TAG,A4s,1.6387960593869186,8
Station,TAG,KJo,1.6331993460920033,8
Station,TAG,K5s,1.6301829356798088,8
Station,TAG,A6s,1.5927867150274204,8
Station,TAG,K9o,1.5975838978516335,8
Station,TAG,A3s,1.5927867150274204,8
Station,TAG,44,1.5958394677337377,8
Station,TAG,KQo,1.622405684737524,8
Station,TAG,K7s,1.6339988765627054,8
Station,TAG,Q8s,1.5946401720276846,8
Station,TAG,A5o,1.6405404895048141,8
Station,TAG,Q5s,1.6419941812697274,8
Station,TAG,A4o,1.6215334696785761,8
Station,TAG,Q9o,1.5746155679660072,8
Station,TAG,QTo,1.6317456543270903,8
Station,TAG,Q9s,1.613174742030326,8
Station,TAG,A6o,1.6291290091502468,8
Station,TAG,A2s,1.6471184447410459,8
Station,TAG,JTs,1.5963482598514573,8
Station,TAG,K4o,1.5969660788515454,8
Station,TAG,K6s,1.616082125560152,8
Station,TAG,K8o,1.5976202401457562,8
Station,TAG,K7o,1.6333810575626175,8
Station,TAG,J9o,1.5777410052605703,8
Station,TAG,J8s,1.5942040644982107,8
Station,TAG,JTo,1.5904244659094366,8
Station,TAG,K4s,1.615246252795327,8
Station,TAG,K2s,1.6438476382699914,8
Station,TAG,K6o,1.6291290091502468,8
Station,TAG,J9s,1.6000915161461087,8
Station,TAG,K3s,1.615209910501204,8
Station,TAG,A3o,1.6109578620888336,8
Station,TAG,Q6s,1.5940586953217193,8
Station,TAG,QJo,1.6109578620888336,8
Station,TAG,33,1.6471184447410459,8
Station,TAG,Q3s,1.5941677222040878,8
Station,TAG,J7s,1.6125205807361151,8
Station,TAG,Q6o,1.5927867150274204,8
Station,TAG,Q7s,1.6322907887389326,8
Station,TAG,J5s,1.6413763622696393,8
Station,TAG,J6s,1.5921325537332096,8
Station,TAG,T9o,1.5746155679660072,8
Station,TAG,Q7o,1.6109578620888336,8
Station,TAG,A2o,1.6739754000978144,8
Station,TAG,K5o,1.6487175056824501,8
Station,TAG,K3o,1.652279050506487,8
Station,TAG,Q8o,1.5746155679660072,8
Station,TAG,T7s,1.6330903192096349,8
Station,TAG,J8o,1.5739250643776734,8
Station,TAG,97s,1.5976565824398792,8
Station,TAG,T8s,1.596857051969177,8
Station,TAG,Q4s,1.611284942735939,8
Station,TAG,J4s,1.596021179204352,8
Station,TAG,J3s,1.5776683206723248,8
Station,TAG,96s,1.5954760447925096,8
Station,TAG,J7o,1.5927867150274204,8
Station,TAG,Q5o,1.6237503496200685,8
Station,TAG,J4o,1.556444420904594,8
Station,TAG,98s,1.5962028906749661,8
Station,TAG,T9s,1.6149918567364674,8
Station,TAG,K2o,1.64730015621166,8
Station,TAG,Q4o,1.5746155679660072,8
Station,TAG,22,1.6291290091502468,8
Station,TAG,98o,1.5746155679660072,8
Station,TAG,Q2s,1.6206975969137511,8
Station,TAG,T8o,1.5746155679660072,8
Station,TAG,Q3o,1.6109578620888336,8
Station,TAG,J6o,1.5927867150274204,8
Station,TAG,J5o,1.6212063890314705,8
Station,TAG,J2s,1.6040528262054965,8
Station,TAG,T4s,1.6145557492069935,8
Station,TAG,T3s,1.596021179204352,8
Station,TAG,97o,1.5746155679660072,8
Station,TAG,87s,1.6155369911483097,8
Station,TAG,96o,1.5927867150274204,8
Station,TAG,T4o,1.5746155679660072,8
Station,TAG,T5s,1.644392772681834,8
Station,TAG,T6s,1.5962392329690889,8
Station,TAG,85s,1.6448652225054305,8
Station,TAG,J3o,1.5927867150274204,8
Station,TAG,76s,1.6438839805641141,8
Station,TAG,95s,1.6463552565644664,8
Station,TAG,T7o,1.6109578620888336,8
Station,TAG,T2s,1.62171518114919,8
Station,TAG,T5o,1.6228781345611205,8
Station,TAG,93s,1.5969660788515454,8
Station,TAG,95o,1.6237140073259455,8
Station,TAG,75s,1.6628910003903525,8
Station,TAG,Q2o,1.6109578620888336,8
Station,TAG,87o,1.5927867150274204,8
Station,TAG,86s,1.5931864802627715,8
Station,TAG,94s,1.6141923262657651,8
Station,TAG,85o,1.6213881005020847,8
Station,TAG,92s,1.622551053914015,8
Station,TAG,T3o,1.6109578620888336,8
Station,TAG,86o,1.5927867150274204,8
Station,TAG,T6o,1.6109578620888336,8
Station,TAG,93o,1.6109578620888336,8
Station,TAG,J2o,1.6109578620888336,8
Station,TAG,65s,1.6437022690935001,8
Station,TAG,76o,1.6224420270316466,8
Station,TAG,74s,1.6329449500331437,8
Station,TAG,73s,1.6140106147951512,8
Station,TAG,83s,1.578431508848904,8
Station,TAG,84o,1.556444420904594,8
Station,TAG,T2o,1.6109578620888336,8
Station,TAG,84s,1.5966026559103172,8
Station,TAG,54s,1.6514068354475395,8
Station,TAG,53s,1.6265850485616489,8
Station,TAG,75o,1.6423212619168328,8
Station,TAG,64s,1.626984813797,8
Station,TAG,92o,1.6291290091502468,8
Station,TAG,82s,1.6096858817945348,8
Station,TAG,74o,1.5927867150274204,8
Station,TAG,64o,1.5854819139087322,8
Station,TAG,43s,1.5962392329690889,8
Station,TAG,82o,1.6109578620888336,8
Station,TAG,94o,1.5746155679660072,8
Station,TAG,65o,1.6200434356195401,8
Station,TAG,73o,1.6291290091502468,8
Station,TAG,72s,1.6391958246222698,8
Station,TAG,63s,1.5990012473224235,8
Station,TAG,53o,1.6628910003903525,8
Station,TAG,32s,1.625894544973315,8
Station,TAG,83o,1.5927867150274204,8
Station,TAG,62s,1.65591327991877,8
Station,TAG,42s,1.6216061542668216,8
Station,TAG,52s,1.6546412996244708,8
Station,TAG,62o,1.6400680396812175,8
Station,TAG,72o,1.64730015621166,8
Station,TAG,54o,1.6417761275049902,8
Station,TAG,63o,1.6132474266185717,8
Station,TAG,32o,1.6109578620888336,8
Station,TAG,52o,1.6589660326250872,8
Station,TAG,42o,1.6291290091502468,8
Station,TAG,43o,1.6109578620888336,8
Station,LAG,AA,1.9338221243446814,8
Station,LAG,KK,1.9762105995243933,8
Station,LAG,QQ,1.742609878643501,8
Station,LAG,JJ,1.7951055814816348,8
Station,LAG,TT,1.6820696476690702,8
Station,LAG,99,1.6285425950698729,8
Station,LAG,88,1.7479728974010307,8
Station,LAG,AKs,1.815010631870161,8
Station,LAG,77,1.6714467451301163,8
Station,LAG,AKo,1.8165060890237035,8
Station,LAG,AJo,1.7603490945337938,8
Station,LAG,AQo,1.749107382138201,8
Station,LAG,AQs,1.7393611268961502,8
Station,LAG,A9o,1.6825337550615491,8
Station,LAG,A7o,1.784946786335159,8
Station,LAG,KJs,1.740444044145267,8
Station,LAG,QJs,1.6893406634845687,8
Station,LAG,A7s,1.783245059229404,8
Station,LAG,A9s,1.7357514027324283,8
Station,LAG,KTo,1.7869063508811798,8
Station,LAG,A8o,1.686246614201378,8
Station,LAG,AJs,1.735751402732428,8
Station,LAG,ATs,1.7378141022545552,8
Station,LAG,K9s,1.79015510262853,8
Station,LAG,55,1.9336158543924684,8
Station,LAG,66,1.6739219845566686,8
Station,LAG,KQs,1.7428161485957134,8
Station,LAG,A8s,1.6857825068088994,8
Station,LAG,ATo,1.7569456403222836,8
Station,LAG,A5s,1.8134636072285661,8
Station,LAG,QTs,1.8334202251051455,8
Station,LAG,K8s,1.7307493563912697,8
Station,LAG,KTs,1.7868547833931268,8
Station,LAG,A4s,1.8046455667714727,8
Station,LAG,KJo,1.8381128665179847,8
Station,LAG,K5s,1.8053159441161641,8
Station,LAG,A6s,1.685730939320846,8
Station,LAG,K9o,1.7360608076607469,8
Station,LAG,A3s,1.6866591541058034,8
Station,LAG,44,1.693311360064663,8
Station,LAG,KQo,1.7678779477895574,8
Station,LAG,K7s,1.8333686576170924,8
Station,LAG,Q8s,1.6865044516416439,8
Station,LAG,A5o,1.8132057697883002,8
Station,LAG,Q5s,1.8090288032559925,8
Station,LAG,A4o,1.7526139713258169,8
Station,LAG,Q9o,1.6296255123189893,8
Station,LAG,QTo,1.773240966547088,8
Station,LAG,Q9s,1.7450335505819998,8
Station,LAG,A6o,1.790103535140477,8
Station,LAG,A2s,1.8320794704157626,8
Station,LAG,JTs,1.6871232614982818,8
Station,LAG,K4o,1.734565350507205,8
Station,LAG,K6s,1.7667434630523875,8
Station,LAG,K8o,1.7278615770602919,8
Station,LAG,K7o,1.8272836940268173,8
Station,LAG,J9o,1.6793365708022523,8
Station,LAG,J8s,1.7004276734160018,8
Station,LAG,JTo,1.6725812298672857,8
Station,LAG,K4s,1.7571519102744966,8
Station,LAG,K2s,1.8294495285250512,8
Station,LAG,K6o,1.8004686002391654,8
Station,LAG,J9s,1.7295633041660465,8
Station,LAG,K3s,1.7646807635302606,8
Station,LAG,A3o,1.7254894726098455,8
Station,LAG,Q6s,1.6814508378124324,8
Station,LAG,QJo,1.7254894726098455,8
Station,LAG,33,1.8396598911595796,8
Station,LAG,Q3s,1.686298181689431,8
Station,LAG,J7s,1.7309556263434824,8
Station,LAG,Q6o,1.6739219845566686,8
Station,LAG,Q7s,1.7828325193249788,8
Station,LAG,J5s,1.8182078161294584,8
Station,LAG,J6s,1.6972304891567047,8
Station,LAG,T9o,1.6293161073906703,8
Station,LAG,Q7o,1.7213125060775383,8
Station,LAG,A2o,1.9175267981198774,8
Station,LAG,K5o,1.858017916906511,8
Station,LAG,K3o,1.8659593100667005,8
Station,LAG,Q8o,1.6223544965034913,8
Station,LAG,T7s,1.7833481942055105,8
Station,LAG,J8o,1.6354526384689985,8
Station,LAG,97s,1.6952709246106843,8
Station,LAG,T8s,1.683719807286772,8
Station,LAG,Q4s,1.7400315042408414,8
Station,LAG,J4s,1.6934144950407695,8
Station,LAG,J3s,1.6378247429194448,8
Station,LAG,96s,1.692383145279706,8
Station,LAG,J7o,1.668558965799138,8
Station,LAG,Q5o,1.7435380934284574,8
Station,LAG,J4o,1.5761500272078446,8
Station,LAG,98s,1.6926409827199718,8
Station,LAG,T9s,1.7442084707731493,8
Station,LAG,K2o,1.8532737080056187,8
Station,LAG,Q4o,1.6223544965034913,8
Station,LAG,22,1.7770569606630229,8
Station,LAG,98o,1.6307599970561593,8
Station,LAG,Q2s,1.7375562648142893,8
Station,LAG,T8o,1.6223544965034913,8
Station,LAG,Q3o,1.7254894726098455,8
Station,LAG,J6o,1.6739219845566686,8
Station,LAG,J5o,1.7624117940559203,8
Station,LAG,J2s,1.6943427098257264,8
Station,LAG,T4s,1.7398252342886287,8
Station,LAG,T3s,1.6869169915460691,8
Station,LAG,97o,1.6303990246397873,8
Station,LAG,87s,1.7342043780908327,8
Station,LAG,96o,1.6825337550615491,8
Station,LAG,T4o,1.6223544965034913,8
Station,LAG,T5s,1.8020156248807604,8
Station,LAG,T6s,1.684854292023942,8
Station,LAG,85s,1.8258398043613284,8
Station,LAG,J3o,1.6789755983858798,8
Station,LAG,76s,1.8149074968940548,8
Station,LAG,95s,1.8138245796449382,8
Station,LAG,T7o,1.7220860183983362,8
Station,LAG,T2s,1.7386907495514592,8
Station,LAG,T5o,1.7464258727594353,8
Station,LAG,93s,1.693723899969089,8
Station,LAG,95o,1.7518404590050194,8
Station,LAG,75s,1.8535315454458847,8
Station,LAG,Q2o,1.7254894726098455,8
Station,LAG,87o,1.6688683707274574,8
Station,LAG,86s,1.7037279926514048,8
Station,LAG,94s,1.7512216491483812,8
Station,LAG,85o,1.7551923457284757,8
Station,LAG,92s,1.751737324028913,8
Station,LAG,T3o,1.7254894726098455,8
Station,LAG,86o,1.6739219845566686,8
Station,LAG,T6o,1.7254894726098455,8
Station,LAG,93o,1.7254894726098455,8
Station,LAG,J2o,1.7299242765824188,8
Station,LAG,65s,1.8214050003887552,8
Station,LAG,76o,1.7544704008957313,8
Station,LAG,74s,1.7890721853794131,8
Station,LAG,73s,1.7323479485209181,8
Station,LAG,83s,1.6340087488035095,8
Station,LAG,84o,1.5707870084503144,8
Station,LAG,T2o,1.7254894726098455,8
Station,LAG,84s,1.691248660542536,8
Station,LAG,54s,1.8440946951321533,8
Station,LAG,53s,1.7770569606630227,8
Station,LAG,75o,1.7895878602599447,8
Station,LAG,64s,1.7595240147249425,8
Station,LAG,92o,1.784895218847106,8
Station,LAG,82s,1.7161041897841676,8
Station,LAG,74o,1.6697450180243614,8
Station,LAG,64o,1.6425689518203366,8
Station,LAG,43s,1.690939255614217,8
Station,LAG,82o,1.7254894726098455,8
Station,LAG,94o,1.6303474571517338,8
Station,LAG,65o,1.7569456403222836,8
Station,LAG,73o,1.7728799941307152,8
Station,LAG,72s,1.792785044519242,8
Station,LAG,63s,1.6963022743717475,8
Station,LAG,53o,1.8827703111720357,8
Station,LAG,32s,1.7720033468338117,8
Station,LAG,83o,1.6739219845566682,8
Station,LAG,62s,1.8342968724020494,8
Station,LAG,42s,1.7432286885001385,8
Station,LAG,52s,1.8352250871870068,8
Station,LAG,62o,1.8085131283754605,8
Station,LAG,72o,1.8247568871122115,8
Station,LAG,54o,1.817898411201139,8
Station,LAG,63o,1.7397220993125222,8
Station,LAG,32o,1.7254894726098455,8
Station,LAG,52o,1.848529499104726,8
Station,LAG,42o,1.7770569606630224,8
Station,LAG,43o,1.7254894726098455,8
Station,Loose-passive,AA,2.1428208414552827,8
Station,Loose-passive,KK,2.1766872648192397,8
Station,Loose-passive,QQ,1.9088727876685156,8
Station,Loose-passive,JJ,1.964857282220614,8
Station,Loose-passive,TT,1.8265743818654843,8
Station,Loose-passive,99,1.7744860245145488,8
Station,Loose-passive,88,1.905336293901306,8
Station,Loose-passive,AKs,1.9874548779873606,8
Station,Loose-passive,77,1.8142266239664133,8
Station,Loose-passive,AKo,1.9917106586224773,8
Station,Loose-passive,AJo,1.912169519146423,8
Station,Loose-passive,AQo,1.9032383738699103,8
Station,Loose-passive,AQs,1.8931084171468862,8
Station,Loose-passive,A9o,1.8307702219282753,8
Station,Loose-passive,A7o,1.946455526516659,8
Station,Loose-passive,KJs,1.9073742733603758,8
Station,Loose-passive,QJs,1.8635577149903717,8
Station,Loose-passive,A7s,1.9464555265166588,8
Station,Loose-passive,A9s,1.889511982807351,8
Station,Loose-passive,KTo,1.9621000158936373,8
Station,Loose-passive,A8o,1.8320289739471127,8
Station,Loose-passive,AJs,1.8827986387068851,8
Station,Loose-passive,ATs,1.8898716262413044,8
Station,Loose-passive,K9s,1.9632988273401488,8
Station,Loose-passive,55,2.1176458010785364,8
Station,Loose-passive,66,1.817463414871995,8
Station,Loose-passive,KQs,1.9078537979389805,8
Station,Loose-passive,A8s,1.8322687362364152,8
Station,Loose-passive,ATo,1.9171445866494468,8
Station,Loose-passive,A5s,1.9812210584654995,8
Station,Loose-passive,QTs,2.02617648770969,8
Station,Loose-passive,K8s,1.8908306753985138,8
Station,Loose-passive,KTs,1.9561059586610785,8
Station,Loose-passive,A4s,1.97768456469829,8
Station,Loose-passive,KJo,2.0153871846910842,8
Station,Loose-passive,K5s,1.9752270012329407,8
Station,Loose-passive,A6s,1.8316093899408337,8
Station,Loose-passive,K9o,1.9052763533289805,8
Station,Loose-passive,A3s,1.8323286768087408,8
Station,Loose-passive,44,1.8525885902547892,8
Station,Loose-passive,KQo,1.9444774876299145,8
Station,Loose-passive,K7s,2.0098127114648046,8
Station,Loose-passive,Q8s,1.8465945330222304,8
Station,Loose-passive,A5o,1.9767255155410803,8
Station,Loose-passive,Q5s,1.9963260826915474,8
Station,Loose-passive,A4o,1.9187629821022376,8
Station,Loose-passive,Q9o,1.7759845388226887,8
Station,Loose-passive,QTo,1.9286531765359594,8
Station,Loose-passive,Q9s,1.9269148999385175,8
Station,Loose-passive,A6o,1.9514905345920082,8
Station,Loose-passive,A2s,2.0084940188736415,8
Station,Loose-passive,JTs,1.8582230040533945,8
Station,Loose-passive,K4o,1.895745802329212,8
Station,Loose-passive,K6s,1.931470383435262,8
Station,Loose-passive,K8o,1.8934680605808398,8
Station,Loose-passive,K7o,2.0078346725780603,8
Station,Loose-passive,J9o,1.8278331338843217,8
Station,Loose-passive,J8s,1.864217061285953,8
Station,Loose-passive,JTo,1.822977947525949,8
Station,Loose-passive,K4s,1.9181635763789817,8
Station,Loose-passive,K2s,2.0192233813199216,8
Station,Loose-passive,K6o,1.9715106857487543,8
Station,Loose-passive,J9s,1.901140453838515,8
Station,Loose-passive,K3s,1.9326691948817738,8
Station,Loose-passive,A3o,1.8774039871975823,8
Station,Loose-passive,Q6s,1.8513897788082776,8
Station,Loose-passive,QJo,1.8774039871975823,8
Station,Loose-passive,33,2.0093931274585257,8
Station,Loose-passive,Q3s,1.8488722747706028,8
Station,Loose-passive,J7s,1.9015000972724685,8
Station,Loose-passive,Q6o,1.817463414871995,8
Station,Loose-passive,Q7s,1.9603017987238696,8
Station,Loose-passive,J5s,2.0104720577603863,8
Station,Loose-passive,J6s,1.8611001515250227,8
Station,Loose-passive,T9o,1.7770634691245493,8
Station,Loose-passive,Q7o,1.8719493951159538,8
Station,Loose-passive,A2o,2.10020309453179,8
Station,Loose-passive,K5o,2.0336091186780627,8
Station,Loose-passive,K3o,2.058064872186902,8
Station,Loose-passive,Q8o,1.7575228425464078,8
Station,Loose-passive,T7s,1.9631190056231722,8
Station,Loose-passive,J8o,1.777542993703154,8
Station,Loose-passive,97s,1.8650562292985113,8
Station,Loose-passive,T8s,1.8474337010347888,8
Station,Loose-passive,Q4s,1.9076140356496782,8
Station,Loose-passive,J4s,1.8639772989966508,8
Station,Loose-passive,J3s,1.8061945872747849,8
Station,Loose-passive,96s,1.8703309996631632,8
Station,Loose-passive,J7o,1.8133874559538552,8
Station,Loose-passive,Q5o,1.9003012858259567,8
Station,Loose-passive,J4o,1.7120878887236126,8
Station,Loose-passive,98s,1.8637974772796742,8
Station,Loose-passive,T9s,1.9216401295738657,8
Station,Loose-passive,K2o,2.0320506637975972,8
Station,Loose-passive,Q4o,1.7575228425464078,8
Station,Loose-passive,22,1.9373445595231695,8
Station,Loose-passive,98o,1.7726878073447814,8
Station,Loose-passive,Q2s,1.9022193841403754,8
Station,Loose-passive,T8o,1.7575228425464078,8
Station,Loose-passive,Q3o,1.8774039871975823,8
Station,Loose-passive,J6o,1.817463414871995,8
Station,Loose-passive,J5o,1.9152864289073535,8
Station,Loose-passive,J2s,1.8570241926068827,8
Station,Loose-passive,T4s,1.9091724905301435,8
Station,Loose-passive,T3s,1.847673463324091,8
Station,Loose-passive,97o,1.7753251925271072,8
Station,Loose-passive,87s,1.9029986115806081,8
Station,Loose-passive,96o,1.834306715695485,8
Station,Loose-passive,T4o,1.7575228425464078,8
Station,Loose-passive,T5s,1.9935688163645704,8
Station,Loose-passive,T6s,1.8467144141668816,8
Station,Loose-passive,85s,2.014787778967828,8
Station,Loose-passive,J3o,1.833167844821299,8
Station,Loose-passive,76s,1.9971652507041058,8
Station,Loose-passive,95s,2.0130495023703863,8
Station,Loose-passive,T7o,1.8753660077385124,8
Station,Loose-passive,T2s,1.9010205726938636,8
Station,Loose-passive,T5o,1.9003012858259567,8
Station,Loose-passive,93s,1.8652360510154882,8
Station,Loose-passive,95o,1.9185831603852608,8
Station,Loose-passive,75s,2.0477550937469013,8
Station,Loose-passive,Q2o,1.8774039871975823,8
Station,Loose-passive,87o,1.8130278125199015,8
Station,Loose-passive,86s,1.8681731390594418,8
Station,Loose-passive,94s,1.9258959102089823,8
Station,Loose-passive,85o,1.9186431009575862,8
Station,Loose-passive,92s,1.9180436952343305,8
Station,Loose-passive,T3o,1.8774039871975823,8
Station,Loose-passive,86o,1.817463414871995,8
Station,Loose-passive,T6o,1.8774039871975823,8
Station,Loose-passive,93o,1.8774039871975823,8
Station,Loose-passive,J2o,1.8931084171468862,8
Station,Loose-passive,65s,2.0081943160120135,8
Station,Loose-passive,76o,1.9120496380017717,8
Station,Loose-passive,74s,1.9622198970382883,8
Station,Loose-passive,73s,1.902579027574329,8
Station,Loose-passive,83s,1.7897708704575739,8
Station,Loose-passive,84o,1.6975822702208205,8
Station,Loose-passive,T2o,1.8774039871975823,8
Station,Loose-passive,84s,1.8500710862171146,8
Station,Loose-passive,54s,2.0313313769296903,8
Station,Loose-passive,53s,1.9556863746547994,8
Station,Loose-passive,75o,1.9573647106799157,8
Station,Loose-passive,64s,1.9411807561520074,8
Station,Loose-passive,92o,1.9525095243215431,8
Station,Loose-passive,82s,1.8656556350217672,8
Station,Loose-passive,74o,1.8120088227903666,8
Station,Loose-passive,64o,1.783776813225015,8
Station,Loose-passive,43s,1.8509102542296727,8
Station,Loose-passive,82o,1.8774039871975823,8
Station,Loose-passive,94o,1.7751453708101306,8
Station,Loose-passive,65o,1.9162454780645628,8
Station,Loose-passive,73o,1.9326092543094482,8
Station,Loose-passive,72s,1.9598222741452649,8
Station,Loose-passive,63s,1.8685327824933955,8
Station,Loose-passive,53o,2.0764066873185323,8
Station,Loose-passive,32s,1.9395024201268907,8
Station,Loose-passive,83o,1.817463414871995,8
Station,Loose-passive,62s,2.0170655207162005,8
Station,Loose-passive,42s,1.9041374824547943,8
Station,Loose-passive,52s,2.014787778967828,8
Station,Loose-passive,62o,1.9743878332203826,8
Station,Loose-passive,72o,1.9909913717545702,8
Station,Loose-passive,54o,1.9844578493710812,8
Station,Loose-passive,63o,1.8938277040147933,8
Station,Loose-passive,32o,1.8774039871975823,8
Station,Loose-passive,52o,2.021980647646899,8
Station,Loose-passive,42o,1.9373445595231695,8
Station,Loose-passive,43o,1.8774039871975823,8
Station,Station,AA,3.0556211168455847,8
Station,Station,KK,3.18743629656134,8
Station,Station,QQ,2.5204178842569314,8
Station,Station,JJ,2.500103377997145,8
Station,Station,TT,2.3504175423987204,8
Station,Station,99,2.1408573725609252,8
Station,Station,88,2.312385120904835,8
Station,Station,AKs,2.6571207647269213,8
Station,Station,77,2.059141125576071,8
Station,Station,AKo,2.655898839538363,8
Station,Station,AJo,2.5056020413456586,8
Station,Station,AQo,2.412124764420928,8
Station,Station,AQs,2.330103036138934,8
Station,Station,A9o,2.185610382591883,8
Station,Station,A7o,2.455655849263327,8
Station,Station,KJs,2.466194954014645,8
Station,Station,QJs,2.2302106519742706,8
Station,Station,A7s,2.4587106622347235,8
Station,Station,A9s,2.326742741870398,8
Station,Station,KTo,2.5518824578623143,8
Station,Station,A8o,2.243346347751275,8
Station,Station,AJs,2.5517297172137443,8
Station,Station,ATs,2.33346333040747,8
Station,Station,K9s,2.58120866238772,8
Station,Station,55,2.8753871515331957,8
Station,Station,66,2.0832741480501027,8
Station,Station,KQs,2.380507450166975,8
Station,Station,A8s,2.2222681382486402,8
Station,Station,ATo,2.4391598592177863,8
Station,Station,A5s,2.573724370607799,8
Station,Station,QTs,2.591442285841898,8
Station,Station,K8s,2.318647487496197,8
Station,Station,KTs,2.46191821585469,8
Station,Station,A4s,2.548063941648069,8
Station,Station,KJo,2.672700310881043,8
Station,Station,K5s,2.5078931510742057,8
Station,Station,A6s,2.1810281631347883,8
Station,Station,K9o,2.423885794360804,8
Station,Station,A3s,2.183013791566196,8
Station,Station,44,2.1630047666035495,8
Station,Station,KQo,2.491702642325805,8
Station,Station,K7s,2.5692948917992737,8
Station,Station,Q8s,2.1416210758037746,8
Station,Station,A5o,2.585638141196245,8
Station,Station,Q5s,2.5127808518284405,8
Station,Station,A4o,2.3968506995639456,8
Station,Station,Q9o,2.050740389904731,8
Station,Station,QTo,2.4579469589918745,8
Station,Station,Q9s,2.4081535075581124,8
Station,Station,A6o,2.48727316351728,8
Station,Station,A2s,2.6256561911215384,8
Station,Station,JTs,2.189581639454698,8
Station,Station,K4o,2.2668684076310277,8
Station,Station,K6s,2.4061678791267047,8
Station,Station,K8o,2.3235351882504314,8
Station,Station,K7o,2.577848368119184,8
Station,Station,J9o,2.3184947468476276,8
Station,Station,J8s,2.1882069736175698,8
Station,Station,JTo,2.1222230134354074,8
Station,Station,K4s,2.3661498292014116,8
Station,Station,K2s,2.5682257072592853,8
Station,Station,K6o,2.4645148068803766,8
Station,Station,J9s,2.4742902083888447,8
Station,Station,K3s,2.3809656721126844,8
Station,Station,A3o,2.2360147966199238,8
Station,Station,Q6s,2.13703885634668,8
Station,Station,QJo,2.2425826445084263,8
Station,Station,33,2.629474707335784,8
Station,Station,Q3s,2.1397881880209364,8
Station,Station,J7s,2.2580094500139785,8
Station,Station,Q6o,2.0832741480501027,8
Station,Station,Q7s,2.4107500985837995,8
Station,Station,J5s,2.5483694229452083,8
Station,Station,J6s,2.168350689303493,8
Station,Station,T9o,2.047074614339055,8
Station,Station,Q7o,2.2042447417174014,8
Station,Station,A2o,2.8953961764958427,8
Station,Station,K5o,2.654829654998374,8
Station,Station,K3o,2.701721034109309,8
Station,Station,Q8o,1.9401561603401802,8
Station,Station,T7s,2.438243415326367,8
Station,Station,J8o,1.9755919908083788,8
Station,Station,97s,2.26503551984819,8
Station,Station,T8s,2.1471197391522883,8
Station,Station,Q4s,2.304137125882064,8
Station,Station,J4s,2.201189928746005,8
Station,Station,J3s,2.038062916073436,8
Station,Station,96s,2.2596895971482462,8
Station,Station,J7o,2.050893130553301,8
Station,Station,Q5o,2.3050535697734835,8
Station,Station,J4o,1.8266698584528032,8
Station,Station,98s,2.2654937417938994,8
Station,Station,T9s,2.4177761684180115,8
Station,Station,K2o,2.5922059890847473,8
Station,Station,Q4o,1.9305334994802814,8
Station,Station,22,2.3887554451897453,8
Station,Station,98o,2.0573082377932335,8
Station,Station,Q2s,2.270839664493843,8
Station,Station,T8o,1.9348102376402365,8
Station,Station,Q3o,2.236014796619924,8
Station,Station,J6o,2.0832741480501027,8
Station,Station,J5o,2.332546886516051,8
Station,Station,J2s,2.1767514249748334,8
Station,Station,T4s,2.300165869019249,8
Station,Station,T3s,2.141926557100914,8
Station,Station,97o,2.0502821679590215,8
Station,Station,87s,2.2621334475253634,8
Station,Station,96o,2.213103699334451,8
Station,Station,T4o,1.9305334994802814,8
Station,Station,T5s,2.5234726972283275,8
Station,Station,T6s,2.1388717441295175,8
Station,Station,85s,2.6001485028103777,8
Station,Station,J3o,2.1324566368895854,8
Station,Station,76s,2.5338590613310754,8
Station,Station,95s,2.644137809598486,8
Station,Station,T7o,2.223490063437199,8
Station,Station,T2s,2.271756108385262,8
Station,Station,T5o,2.3126906022019744,8
Station,Station,93s,2.2664101856853183,8
Station,Station,95o,2.4304536422493066,8
Station,Station,75s,2.6357370739271464,8
Station,Station,Q2o,2.236014796619924,8
Station,Station,87o,2.055169868713256,8
Station,Station,86s,2.16239380400927,8
Station,Station,94s,2.4356468243006804,8
Station,Station,85o,2.3273537044646773,8
Station,Station,92s,2.3936431459439795,8
Station,Station,T3o,2.236014796619924,8
Station,Station,86o,2.0860234797243598,8
Station,Station,T6o,2.236014796619924,8
Station,Station,93o,2.236014796619924,8
Station,Station,J2o,2.280615066002312,8
Station,Station,65s,2.5381357994910303,8
Station,Station,76o,2.341100362835961,8
Station,Station,74s,2.433966677166412,8
Station,Station,73s,2.2654937417938994,8
Station,Station,83s,2.0557808313075348,8
Station,Station,84o,1.7808476638818567,8
Station,Station,T2o,2.236014796619924,8
Station,Station,84s,2.1517019586093826,8
Station,Station,54s,2.61511708637022,8
Station,Station,53s,2.430911864195016,8
Station,Station,75o,2.4295371983578877,8
Station,Station,64s,2.3783690810869973,8
Station,Station,92o,2.5111007046941722,8
Station,Station,82s,2.210048886363054,8
Station,Station,74o,2.0553226093618258,8
Station,Station,64o,2.0133189310051245,8
Station,Station,43s,2.148647145637986,8
Station,Station,82o,2.236014796619924,8
Station,Station,94o,2.0547116467675464,8
Station,Station,65o,2.3236879288990013,8
Station,Station,73o,2.3618730910414567,8
Station,Station,72s,2.3986835873467838,8
Station,Station,63s,2.202411853934563,8
Station,Station,53o,2.7345602735518204,8
Station,Station,32s,2.404640472641007,8
Station,Station,83o,2.0832741480501027,8
Station,Station,62s,2.591595026490468,8
Station,Station,42s,2.2800041034080323,8
Station,Station,52s,2.5952608020561434,8
Station,Station,62o,2.4901752358401072,8
Station,Station,72o,2.5115589266398817,8
Station,Station,54o,2.517363071285535,8
Station,Station,63o,2.291612392699339,8
Station,Station,32o,2.236014796619924,8
Station,Station,52o,2.623365081392991,8
Station,Station,42o,2.3887554451897453,8
Station,Station,43o,2.236014796619924,8
Station,Maniac,AA,2.518386379354218,8
Station,Maniac,KK,2.611610742442233,8
Station,Maniac,QQ,2.158673218886542,8
Station,Maniac,JJ,2.2059082803620957,8
Station,Maniac,TT,2.0711585885043635,8
Station,Maniac,99,1.9551991079149282,8
Station,Maniac,88,2.0768683212101995,8
Station,Maniac,AKs,2.2929038441346536,8
Station,Maniac,77,1.9063030332885862,8
Station,Maniac,AKo,2.2883360579699845,8
Station,Maniac,AJo,2.2023786274166692,8
Station,Maniac,AQo,2.1413363941251857,8
Station,Maniac,AQs,2.097111918985437,8
Station,Maniac,A9o,1.9944405436023112,8
Station,Maniac,A7o,2.1830693495387514,8
Station,Maniac,KJs,2.0943089592934805,8
Station,Maniac,QJs,1.969421533018556,8
Station,Maniac,A7s,2.1848341760114645,8
Station,Maniac,A9s,2.097215732307361,8
Station,Maniac,KTo,2.2115141997460075,8
Station,Maniac,A8o,2.0204976874053084,8
Station,Maniac,AJs,2.1909591620049973,8
Station,Maniac,ATs,2.097215732307361,8
Station,Maniac,K9s,2.220234518787648,8
Station,Maniac,55,2.4578632126723545,8
Station,Maniac,66,1.9282076442146119,8
Station,Maniac,KQs,2.1282559155627245,8
Station,Maniac,A8s,2.0203938740833842,8
Station,Maniac,ATo,2.1699888709762902,8
Station,Maniac,A5s,2.262694167454684,8
Station,Maniac,QTs,2.2705839799209304,8
Station,Maniac,K8s,2.0421946716874855,8
Station,Maniac,KTs,2.151198659707993,8
Station,Maniac,A4s,2.250132755501845,8
Station,Maniac,KJo,2.281795818688754,8
Station,Maniac,K5s,2.201755747485124,8
Station,Maniac,A6s,1.9953748634996298,8
Station,Maniac,K9o,2.1150716236783396,8
Station,Maniac,A3s,1.992987157095371,8
Station,Maniac,44,1.983851584766033,8
Station,Maniac,KQo,2.1919972952242404,8
Station,Maniac,K7s,2.2055968403963226,8
Station,Maniac,Q8s,1.963296547025023,8
Station,Maniac,A5o,2.260721714338122,8
Station,Maniac,Q5s,2.22293366515768,8
Station,Maniac,A4o,2.143931727173293,8
Station,Maniac,Q9o,1.89913991407581,8
Station,Maniac,QTo,2.1779824967644608,8
Station,Maniac,Q9s,2.1391563143647754,8
Station,Maniac,A6o,2.2053892137524747,8
Station,Maniac,A2s,2.2946686706073662,8
Station,Maniac,JTs,1.9590402008261267,8
Station,Maniac,K4o,2.002330356068557,8
Station,Maniac,K6s,2.1225461828568886,8
Station,Maniac,K8o,2.0372116322351195,8
Station,Maniac,K7o,2.2098531865952187,8
Station,Maniac,J9o,2.0726119750113035,8
Station,Maniac,J8s,1.9503198817844862,8
Station,Maniac,JTo,1.9241589246595645,8
Station,Maniac,K4s,2.1026140250474246,8
Station,Maniac,K2s,2.2096455599513702,8
Station,Maniac,K6o,2.153586366112252,8
Station,Maniac,J9s,2.1817197763537353,8
Station,Maniac,K3s,2.1024063984035757,8
Station,Maniac,A3o,2.032020966138905,8
Station,Maniac,Q6s,1.963296547025023,8
Station,Maniac,QJo,2.032020966138905,8
Station,Maniac,33,2.293215284100426,8
Station,Maniac,Q3s,1.965372813463509,8
Station,Maniac,J7s,2.0217434472684,8
Station,Maniac,Q6o,1.9282076442146119,8
Station,Maniac,Q7s,2.1514062863518415,8
Station,Maniac,J5s,2.201340494197427,8
Station,Maniac,J6s,1.9395232963043598,8
Station,Maniac,T9o,1.9057839666789647,8
Station,Maniac,Q7o,2.0136460081583047,8
Station,Maniac,A2o,2.4821555300026397,8
Station,Maniac,K5o,2.3092025356767674,8
Station,Maniac,K3o,2.3065033893067355,8
Station,Maniac,Q8o,1.824394322290319,8
Station,Maniac,T7s,2.1559740725165106,8
Station,Maniac,J8o,1.8280277885576692,8
Station,Maniac,97s,2.0381459521324383,8
Station,Maniac,T8s,1.9545762279833823,8
Station,Maniac,Q4s,2.0768683212101995,8
Station,Maniac,J4s,1.962881293737326,8
Station,Maniac,J3s,1.850970532702938,8
Station,Maniac,96s,2.0328514727142992,8
Station,Maniac,J7o,1.9002818606169771,8
Station,Maniac,Q5o,2.0803979741556256,8
Station,Maniac,J4o,1.720581000366026,8
Station,Maniac,98s,2.028802753159252,8
Station,Maniac,T9s,2.1333427683370147,8
Station,Maniac,K2o,2.2468107292002673,8
Station,Maniac,Q4o,1.824394322290319,8
Station,Maniac,22,2.135834288063198,8
Station,Maniac,98o,1.9031886336308574,8
Station,Maniac,Q2s,2.0621268294969504,8
Station,Maniac,T8o,1.824394322290319,8
Station,Maniac,Q3o,2.032020966138905,8
Station,Maniac,J6o,1.9282076442146119,8
Station,Maniac,J5o,2.0734424815866976,8
Station,Maniac,J2s,1.9514618283256537,8
Station,Maniac,T4s,2.073131041620925,8
Station,Maniac,T3s,1.957275374353414,8
Station,Maniac,97o,1.9043305801720245,8
Station,Maniac,87s,2.0283874998715548,8
Station,Maniac,96o,2.007936275452469,8
Station,Maniac,T4o,1.824394322290319,8
Station,Maniac,T5s,2.2114103864240833,8
Station,Maniac,T6s,1.9531228414764423,8
Station,Maniac,85s,2.229681531082759,8
Station,Maniac,J3o,1.928207644214612,8
Station,Maniac,76s,2.213071399574872,8
Station,Maniac,95s,2.3046347495120987,8
Station,Maniac,T7o,2.0229892071314914,8
Station,Maniac,T2s,2.059635309770767,8
Station,Maniac,T5o,2.0749996814155622,8
Station,Maniac,93s,2.030982832919662,8
Station,Maniac,95o,2.1642791382704543,8
Station,Maniac,75s,2.298821203484338,8
Station,Maniac,Q2o,2.032020966138905,8
Station,Maniac,87o,1.9013199938362202,8
Station,Maniac,86s,1.9485550553117734,8
Station,Maniac,94s,2.1550397526191922,8
Station,Maniac,85o,2.0648259758669814,8
Station,Maniac,92s,2.139363941008624,8
Station,Maniac,T3o,2.032020966138905,8
Station,Maniac,86o,1.9282076442146119,8
Station,Maniac,T6o,2.032020966138905,8
Station,Maniac,93o,2.032020966138905,8
Station,Maniac,J2o,2.032020966138905,8
Station,Maniac,65s,2.1970841479985306,8
Station,Maniac,76o,2.109258077650579,8
Station,Maniac,74s,2.152132979605312,8
Station,Maniac,73s,2.0253769135357502,8
Station,Maniac,83s,1.8816992759925288,8
Station,Maniac,84o,1.720581000366026,8
Station,Maniac,T2o,2.032020966138905,8
Station,Maniac,84s,1.9655804401073573,8
Station,Maniac,54s,2.282626325264148,8
Station,Maniac,53s,2.1501605264887504,8
Station,Maniac,75o,2.157116019057678,8
Station,Maniac,64s,2.130435995323135,8
Station,Maniac,92o,2.2147324127256605,8
Station,Maniac,82s,2.011050675110198,8
Station,Maniac,74o,1.907341166507829,8
Station,Maniac,64o,1.8787925029786487,8
Station,Maniac,43s,1.9670338266142975,8
Station,Maniac,82o,2.032020966138905,8
Station,Maniac,94o,1.904434393493949,8
Station,Maniac,65o,2.0683556288124074,8
Station,Maniac,73o,2.1116457840548377,8
Station,Maniac,72s,2.134380901556258,8
Station,Maniac,63s,1.9772075321628784,8
Station,Maniac,53o,2.3567490371180937,8
Station,Maniac,32s,2.1345885282001067,8
Station,Maniac,83o,1.928207644214612,8
Station,Maniac,62s,2.2577111280023177,8
Station,Maniac,42s,2.0652412291546787,8
Station,Maniac,52s,2.2720373664278704,8
Station,Maniac,62o,2.2097493732732945,8
Station,Maniac,72o,2.2166010525202977,8
Station,Maniac,54o,2.2232451051234525,8
Station,Maniac,63o,2.0579742966199785,8
Station,Maniac,32o,2.032020966138905,8
Station,Maniac,52o,2.2903085110865455,8
Station,Maniac,42o,2.1358342880631978,8
Station,Maniac,43o,2.032020966138905,8
Maniac,Nit,AA,1.5508097970737422,8
Maniac,Nit,KK,1.5647168639408804,8
Maniac,Nit,QQ,1.5277397894637337,8
Maniac,Nit,JJ,1.5434270331813111,8
Maniac,Nit,TT,1.5289687440406867,8
Maniac,Nit,99,1.5187033587508438,8
Maniac,Nit,88,1.5318784747302374,8
Maniac,Nit,AKs,1.5411227433495243,8
Maniac,Nit,77,1.527739789463734,8
Maniac,Nit,AKo,1.5412853991023563,8
Maniac,Nit,AJo,1.5454692665224243,8
Maniac,Nit,AQo,1.5367762201766242,8
Maniac,Nit,AQs,1.5367762201766237,8
Maniac,Nit,A9o,1.527739789463734,8
Maniac,Nit,A7o,1.545812650889514,8
Maniac,Nit,KJs,1.5296193670520148,8
Maniac,Nit,QJs,1.521378142241859,8
Maniac,Nit,A7s,1.545812650889514,8
Maniac,Nit,A9s,1.5367762201766237,8
Maniac,Nit,KTo,1.5419269856829714,8
Maniac,Nit,A8o,1.527739789463734,8
Maniac,Nit,AJs,1.536197888610999,8
Maniac,Nit,ATs,1.5367762201766242,8
Maniac,Nit,K9s,1.5385292877349244,8
Maniac,Nit,55,1.5607227615657828,8
Maniac,Nit,66,1.5277397894637337,8
Maniac,Nit,KQs,1.5367762201766237,8
Maniac,Nit,A8s,1.527739789463734,8
Maniac,Nit,ATo,1.5383847048435184,8
Maniac,Nit,A5s,1.5480175399834595,8
Maniac,Nit,QTs,1.5483970700734007,8
Maniac,Nit,K8s,1.5291313997935188,8
Maniac,Nit,KTs,1.5382220490906864,8
Maniac,Nit,A4s,1.5497886804031857,8
Maniac,Nit,KJo,1.5479633213991817,8
Maniac,Nit,K5s,1.544240311945471,8
Maniac,Nit,A6s,1.527739789463734,8
Maniac,Nit,K9o,1.529800095666273,8
Maniac,Nit,A3s,1.527739789463734,8
Maniac,Nit,44,1.523275792691566,8
Maniac,Nit,KQo,1.5404088653232058,8
Maniac,Nit,K7s,1.5475657184478147,8
Maniac,Nit,Q8s,1.5213419965190076,8
Maniac,Nit,A5o,1.5480898314291625,8
Maniac,Nit,Q5s,1.5438065632712523,8
Maniac,Nit,A4o,1.5407161039674442,8
Maniac,Nit,Q9o,1.5187033587508436,8
Maniac,Nit,QTo,1.5492284216989864,8
Maniac,Nit,Q9s,1.5306133744304327,8
Maniac,Nit,A6o,1.545812650889514,8
Maniac,Nit,A2s,1.5520297152199825,8
Maniac,Nit,JTs,1.523348084137269,8
Maniac,Nit,K4o,1.5295651484677375,8
Maniac,Nit,K6s,1.540372719600354,8
Maniac,Nit,K8o,1.529709731359144,8
Maniac,Nit,K7o,1.5476741556163693,8
Maniac,Nit,J9o,1.5251915160026988,8
Maniac,Nit,J8s,1.519010597395082,8
Maniac,Nit,JTo,1.5254806817855113,8
Maniac,Nit,K4s,1.5367762201766237,8
Maniac,Nit,K2s,1.5523008081413692,8
Maniac,Nit,K6o,1.5474030626949826,8
Maniac,Nit,J9s,1.5343906024684209,8
Maniac,Nit,K3s,1.5399931895104126,8
Maniac,Nit,A3o,1.5367762201766242,8
Maniac,Nit,Q6s,1.5212877779347302,8
Maniac,Nit,QJo,1.536776220176624,8
Maniac,Nit,33,1.5495898789275022,8
Maniac,Nit,Q3s,1.5214142879647108,8
Maniac,Nit,J7s,1.5322760776816047,8
Maniac,Nit,Q6o,1.5277397894637337,8
Maniac,Nit,Q7s,1.5393606393605106,8
Maniac,Nit,J5s,1.5402462095703737,8
Maniac,Nit,J6s,1.517618987065297,8
Maniac,Nit,T9o,1.5187033587508436,8
Maniac,Nit,Q7o,1.536776220176624,8
Maniac,Nit,A2o,1.5663614943306263,8
Maniac,Nit,K5o,1.5529514311526973,8
Maniac,Nit,K3o,1.5576323022619745,8
Maniac,Nit,Q8o,1.5187033587508436,8
Maniac,Nit,T7s,1.5412763626716433,8
Maniac,Nit,J8o,1.5151068593271135,8
Maniac,Nit,97s,1.523058918354457,8
Maniac,Nit,T8s,1.5230408454930309,8
Maniac,Nit,Q4s,1.530269990063343,8
Maniac,Nit,J4s,1.5234565213058238,8
Maniac,Nit,J3s,1.514474309177211,8
Maniac,Nit,96s,1.5234926670286757,8
Maniac,Nit,J7o,1.527739789463734,8
Maniac,Nit,Q5o,1.5408968325817018,8
Maniac,Nit,J4o,1.5096669280379535,8
Maniac,Nit,98s,1.5231673555230116,8
Maniac,Nit,T9s,1.5326375349101202,8
Maniac,Nit,K2o,1.5567467320521113,8
Maniac,Nit,Q4o,1.5187033587508436,8
Maniac,Nit,22,1.545812650889514,8
Maniac,Nit,98o,1.5187033587508438,8
Maniac,Nit,Q2s,1.5420173499901,8
Maniac,Nit,T8o,1.5187033587508436,8
Maniac,Nit,Q3o,1.536776220176624,8
Maniac,Nit,J6o,1.5277397894637337,8
Maniac,Nit,J5o,1.5363966900866826,8
Maniac,Nit,J2s,1.5325471706029914,8
Maniac,Nit,T4s,1.5324206605730109,8
Maniac,Nit,T3s,1.522860116878773,8
Maniac,Nit,97o,1.5187033587508438,8
Maniac,Nit,87s,1.5323845148501594,8
Maniac,Nit,96o,1.5277397894637337,8
Maniac,Nit,T4o,1.5187033587508436,8
Maniac,Nit,T5s,1.5455234851067017,8
Maniac,Nit,T6s,1.5228239711559215,8
Maniac,Nit,85s,1.5408245411359984,8
Maniac,Nit,J3o,1.527739789463734,8
Maniac,Nit,76s,1.5461741081180298,8
Maniac,Nit,95s,1.545758432305237,8
Maniac,Nit,T7o,1.536776220176624,8
Maniac,Nit,T2s,1.541800475652991,8
Maniac,Nit,T5o,1.5409329783045533,8
Maniac,Nit,93s,1.522805898294496,8
Maniac,Nit,95o,1.5412582898102174,8
Maniac,Nit,75s,1.5543430414824824,8
Maniac,Nit,Q2o,1.536776220176624,8
Maniac,Nit,87o,1.527739789463734,8
Maniac,Nit,86s,1.5178720071252578,8
Maniac,Nit,94s,1.5321857133744756,8
Maniac,Nit,85o,1.5361798157495732,8
Maniac,Nit,92s,1.5416016741773073,8
Maniac,Nit,T3o,1.536776220176624,8
Maniac,Nit,86o,1.5277397894637337,8
Maniac,Nit,T6o,1.536776220176624,8
Maniac,Nit,93o,1.536776220176624,8
Maniac,Nit,J2o,1.536776220176624,8
Maniac,Nit,65s,1.5399751166489872,8
Maniac,Nit,76o,1.5412221440873657,8
Maniac,Nit,74s,1.54154745559303,8
Maniac,Nit,73s,1.5325652434644172,8
Maniac,Nit,83s,1.513914050473012,8
Maniac,Nit,84o,1.5096669280379535,8
Maniac,Nit,T2o,1.536776220176624,8
Maniac,Nit,84s,1.5232215741072888,8
Maniac,Nit,54s,1.5497706075417599,8
Maniac,Nit,53s,1.5373364788808233,8
Maniac,Nit,75o,1.5499513361560178,8
Maniac,Nit,64s,1.5369569487908816,8
Maniac,Nit,92o,1.5458126508895143,8
Maniac,Nit,82s,1.5350773712026005,8
Maniac,Nit,74o,1.527739789463734,8
Maniac,Nit,64o,1.5234023027215464,8
Maniac,Nit,43s,1.5231492826615856,8
Maniac,Nit,82o,1.536776220176624,8
Maniac,Nit,94o,1.5187033587508438,8
Maniac,Nit,65o,1.5351858083711551,8
Maniac,Nit,73o,1.5458126508895143,8
Maniac,Nit,72s,1.551180290732971,8
Maniac,Nit,63s,1.5222998581745737,8
Maniac,Nit,53o,1.5546683529881462,8
Maniac,Nit,32s,1.5407341768288698,8
Maniac,Nit,83o,1.527739789463734,8
Maniac,Nit,62s,1.554017729976818,8
Maniac,Nit,42s,1.5413667269787719,8
Maniac,Nit,52s,1.554957518770959,8
Maniac,Nit,62o,1.5506923234744747,8
Maniac,Nit,72o,1.5548490816024043,8
Maniac,Nit,54o,1.5507826877816036,8
Maniac,Nit,63o,1.53610752430387,8
Maniac,Nit,32o,1.536776220176624,8
Maniac,Nit,52o,1.559313078374572,8
Maniac,Nit,42o,1.545812650889514,8
Maniac,Nit,43o,1.536776220176624,8
Maniac,TAG,AA,1.6696688382442597,8
Maniac,TAG,KK,1.676846441333518,8
Maniac,TAG,QQ,1.593913326145228,8
Maniac,TAG,JJ,1.6271665252676142,8
Maniac,TAG,TT,1.5897339623211029,8
Maniac,TAG,99,1.5746155679660072,8
Maniac,TAG,88,1.6154279642659413,8
Maniac,TAG,AKs,1.6302556202680543,8
Maniac,TAG,77,1.5927867150274204,8
Maniac,TAG,AKo,1.6331266615037576,8
Maniac,TAG,AJo,1.6159730986777836,8
Maniac,TAG,AQo,1.6109578620888336,8
Maniac,TAG,AQs,1.6109578620888336,8
Maniac,TAG,A9o,1.5927867150274204,8
Maniac,TAG,A7o,1.6291290091502468,8
Maniac,TAG,KJs,1.6017269193816357,8
Maniac,TAG,QJs,1.5929684264980346,8
Maniac,TAG,A7s,1.6291290091502468,8
Maniac,TAG,A9s,1.6109578620888336,8
Maniac,TAG,KTo,1.6212063890314705,8
Maniac,TAG,A8o,1.5927867150274204,8
Maniac,TAG,AJs,1.597256817204528,8
Maniac,TAG,ATs,1.6109578620888336,8
Maniac,TAG,K9s,1.619861724148926,8
Maniac,TAG,55,1.671976573921059,8
Maniac,TAG,66,1.5927867150274204,8
Maniac,TAG,KQs,1.6160094409719064,8
Maniac,TAG,A8s,1.5927867150274204,8
Maniac,TAG,ATo,1.6121026443537025,8
Maniac,TAG,A5s,1.6383599518574445,8
Maniac,TAG,QTs,1.6483177404470992,8
Maniac,TAG,K8s,1.6014725233227758,8
Maniac,TAG,KTs,1.620261489384277,8
Maniac,TAG,A4s,1.6390867977399013,8
Maniac,TAG,KJo,1.6375604213867425,8
Maniac,TAG,K5s,1.6269484715028772,8
Maniac,TAG,A6s,1.5927867150274204,8
Maniac,TAG,K9o,1.6010000734991792,8
Maniac,TAG,A3s,1.5927867150274204,8
Maniac,TAG,44,1.5952579910277727,8
Maniac,TAG,KQo,1.6248951318849374,8
Maniac,TAG,K7s,1.6381782403868306,8
Maniac,TAG,Q8s,1.5942040644982107,8
Maniac,TAG,A5o,1.6387960593869186,8
Maniac,TAG,Q5s,1.6421758927403414,8
Maniac,TAG,A4o,1.6201524625019086,8
Maniac,TAG,Q9o,1.5746155679660072,8
Maniac,TAG,QTo,1.6327632385625295,8
Maniac,TAG,Q9s,1.6130657151479575,8
Maniac,TAG,A6o,1.6291290091502468,8
Maniac,TAG,A2s,1.6475545522705197,8
Maniac,TAG,JTs,1.5945311451453161,8
Maniac,TAG,K4o,1.6015088656168988,8
Maniac,TAG,K6s,1.6228417922669978,8
Maniac,TAG,K8o,1.6019449731463726,8
Maniac,TAG,K7o,1.6381418980927076,8
Maniac,TAG,J9o,1.578031743613553,8
Maniac,TAG,J8s,1.5926413458509292,8
Maniac,TAG,JTo,1.5900610429682083,8
Maniac,TAG,K4s,1.6109578620888336,8
Maniac,TAG,K2s,1.6515885469181535,8
Maniac,TAG,K6o,1.6373060253278826,8
Maniac,TAG,J9s,1.5992919856754062,8
Maniac,TAG,K3s,1.6231688729141032,8
Maniac,TAG,A3o,1.6109578620888336,8
Maniac,TAG,Q6s,1.593077453380403,8
Maniac,TAG,QJo,1.6109578620888336,8
Maniac,TAG,33,1.646900390976309,8
Maniac,TAG,Q3s,1.5935862454981227,8
Maniac,TAG,J7s,1.6124478961478697,8
Maniac,TAG,Q6o,1.5927867150274204,8
Maniac,TAG,Q7s,1.6308007546798968,8
Maniac,TAG,J5s,1.6415580737402535,8
Maniac,TAG,J6s,1.5910786272036477,8
Maniac,TAG,T9o,1.5746155679660072,8
Maniac,TAG,Q7o,1.6109578620888336,8
Maniac,TAG,A2o,1.672230969979919,8
Maniac,TAG,K5o,1.6453376723290274,8
Maniac,TAG,K3o,1.6622731813902645,8
Maniac,TAG,Q8o,1.5746155679660072,8
Maniac,TAG,T7s,1.6314549159741079,8
Maniac,TAG,J8o,1.5731618762010942,8
Maniac,TAG,97s,1.5948582257924215,8
Maniac,TAG,T8s,1.5952579910277727,8
Maniac,TAG,Q4s,1.6125569230302381,8
Maniac,TAG,J4s,1.5946765143218073,8
Maniac,TAG,J3s,1.5764326826721486,8
Maniac,TAG,96s,1.5962028906749661,8
Maniac,TAG,J7o,1.5927867150274204,8
Maniac,TAG,Q5o,1.6228781345611205,8
Maniac,TAG,J4o,1.556444420904594,8
Maniac,TAG,98s,1.5948582257924215,8
Maniac,TAG,T9s,1.6132474266185717,8
Maniac,TAG,K2o,1.656749152683595,8
Maniac,TAG,Q4o,1.5746155679660072,8
Maniac,TAG,22,1.6291290091502468,8
Maniac,TAG,98o,1.5746155679660072,8
Maniac,TAG,Q2s,1.621351758207962,8
Maniac,TAG,T8o,1.5746155679660072,8
Maniac,TAG,Q3o,1.6109578620888336,8
Maniac,TAG,J6o,1.5927867150274204,8
Maniac,TAG,J5o,1.6231325306199804,8
Maniac,TAG,J2s,1.6043072222643564,8
Maniac,TAG,T4s,1.6139015879127827,8
Maniac,TAG,T3s,1.5954033602042639,8
Maniac,TAG,97o,1.5746155679660072,8
Maniac,TAG,87s,1.6141559839716424,8
Maniac,TAG,96o,1.5927867150274204,8
Maniac,TAG,T4o,1.5746155679660072,8
Maniac,TAG,T5s,1.6429754232110436,8
Maniac,TAG,T6s,1.5952943333218954,8
Maniac,TAG,85s,1.6423576042109556,8
Maniac,TAG,J3o,1.5927867150274204,8
Maniac,TAG,76s,1.642066865857973,8
Maniac,TAG,95s,1.643302503858149,8
Maniac,TAG,T7o,1.6109578620888336,8
Maniac,TAG,T2s,1.6222966578551554,8
Maniac,TAG,T5o,1.623604980443577,8
Maniac,TAG,93s,1.5961665483808434,8
Maniac,TAG,95o,1.6235686381494543,8
Maniac,TAG,75s,1.6635451616845633,8
Maniac,TAG,Q2o,1.6109578620888336,8
Maniac,TAG,87o,1.5927867150274204,8
Maniac,TAG,86s,1.5911149694977704,8
Maniac,TAG,94s,1.6142286685598881,8
Maniac,TAG,85o,1.6218242080315586,8
Maniac,TAG,92s,1.6229871614434892,8
Maniac,TAG,T3o,1.6109578620888336,8
Maniac,TAG,86o,1.5927867150274204,8
Maniac,TAG,T6o,1.6109578620888336,8
Maniac,TAG,93o,1.6109578620888336,8
Maniac,TAG,J2o,1.6109578620888336,8
Maniac,TAG,65s,1.6413400199755166,8
Maniac,TAG,76o,1.6224420270316466,8
Maniac,TAG,74s,1.6321454195624414,8
Maniac,TAG,73s,1.6131020574420805,8
Maniac,TAG,83s,1.5762509712015345,8
Maniac,TAG,84o,1.556444420904594,8
Maniac,TAG,T2o,1.6109578620888336,8
Maniac,TAG,84s,1.5953670179101411,8
Maniac,TAG,54s,1.6491172709178015,8
Maniac,TAG,53s,1.626366994796912,8
Maniac,TAG,75o,1.6413400199755164,8
Maniac,TAG,64s,1.6230961883258577,8
Maniac,TAG,92o,1.6291290091502468,8
Maniac,TAG,82s,1.608777324441464,8
Maniac,TAG,74o,1.5927867150274204,8
Maniac,TAG,64o,1.5859907060264518,8
Maniac,TAG,43s,1.5959121523219835,8
Maniac,TAG,82o,1.6109578620888336,8
Maniac,TAG,94o,1.5746155679660072,8
Maniac,TAG,65o,1.621097362149102,8
Maniac,TAG,73o,1.6291290091502468,8
Maniac,TAG,72s,1.640177066563586,8
Maniac,TAG,63s,1.596857051969177,8
Maniac,TAG,53o,1.6628546580962298,8
Maniac,TAG,32s,1.6263306525027892,8
Maniac,TAG,83o,1.5927867150274204,8
Maniac,TAG,62s,1.6542778766832427,8
Maniac,TAG,42s,1.6226237385022608,8
Maniac,TAG,52s,1.6537327422714003,8
Maniac,TAG,62o,1.6402860934459544,8
Maniac,TAG,72o,1.64730015621166,8
Maniac,TAG,54o,1.6416671006226218,8
Maniac,TAG,63o,1.6138289033245368,8
Maniac,TAG,32o,1.6109578620888336,8
Maniac,TAG,52o,1.6589660326250872,8
Maniac,TAG,42o,1.6291290091502468,8
Maniac,TAG,43o,1.6109578620888336,8
Maniac,LAG,AA,1.9599152732995893,8
Maniac,LAG,KK,1.9804907010328066,8
Maniac,LAG,QQ,1.7526139713258173,8
Maniac,LAG,JJ,1.7943836366488903,8
Maniac,LAG,TT,1.6833072673823466,8
Maniac,LAG,99,1.633338371458818,8
Maniac,LAG,88,1.750345001851477,8
Maniac,LAG,AKs,1.8193938683546813,8
Maniac,LAG,77,1.6710342052256908,8
Maniac,LAG,AKo,1.8134636072285661,8
Maniac,LAG,AJo,1.7544704008957317,8
Maniac,LAG,AQo,1.7530780787182954,8
Maniac,LAG,AQs,1.7366280500293318,8
Maniac,LAG,A9o,1.6817602427407516,8
Maniac,LAG,A7o,1.7845858139187865,8
Maniac,LAG,KJs,1.7515826215647534,8
Maniac,LAG,QJs,1.6957865994912158,8
Maniac,LAG,A7s,1.7862359735364883,8
Maniac,LAG,A9s,1.7378141022545552,8
Maniac,LAG,KTo,1.7959822287785387,8
Maniac,LAG,A8o,1.6860403442491654,8
Maniac,LAG,AJs,1.7451882530461593,8
Maniac,LAG,ATs,1.7371437249098638,8
Maniac,LAG,K9s,1.799437250478102,8
Maniac,LAG,55,1.9402164928632755,8
Maniac,LAG,66,1.6739219845566686,8
Maniac,LAG,KQs,1.7468384126638612,8
Maniac,LAG,A8s,1.684751157047836,8
Maniac,LAG,ATo,1.7561205605134331,8
Maniac,LAG,A5s,1.8120197175630768,8
Maniac,LAG,QTs,1.837648759125506,8
Maniac,LAG,K8s,1.740959719025799,8
Maniac,LAG,KTs,1.7906192100210085,8
Maniac,LAG,A4s,1.8051612416520042,8
Maniac,LAG,KJo,1.840175566040112,8
Maniac,LAG,K5s,1.8088741007918334,8
Maniac,LAG,A6s,1.6871748289863353,8
Maniac,LAG,K9o,1.7461164678311167,8
Maniac,LAG,A3s,1.6868654240580159,8
Maniac,LAG,44,1.6952709246106838,8
Maniac,LAG,KQo,1.7782945803762993,8
Maniac,LAG,K7s,1.8369268142927617,8
Maniac,LAG,Q8s,1.684235482167304,8
Maniac,LAG,A5o,1.8097507480887374,8
Maniac,LAG,Q5s,1.8065019963413869,8
Maniac,LAG,A4o,1.7535421861107738,8
Maniac,LAG,Q9o,1.6328742640663392,8
Maniac,LAG,QTo,1.7725705892023966,8
Maniac,LAG,Q9s,1.7471993850802334,8
Maniac,LAG,A6o,1.7900519676524236,8
Maniac,LAG,A2s,1.8314606605591246,8
Maniac,LAG,JTs,1.690939255614217,8
Maniac,LAG,K4o,1.7419910687868625,8
Maniac,LAG,K6s,1.7723127517621307,8
Maniac,LAG,K8o,1.7382782096470337,8
Maniac,LAG,K7o,1.8380097315418786,8
Maniac,LAG,J9o,1.6925894152319185,8
Maniac,LAG,J8s,1.7063063670540637,8
Maniac,LAG,JTo,1.6742313894849876,8
Maniac,LAG,K4s,1.7641650886497287,8
Maniac,LAG,K2s,1.839041081302942,8
Maniac,LAG,K6o,1.807069238709972,8
Maniac,LAG,J9s,1.7387423170395124,8
Maniac,LAG,K3s,1.7697343773594718,8
Maniac,LAG,A3o,1.7254894726098455,8
Maniac,LAG,Q6s,1.6833072673823468,8
Maniac,LAG,QJo,1.7254894726098455,8
Maniac,LAG,33,1.8417225906817065,8
Maniac,LAG,Q3s,1.6868138565699629,8
Maniac,LAG,J7s,1.7312134637837484,8
Maniac,LAG,Q6o,1.6739219845566686,8
Maniac,LAG,Q7s,1.78350289666967,8
Maniac,LAG,J5s,1.827077424074605,8
Maniac,LAG,J6s,1.704037397579724,8
Maniac,LAG,T9o,1.6324101566738607,8
Maniac,LAG,Q7o,1.7206421287328473,8
Maniac,LAG,A2o,1.9204145774508552,8
Maniac,LAG,K5o,1.8628652607835097,8
Maniac,LAG,K3o,1.8732818933702515,8
Maniac,LAG,Q8o,1.6223544965034913,8
Maniac,LAG,T7s,1.7894331577957854,8
Maniac,LAG,J8o,1.6421564119159116,8
Maniac,LAG,97s,1.6986743788221936,8
Maniac,LAG,T8s,1.684235482167304,8
Maniac,LAG,Q4s,1.7401346392169477,8
Maniac,LAG,J4s,1.698468108869981,8
Maniac,LAG,J3s,1.6451473262229959,8
Maniac,LAG,96s,1.700994915784587,8
Maniac,LAG,J7o,1.6694356130960424,8
Maniac,LAG,Q5o,1.7420942037629685,8
Maniac,LAG,J4o,1.5814099109892688,8
Maniac,LAG,98s,1.7019231305695441,8
Maniac,LAG,T9s,1.7482823023293501,8
Maniac,LAG,K2o,1.8566771622171285,8
Maniac,LAG,Q4o,1.6223544965034913,8
Maniac,LAG,22,1.7770569606630229,8
Maniac,LAG,98o,1.6354526384689985,8
Maniac,LAG,Q2s,1.7447757131417339,8
Maniac,LAG,T8o,1.6223544965034913,8
Maniac,LAG,Q3o,1.7254894726098455,8
Maniac,LAG,J6o,1.6739219845566686,8
Maniac,LAG,J5o,1.7623086590798143,8
Maniac,LAG,J2s,1.6983649738938742,8
Maniac,LAG,T4s,1.7411659889780113,8
Maniac,LAG,T3s,1.683719807286772,8
Maniac,LAG,97o,1.6351948010287325,8
Maniac,LAG,87s,1.734874755435524,8
Maniac,LAG,96o,1.6849574270000485,8
Maniac,LAG,T4o,1.6223544965034913,8
Maniac,LAG,T5s,1.807172373686078,8
Maniac,LAG,T6s,1.6851636969522612,8
Maniac,LAG,85s,1.8328529827365605,8
Maniac,LAG,J3o,1.6833072673823466,8
Maniac,LAG,76s,1.8164029540475968,8
Maniac,LAG,95s,1.8193423008666283,8
Maniac,LAG,T7o,1.7231173681593996,8
Maniac,LAG,T2s,1.7438474983567769,8
Maniac,LAG,T5o,1.7446725781656274,8
Maniac,LAG,93s,1.6993963236549383,8
Maniac,LAG,95o,1.7574097477147625,8
Maniac,LAG,75s,1.8562130548246496,8
Maniac,LAG,Q2o,1.7254894726098455,8
Maniac,LAG,87o,1.6691777756557764,8
Maniac,LAG,86s,1.7088847414567225,8
Maniac,LAG,94s,1.757512882690869,8
Maniac,LAG,85o,1.7661246531957495,8
Maniac,LAG,92s,1.7562236954895396,8
Maniac,LAG,T3o,1.7254894726098455,8
Maniac,LAG,86o,1.6739219845566686,8
Maniac,LAG,T6o,1.7254894726098455,8
Maniac,LAG,93o,1.7254894726098455,8
Maniac,LAG,J2o,1.7347716204594175,8
Maniac,LAG,65s,1.8249115895763715,8
Maniac,LAG,76o,1.756739370370071,8
Maniac,LAG,74s,1.7914442898298595,8
Maniac,LAG,73s,1.7335340007461413,8
Maniac,LAG,83s,1.6360714483256367,8
Maniac,LAG,84o,1.5707870084503144,8
Maniac,LAG,T2o,1.7254894726098455,8
Maniac,LAG,84s,1.6901141758053662,8
Maniac,LAG,54s,1.8470856094392376,8
Maniac,LAG,53s,1.7793259301373623,8
Maniac,LAG,75o,1.7915989922940185,8
Maniac,LAG,64s,1.7574613152028156,8
Maniac,LAG,92o,1.789587860259945,8
Maniac,LAG,82s,1.7170324045691245,8
Maniac,LAG,74o,1.669641883048255,8
Maniac,LAG,64o,1.6398874424415713,8
Maniac,LAG,43s,1.692383145279706,8
Maniac,LAG,82o,1.7254894726098455,8
Maniac,LAG,94o,1.6343697212198816,8
Maniac,LAG,65o,1.7592146097966235,8
Maniac,LAG,73o,1.7714361044652263,8
Maniac,LAG,72s,1.7923725046148165,8
Maniac,LAG,63s,1.7048624773885745,8
Maniac,LAG,53o,1.8832859860525675,8
Maniac,LAG,32s,1.7740660463559386,8
Maniac,LAG,83o,1.6739219845566682,8
Maniac,LAG,62s,1.840278701016218,8
Maniac,LAG,42s,1.7435380934284574,8
Maniac,LAG,52s,1.8346062773303689,8
Maniac,LAG,62o,1.8082037234471415,8
Maniac,LAG,72o,1.823983374791414,8
Maniac,LAG,54o,1.8165576565117565,8
Maniac,LAG,63o,1.743641228404564,8
Maniac,LAG,32o,1.7254894726098455,8
Maniac,LAG,52o,1.8491483089613645,8
Maniac,LAG,42o,1.7770569606630224,8
Maniac,LAG,43o,1.7254894726098455,8
Maniac,Loose-passive,AA,2.1412024460024917,8
Maniac,Loose-passive,KK,2.1760878590959836,8
Maniac,Loose-passive,QQ,1.89604550519084,8
Maniac,Loose-passive,JJ,1.9601819175792183,8
Maniac,Loose-passive,TT,1.8249559864126934,8
Maniac,Loose-passive,99,1.7794610920175726,8
Maniac,Loose-passive,88,1.90269890871898,8
Maniac,Loose-passive,AKs,1.9757065258115456,8
Maniac,Loose-passive,77,1.8123684662243202,8
Maniac,Loose-passive,AKo,1.9926697077796867,8
Maniac,Loose-passive,AJo,1.9086929659515388,8
Maniac,Loose-passive,AQo,1.9025190870020032,8
Maniac,Loose-passive,AQs,1.8906508536815372,8
Maniac,Loose-passive,A9o,1.831849152230136,8
Maniac,Loose-passive,A7o,1.945556417931775,8
Maniac,Loose-passive,KJs,1.8843570935873504,8
Maniac,Loose-passive,QJs,1.8513298382359518,8
Maniac,Loose-passive,A7s,1.9463356453720078,8
Maniac,Loose-passive,A9s,1.8947867531720026,8
Maniac,Loose-passive,KTo,1.9416003401582862,8
Maniac,Loose-passive,A8o,1.8339470722615314,8
Maniac,Loose-passive,AJs,1.8795019072289778,8
Maniac,Loose-passive,ATs,1.8950864560336307,8
Maniac,Loose-passive,K9s,1.9527492866108453,8
Maniac,Loose-passive,55,2.1234000960217925,8
Maniac,Loose-passive,66,1.817463414871995,8
Maniac,Loose-passive,KQs,1.8969446137757238,8
Maniac,Loose-passive,A8s,1.8352058242803688,8
Maniac,Loose-passive,ATo,1.9206810804166563,8
Maniac,Loose-passive,A5s,1.9824198699120112,8
Maniac,Loose-passive,QTs,2.0242583893952713,8
Maniac,Loose-passive,K8s,1.8723689791222329,8
Maniac,Loose-passive,KTs,1.932069789158518,8
Maniac,Loose-passive,A4s,1.9797824847296854,8
Maniac,Loose-passive,KJo,1.9971652507041056,8
Maniac,Loose-passive,K5s,1.960661442157823,8
Maniac,Loose-passive,A6s,1.8337073099722292,8
Maniac,Loose-passive,K9o,1.8893921016626998,8
Maniac,Loose-passive,A3s,1.8346663591294385,8
Maniac,Loose-passive,44,1.8499512050724634,8
Maniac,Loose-passive,KQo,1.9328490165987504,8
Maniac,Loose-passive,K7s,1.984637671088058,8
Maniac,Loose-passive,Q8s,1.8459951272989747,8
Maniac,Loose-passive,A5o,1.980441831025267,8
Maniac,Loose-passive,Q5s,1.9956067958236403,8
Maniac,Loose-passive,A4o,1.9155861317689815,8
Maniac,Loose-passive,Q9o,1.771429055325944,8
Maniac,Loose-passive,QTo,1.929552285120843,8
Maniac,Loose-passive,Q9s,1.9225991787310752,8
Maniac,Loose-passive,A6o,1.9546074443529386,8
Maniac,Loose-passive,A2s,2.0067557422761997,8
Maniac,Loose-passive,JTs,1.846954176456184,8
Maniac,Loose-passive,K4o,1.878722679788745,8
Maniac,Loose-passive,K6s,1.928713117108285,8
Maniac,Loose-passive,K8o,1.8775238683422335,8
Maniac,Loose-passive,K7o,1.9871551751257326,8
Maniac,Loose-passive,J9o,1.8301708162050194,8
Maniac,Loose-passive,J8s,1.859182053210604,8
Maniac,Loose-passive,JTo,1.816024841136181,8
Maniac,Loose-passive,K4s,1.9126490437250276,8
Maniac,Loose-passive,K2s,2.004837643961781,8
Maniac,Loose-passive,K6o,1.9621599564659626,8
Maniac,Loose-passive,J9s,1.912289400291074,8
Maniac,Loose-passive,K3s,1.9223594164417728,8
Maniac,Loose-passive,A3o,1.8774039871975823,8
Maniac,Loose-passive,Q6s,1.8524687091101382,8
Maniac,Loose-passive,QJo,1.8774039871975823,8
Maniac,Loose-passive,33,2.011550988062247,8
Maniac,Loose-passive,Q3s,1.848272869047347,8
Maniac,Loose-passive,J7s,1.8993422366687474,8
Maniac,Loose-passive,Q6o,1.817463414871995,8
Maniac,Loose-passive,Q7s,1.959522571283637,8
Maniac,Loose-passive,J5s,2.0050774062510834,8
Maniac,Loose-passive,J6s,1.8569043114622317,8
Maniac,Loose-passive,T9o,1.7763441822566421,8
Maniac,Loose-passive,Q7o,1.8700312968015351,8
Maniac,Loose-passive,A2o,2.1029004202864416,8
Maniac,Loose-passive,K5o,2.024977676263178,8
Maniac,Loose-passive,K3o,2.0423604422375985,8
Maniac,Loose-passive,Q8o,1.7575228425464078,8
Maniac,Loose-passive,T7s,1.9639581736357306,8
Maniac,Loose-passive,J8o,1.7735869159296653,8
Maniac,Loose-passive,97s,1.8683529607764187,8
Maniac,Loose-passive,T8s,1.8505506107957193,8
Maniac,Loose-passive,Q4s,1.908093560228283,8
Maniac,Loose-passive,J4s,1.8517494222422308,8
Maniac,Loose-passive,J3s,1.7936070670864113,8
Maniac,Loose-passive,96s,1.8691321882166512,8
Maniac,Loose-passive,J7o,1.8085922101678082,8
Maniac,Loose-passive,Q5o,1.897064494920375,8
Maniac,Loose-passive,J4o,1.7002196554031463,8
Maniac,Loose-passive,98s,1.8700912373738607,8
Maniac,Loose-passive,T9s,1.9278739490957266,8
Maniac,Loose-passive,K2o,2.0212613607789915,8
Maniac,Loose-passive,Q4o,1.7575228425464078,8
Maniac,Loose-passive,22,1.9373445595231695,8
Maniac,Loose-passive,98o,1.7807797846087356,8
Maniac,Loose-passive,Q2s,1.899941642392003,8
Maniac,Loose-passive,T8o,1.7575228425464078,8
Maniac,Loose-passive,Q3o,1.8774039871975823,8
Maniac,Loose-passive,J6o,1.817463414871995,8
Maniac,Loose-passive,J5o,1.9160057157752606,8
Maniac,Loose-passive,J2s,1.842878217538044,8
Maniac,Loose-passive,T4s,1.906654986492469,8
Maniac,Loose-passive,T3s,1.8471939387454863,8
Maniac,Loose-passive,97o,1.7793412108729216,8
Maniac,Loose-passive,87s,1.9000615235366543,8
Maniac,Loose-passive,96o,1.8406004757896717,8
Maniac,Loose-passive,T4o,1.7575228425464078,8
Maniac,Loose-passive,T5s,1.9928495294966635,8
Maniac,Loose-passive,T6s,1.849711442783161,8
Maniac,Loose-passive,85s,2.0176649264394566,8
Maniac,Loose-passive,J3o,1.8201008000543208,8
Maniac,Loose-passive,76s,1.9959064986852684,8
Maniac,Loose-passive,95s,2.0083741377289903,8
Maniac,Loose-passive,T7o,1.873687671713396,8
Maniac,Loose-passive,T2s,1.8969446137757238,8
Maniac,Loose-passive,T5o,1.9001814046813055,8
Maniac,Loose-passive,93s,1.8702111185185117,8
Maniac,Loose-passive,95o,1.9263154942152616,8
Maniac,Loose-passive,75s,2.0397829976275985,8
Maniac,Loose-passive,Q2o,1.8774039871975823,8
Maniac,Loose-passive,87o,1.8082325667338548,8
Maniac,Loose-passive,86s,1.8615796761036272,8
Maniac,Loose-passive,94s,1.928713117108285,8
Maniac,Loose-passive,85o,1.9175641706557258,8
Maniac,Loose-passive,92s,1.9269148999385173,8
Maniac,Loose-passive,T3o,1.8774039871975823,8
Maniac,Loose-passive,86o,1.817463414871995,8
Maniac,Loose-passive,T6o,1.8774039871975823,8
Maniac,Loose-passive,93o,1.8774039871975823,8
Maniac,Loose-passive,J2o,1.8810004215371174,8
Maniac,Loose-passive,65s,2.003638832515269,8
Maniac,Loose-passive,76o,1.9120496380017717,8
Maniac,Loose-passive,74s,1.9610810261641023,8
Maniac,Loose-passive,73s,1.9034181955868874,8
Maniac,Loose-passive,83s,1.7879726532878062,8
Maniac,Loose-passive,84o,1.6975822702208205,8
Maniac,Loose-passive,T2o,1.8774039871975823,8
Maniac,Loose-passive,84s,1.851030135374324,8
Maniac,Loose-passive,54s,2.0309717334957367,8
Maniac,Loose-passive,53s,1.961680431887358,8
Maniac,Loose-passive,75o,1.9546673849252643,8
Maniac,Loose-passive,64s,1.930031809699448,8
Maniac,Loose-passive,92o,1.95934274956666,8
Maniac,Loose-passive,82s,1.8673339710468837,8
Maniac,Loose-passive,74o,1.8103904273375757,8
Maniac,Loose-passive,64o,1.7849756246715267,8
Maniac,Loose-passive,43s,1.8530681148333938,8
Maniac,Loose-passive,82o,1.8774039871975823,8
Maniac,Loose-passive,94o,1.779281270300596,8
Maniac,Loose-passive,65o,1.9143273797501443,8
Maniac,Loose-passive,73o,1.930870977712006,8
Maniac,Loose-passive,72s,1.9583837004094509,8
Maniac,Loose-passive,63s,1.8661351596003721,8
Maniac,Loose-passive,53o,2.078324785632951,8
Maniac,Loose-passive,32s,1.9325493137371226,8
Maniac,Loose-passive,83o,1.817463414871995,8
Maniac,Loose-passive,62s,2.0122702749301538,8
Maniac,Loose-passive,42s,1.9031784332975847,8
Maniac,Loose-passive,52s,2.0078346725780603,8
Maniac,Loose-passive,62o,1.972589616050615,8
Maniac,Loose-passive,72o,1.9912311340438724,8
Maniac,Loose-passive,54o,1.9844578493710812,8
Maniac,Loose-passive,63o,1.8935879417254908,8
Maniac,Loose-passive,32o,1.8774039871975823,8
Maniac,Loose-passive,52o,2.0225800533701546,8
Maniac,Loose-passive,42o,1.9373445595231695,8
Maniac,Loose-passive,43o,1.8774039871975823,8
Maniac,Station,AA,3.067534887434031,8
Maniac,Station,KK,3.1626923114930294,8
Maniac,Station,QQ,2.5025472283742625,8
Maniac,Station,JJ,2.5054493006970886,8
Maniac,Station,TT,2.3227714850075825,8
Maniac,Station,99,2.126805232892502,8
Maniac,Station,88,2.3163563777676504,8
Maniac,Station,AKs,2.659870096401178,8
Maniac,Station,77,2.054100684173267,8
Maniac,Station,AKo,2.6607865402925968,8
Maniac,Station,AJo,2.5054493006970886,8
Maniac,Station,AQo,2.41029187663809,8
Maniac,Station,AQs,2.330713998733213,8
Maniac,Station,A9o,2.173696612003437,8
Maniac,Station,A7o,2.4423674128377524,8
Maniac,Station,KJs,2.458099699640444,8
Maniac,Station,QJs,2.228377764191433,8
Maniac,Station,A7s,2.440992747000624,8
Maniac,Station,A9s,2.322160522413303,8
Maniac,Station,KTo,2.5587557870479563,8
Maniac,Station,A8o,2.2361675372684937,8
Maniac,Station,AJs,2.5230144752826176,8
Maniac,Station,ATs,2.3313249613274922,8
Maniac,Station,K9s,2.5578393431565374,8
Maniac,Station,55,2.875081670236056,8
Maniac,Station,66,2.0832741480501027,8
Maniac,Station,KQs,2.380354709518405,8
Maniac,Station,A8s,2.219671547222953,8
Maniac,Station,ATo,2.432133789383575,8
Maniac,Station,A5s,2.5749462957963574,8
Maniac,Station,QTs,2.5899148793561997,8
Maniac,Station,K8s,2.3229242256561524,8
Maniac,Station,KTs,2.486509460274431,8
Maniac,Station,A4s,2.548674904242348,8
Maniac,Station,KJo,2.6780462335809867,8
Maniac,Station,K5s,2.503616412914251,8
Maniac,Station,A6s,2.176904165623403,8
Maniac,Station,K9o,2.42755156992648,8
Maniac,Station,A3s,2.1765986843262635,8
Maniac,Station,44,2.169114392546342,8
Maniac,Station,KQo,2.4719990986602975,8
Maniac,Station,K7s,2.5586030463993863,8
Maniac,Station,Q8s,2.1420792977494836,8
Maniac,Station,A5o,2.585027178601966,8
Maniac,Station,Q5s,2.5214870687969198,8
Maniac,Station,A4o,2.4023493629124593,8
Maniac,Station,Q9o,2.0281347739163973,8
Maniac,Station,QTo,2.4382434153263675,8
Maniac,Station,Q9s,2.396239736969666,8
Maniac,Station,A6o,2.4788724278459395,8
Maniac,Station,A2s,2.636348036521426,8
Maniac,Station,JTs,2.1741548339491463,8
Maniac,Station,K4o,2.2598423377968158,8
Maniac,Station,K6s,2.399905512535342,8
Maniac,Station,K8o,2.332394145867481,8
Maniac,Station,K7o,2.5511187546194654,8
Maniac,Station,J9o,2.2764910684909268,8
Maniac,Station,J8s,2.174460315246286,8
Maniac,Station,JTo,2.106948948578425,8
Maniac,Station,K4s,2.3685936795785287,8
Maniac,Station,K2s,2.5550900114822808,8
Maniac,Station,K6o,2.4558085899118964,8
Maniac,Station,J9s,2.457183255749025,8
Maniac,Station,K3s,2.388144482595466,8
Maniac,Station,A3o,2.2360147966199238,8
Maniac,Station,Q6s,2.14528685136945,8
Maniac,Station,QJo,2.2416662006170074,8
Maniac,Station,33,2.6258089317701083,8
Maniac,Station,Q3s,2.150480033420824,8
Maniac,Station,J7s,2.2557183402854313,8
Maniac,Station,Q6o,2.0832741480501027,8
Maniac,Station,Q7s,2.418234390363721,8
Maniac,Station,J5s,2.544703647379533,8
Maniac,Station,J6s,2.1518546992579526,8
Maniac,Station,T9o,2.037146472182017,8
Maniac,Station,Q7o,2.2051611856088202,8
Maniac,Station,A2o,2.892341363524446,8
Maniac,Station,K5o,2.655593358241223,8
Maniac,Station,K3o,2.6988189617864826,8
Maniac,Station,Q8o,1.9427527513658671,8
Maniac,Station,T7s,2.4165542432294527,8
Maniac,Station,J8o,1.9629145169770836,8
Maniac,Station,97s,2.2653410011453294,8
Maniac,Station,T8s,2.1367333750495403,8
Maniac,Station,Q4s,2.3081083827448796,8
Maniac,Station,J4s,2.186526826483302,8
Maniac,Station,J3s,2.0298149210506655,8
Maniac,Station,96s,2.259842337796816,8
Maniac,Station,J7o,2.0418814322876813,8
Maniac,Station,Q5o,2.306580976259182,8
Maniac,Station,J4o,1.8062026115444472,8
Maniac,Station,98s,2.2409024973741585,8
Maniac,Station,T9s,2.3936431459439795,8
Maniac,Station,K2o,2.5854854005476753,8
Maniac,Station,Q4o,1.9305334994802814,8
Maniac,Station,22,2.3887554451897453,8
Maniac,Station,98o,2.0356190656963187,8
Maniac,Station,Q2s,2.2714506270881225,8
Maniac,Station,T8o,1.9305334994802814,8
Maniac,Station,Q3o,2.236014796619924,8
Maniac,Station,J6o,2.0832741480501027,8
Maniac,Station,J5o,2.331630442624632,8
Maniac,Station,J2s,2.151396477312243,8
Maniac,Station,T4s,2.3023042380992265,8
Maniac,Station,T3s,2.14498137007231,8
Maniac,Station,97o,2.0411177290448324,8
Maniac,Station,87s,2.2570930061225596,8
Maniac,Station,96o,2.1883597142661397,8
Maniac,Station,T4o,1.9305334994802814,8
Maniac,Station,T5s,2.5115589266398817,8
Maniac,Station,T6s,2.133373080781004,8
Maniac,Station,85s,2.6102293856159857,8
Maniac,Station,J3o,2.119015459815441,8
Maniac,Station,76s,2.5143082583141383,8
Maniac,Station,95s,2.6319185577129005,8
Maniac,Station,T7o,2.212798218037311,8
Maniac,Station,T2s,2.2729780335738208,8
Maniac,Station,T5o,2.3117741583105555,8
Maniac,Station,93s,2.2612170036339445,8
Maniac,Station,95o,2.420525500092268,8
Maniac,Station,75s,2.6462761786784634,8
Maniac,Station,Q2o,2.236014796619924,8
Maniac,Station,87o,2.0504349086075915,8
Maniac,Station,86s,2.155062252877919,8
Maniac,Station,94s,2.4261769040893517,8
Maniac,Station,85o,2.3545415399101053,8
Maniac,Station,92s,2.3936431459439795,8
Maniac,Station,T3o,2.236014796619924,8
Maniac,Station,86o,2.0832741480501027,8
Maniac,Station,T6o,2.236014796619924,8
Maniac,Station,93o,2.236014796619924,8
Maniac,Station,J2o,2.270228701899564,8
Maniac,Station,65s,2.5537153456451525,8
Maniac,Station,76o,2.3389619937559836,8
Maniac,Station,74s,2.4263296447379212,8
Maniac,Station,73s,2.2563293028797102,8
Maniac,Station,83s,2.0423396542333907,8
Maniac,Station,84o,1.7777928509104604,8
Maniac,Station,T2o,2.236014796619924,8
Maniac,Station,84s,2.1526184025008015,8
Maniac,Station,54s,2.61511708637022,8
Maniac,Station,53s,2.432744751977854,8
Maniac,Station,75o,2.4174706871208715,8
Maniac,Station,64s,2.3945595898353984,8
Maniac,Station,92o,2.5030054503199715,8
Maniac,Station,82s,2.208521479877356,8
Maniac,Station,74o,2.05180957444472,8
Maniac,Station,64o,2.0179011504622193,8
Maniac,Station,43s,2.155367734175058,8
Maniac,Station,82o,2.236014796619924,8
Maniac,Station,94o,2.036840990884877,8
Maniac,Station,65o,2.32460437279042,8
Maniac,Station,73o,2.3580545748272113,8
Maniac,Station,72s,2.391504776864002,8
Maniac,Station,63s,2.199051559666027,8
Maniac,Station,53o,2.7321164231747037,8
Maniac,Station,32s,2.4141103928523355,8
Maniac,Station,83o,2.0832741480501027,8
Maniac,Station,62s,2.592511470381887,8
Maniac,Station,42s,2.2757273652480774,8
Maniac,Station,52s,2.6013704279989365,8
Maniac,Station,62o,2.4993396747542964,8
Maniac,Station,72o,2.5054493006970886,8
Maniac,Station,54o,2.5213343281483502,8
Maniac,Station,63o,2.294361724373596,8
Maniac,Station,32o,2.236014796619924,8
Maniac,Station,52o,2.6142006424788016,8
Maniac,Station,42o,2.3887554451897453,8
Maniac,Station,43o,2.236014796619924,8
Maniac,Maniac,AA,2.542678696684502,8
Maniac,Maniac,KK,2.6121298090518543,8
Maniac,Maniac,QQ,2.1546244993314945,8
Maniac,Maniac,JJ,2.2132790262187205,8
Maniac,Maniac,TT,2.076349254600578,8
Maniac,Maniac,99,1.951980894935275,8
Maniac,Maniac,88,2.068148002168559,8
Maniac,Maniac,AKs,2.311278802115253,8
Maniac,Maniac,77,1.9037077002404788,8
Maniac,Maniac,AKo,2.3018317898201426,8
Maniac,Maniac,AJo,2.193243055087332,8
Maniac,Maniac,AQo,2.1434126605636714,8
Maniac,Maniac,AQs,2.095450905834648,8
Maniac,Maniac,A9o,1.991222330622658,8
Maniac,Maniac,A7o,2.1680164178597288,8
Maniac,Maniac,KJs,2.107181811212093,8
Maniac,Maniac,QJs,1.988523184252626,8
Maniac,Maniac,A7s,2.1720651374147764,8
Maniac,Maniac,A9s,2.0923365061769195,8
Maniac,Maniac,KTo,2.2139019061502663,8
Maniac,Maniac,A8o,2.023819713706886,8
Maniac,Maniac,AJs,2.199264227758941,8
Maniac,Maniac,ATs,2.095762345800421,8
Maniac,Maniac,K9s,2.22947390443891,8
Maniac,Maniac,55,2.462430998837023,8
Maniac,Maniac,66,1.9282076442146119,8
Maniac,Maniac,KQs,2.1299169287135133,8
Maniac,Maniac,A8s,2.0159299012406393,8
Maniac,Maniac,ATo,2.164071511626606,8
Maniac,Maniac,A5s,2.2666390736878075,8
Maniac,Maniac,QTs,2.2680924601947474,8
Maniac,Maniac,K8s,2.056936163400735,8
Maniac,Maniac,KTs,2.1545206860095707,8
Maniac,Maniac,A4s,2.248990808960677,8
Maniac,Maniac,KJo,2.280757685469511,8
Maniac,Maniac,K5s,2.2047663338209285,8
Maniac,Maniac,A6s,1.992260463841901,8
Maniac,Maniac,K9o,2.12379194271998,8
Maniac,Maniac,A3s,1.9951672368557811,8
Maniac,Maniac,44,1.9774151588067268,8
Maniac,Maniac,KQo,2.2069464135813384,8
Maniac,Maniac,K7s,2.2161857992326004,8
Maniac,Maniac,Q8s,1.965372813463509,8
Maniac,Maniac,A5o,2.264666620571246,8
Maniac,Maniac,Q5s,2.232899744062412,8
Maniac,Maniac,A4o,2.1436202872075203,8
Maniac,Maniac,Q9o,1.9011123671923718,8
Maniac,Maniac,QTo,2.1680164178597288,8
Maniac,Maniac,Q9s,2.140402074227867,8
Maniac,Maniac,A6o,2.1993680410808656,8
Maniac,Maniac,A2s,2.3014165365324457,8
Maniac,Maniac,JTs,1.973989319183225,8
Maniac,Maniac,K4o,2.0087667820278634,8
Maniac,Maniac,K6s,2.1097771442602005,8
Maniac,Maniac,K8o,2.055171336928022,8
Maniac,Maniac,K7o,2.2076731068348088,8
Maniac,Maniac,J9o,2.0699128286412716,8
Maniac,Maniac,J8s,1.9703558529158747,8
Maniac,Maniac,JTo,1.926754257707672,8
Maniac,Maniac,K4s,2.112787730596005,8
Maniac,Maniac,K2s,2.2126561462871748,8
Maniac,Maniac,K6o,2.1481880733721885,8
Maniac,Maniac,J9s,2.1904400953953758,8
Maniac,Maniac,K3s,2.0970081056635124,8
Maniac,Maniac,A3o,2.032020966138905,8
Maniac,Maniac,Q6s,1.9651651868196602,8
Maniac,Maniac,QJo,2.032020966138905,8
Maniac,Maniac,33,2.3006898432789753,8
Maniac,Maniac,Q3s,1.9699405996281776,8
Maniac,Maniac,J7s,2.035031552474709,8
Maniac,Maniac,Q6o,1.9282076442146119,8
Maniac,Maniac,Q7s,2.137599114535911,8
Maniac,Maniac,J5s,2.220857398719194,8
Maniac,Maniac,J6s,1.9614279072303857,8
Maniac,Maniac,T9o,1.9003856739389013,8
Maniac,Maniac,Q7o,2.0026417960343297,8
Maniac,Maniac,A2o,2.4801830768860778,8
Maniac,Maniac,K5o,2.3144970150949065,8
Maniac,Maniac,K3o,2.3096177889644647,8
Maniac,Maniac,Q8o,1.824394322290319,8
Maniac,Maniac,T7s,2.1526520462149334,8
Maniac,Maniac,J8o,1.8319726947907924,8
Maniac,Maniac,97s,2.0325400327485266,8
Maniac,Maniac,T8s,1.9595592674357483,8
Maniac,Maniac,Q4s,2.076660694566351,8
Maniac,Maniac,J4s,1.9726397459982092,8
Maniac,Maniac,J3s,1.8625976247584588,8
Maniac,Maniac,96s,2.036796378947422,8
Maniac,Maniac,J7o,1.8911462882876393,8
Maniac,Maniac,Q5o,2.0959699724442697,8
Maniac,Maniac,J4o,1.720581000366026,8
Maniac,Maniac,98s,2.0428175516190317,8
Maniac,Maniac,T9s,2.1378067411797597,8
Maniac,Maniac,K2o,2.2413086231382797,8
Maniac,Maniac,Q4o,1.824394322290319,8
Maniac,Maniac,22,2.135834288063198,8
Maniac,Maniac,98o,1.9056801533570404,8
Maniac,Maniac,Q2s,2.059635309770767,8
Maniac,Maniac,T8o,1.824394322290319,8
Maniac,Maniac,Q3o,2.032020966138905,8
Maniac,Maniac,J6o,1.9282076442146119,8
Maniac,Maniac,J5o,2.0854848269299158,8
Maniac,Maniac,J2s,1.9495931885310165,8
Maniac,Maniac,T4s,2.0779064544294426,8
Maniac,Maniac,T3s,1.9595592674357483,8
Maniac,Maniac,97o,1.9068220998982075,8
Maniac,Maniac,87s,2.0315018995292835,8
Maniac,Maniac,96o,2.0116735550417437,8
Maniac,Maniac,T4o,1.824394322290319,8
Maniac,Maniac,T5s,2.2257366248496355,8
Maniac,Maniac,T6s,1.9614279072303855,8
Maniac,Maniac,85s,2.2593721411531065,8
Maniac,Maniac,J3o,1.928207644214612,8
Maniac,Maniac,76s,2.2199230788218753,8
Maniac,Maniac,95s,2.3071262692382817,8
Maniac,Maniac,T7o,2.018940487576444,8
Maniac,Maniac,T2s,2.0561056568253413,8
Maniac,Maniac,T5o,2.0870420267587804,8
Maniac,Maniac,93s,2.0379383254885894,8
Maniac,Maniac,95o,2.16635540470894,8
Maniac,Maniac,75s,2.2951877372169878,8
Maniac,Maniac,Q2o,2.032020966138905,8
Maniac,Maniac,87o,1.8945721279111412,8
Maniac,Maniac,86s,1.9485550553117734,8
Maniac,Maniac,94s,2.159607538783861,8
Maniac,Maniac,85o,2.081643734018717,8
Maniac,Maniac,92s,2.132616075083545,8
Maniac,Maniac,T3o,2.032020966138905,8
Maniac,Maniac,86o,1.9282076442146119,8
Maniac,Maniac,T6o,2.032020966138905,8
Maniac,Maniac,93o,2.032020966138905,8
Maniac,Maniac,J2o,2.032020966138905,8
Maniac,Maniac,65s,2.20310532067014,8
Maniac,Maniac,76o,2.1055207980613044,8
Maniac,Maniac,74s,2.1455927403240813,8
Maniac,Maniac,73s,2.038145952132438,8
Maniac,Maniac,83s,1.8933263680480497,8
Maniac,Maniac,84o,1.720581000366026,8
Maniac,Maniac,T2o,2.032020966138905,8
Maniac,Maniac,84s,1.9668261999704488,8
Maniac,Maniac,54s,2.2896856311550002,8
Maniac,Maniac,53s,2.157427459023451,8
Maniac,Maniac,75o,2.1626181251196654,8
Maniac,Maniac,64s,2.1258682091584657,8
Maniac,Maniac,92o,2.2214802786507395,8
Maniac,Maniac,82s,2.013957448124078,8
Maniac,Maniac,74o,1.9046420201377974,8
Maniac,Maniac,64o,1.8777543697594057,8
Maniac,Maniac,43s,1.974300759148998,8
Maniac,Maniac,82o,2.032020966138905,8
Maniac,Maniac,94o,1.9027733803431601,8
Maniac,Maniac,65o,2.072092908401682,8
Maniac,Maniac,73o,2.1084275710751847,8
Maniac,Maniac,72s,2.132927515049318,8
Maniac,Maniac,63s,1.982398198259093,8
Maniac,Maniac,53o,2.3652617295158853,8
Maniac,Maniac,32s,2.143308847241747,8
Maniac,Maniac,83o,1.928207644214612,8
Maniac,Maniac,62s,2.2566729947830755,8
Maniac,Maniac,42s,2.0650336025108302,8
Maniac,Maniac,52s,2.2855330982780284,8
Maniac,Maniac,62o,2.209334119985597,8
Maniac,Maniac,72o,2.2114103864240833,8
Maniac,Maniac,54o,2.223037478479604,8
Maniac,Maniac,63o,2.0585971765515243,8
Maniac,Maniac,32o,2.032020966138905,8
Maniac,Maniac,52o,2.2984059501966403,8
Maniac,Maniac,42o,2.1358342880631978,8
Maniac,Maniac,43o,2.032020966138905,8
