player,hands_seen,vpip,pfr,postflop_af,threebet_pct,avg_open_bb,net_bb,clean_hands,bb_per_100
+1bGEULmXVGNDhi0z+MY/w,13800,0.11217391304347826,0.07644927536231884,2.3280839895013123,0.023435346015991176,3.6331958762886596,-115.09999999999988,10868,-1.0590725064409263
+2kMBNpY4nF1qNCRd8SJLA,9430,0.16044538706256628,0.07211028632025451,2.6213991769547325,0.03161592505854801,4.361538461538461,408.1,7315,5.578947368421052
+5Ps+cZDX+5MeZKtUUKpEw,9830,0.1531027466937945,0.1372329603255341,3.3618090452261304,0.0397989107666527,4.255067837190743,-987.0,7777,-12.691269126912692
+8IRQMv2G9auUkEymAQt+A,5490,0.19508196721311474,0.14954462659380693,3.711764705882353,0.07318695941450433,4.093352192362094,2119.6,4176,50.75670498084291
+DCR8+nns6rI9aagG7YDUw,26833,0.07904446017962956,0.046994372600901876,1.9539473684210527,0.03042198233562316,6.166153846153846,-893.2666666666668,20527,-4.351666910248291
+I9+Q5UBvmMiQG4o65FO/g,6299,0.09557072551198603,0.04889665026194634,1.6573033707865168,0.01639344262295082,4.041007194244605,-764.9,4789,-15.972019210691167
+VzHgW7eMbD+/0PoGc2/6Q,6597,0.08291647718659997,0.06715173563741095,2.4680851063829787,0.025841346153846152,4.921804511278196,40.50000000000004,5149,0.78656049718392
+d30VMQCgVopi1ad8lbxTQ,7912,0.11627906976744186,0.09314964610717896,2.9423076923076925,0.02783109404990403,3.6076923076923078,449.7000000000001,6294,7.144899904671116
+hDs7Ei5JknOSC1wdoTz/w,6499,0.15987074934605325,0.10909370672411141,2.9348837209302325,0.021831735889243878,3.106287425149701,408.80000000000007,4905,8.33435270132518
+mfllgTBT6cBVMZIhRqg8g,18213,0.15461483555701971,0.11898094767473782,2.9753521126760565,0.04492296268795248,3.0686753246753247,904.9000000000001,14011,6.458496895296554
+oASMsVwjy/wDO/3OoX+SQ,12810,0.2959406713505074,0.21756440281030445,2.4180024660912456,0.036884188805777665,inf,1327.0000000000002,9992,13.280624499599682
+sGQGE4x1pd5JqoPtHOlOw,7467,0.07004151600374983,0.04272130708450515,3.0,0.03242034656232532,5.383141762452107,-74.76666666666668,5650,-1.3233038348082597
+sbyWwIcFp9kP0bDtMegfQ,8337,0.14345687897325177,0.07856543121026749,2.397489539748954,0.023191094619666047,3.99900826446281,-85.10000000000001,6213,-1.36970867535812
+xAw2JHaJ0s+/zpMFNmu9w,8463,0.10469100791681436,0.10280042538107054,3.2605042016806722,0.056137012369172214,3.7704787234042554,1018.9333333333334,6621,15.389417509943112
/Hpg6uaFOU8uVO1MAYSzww,5114,0.19026202581149784,0.05885803676183027,2.438818565400844,0.016206482593037214,2.5076923076923077,-279.0,3863,-7.222366036758996
/Pn3Lxhv+JJzHuhJZQr/pw,5900,0.11644067796610169,0.09796610169491525,2.78021978021978,0.030653950953678476,4.1868667917448406,389.9000000000001,4657,8.372342709899078
/QVLqh5OBTIgWzqraoVnPA,8854,0.21414050146826294,0.1844364129207138,5.798611111111111,0.06327639751552795,3.655411844792376,948.3000000000001,7089,13.377063055438002
/a7TqGWuYkBeVtU7tNuTow,6072,0.1368577075098814,0.06373517786561265,1.7611940298507462,0.016929363689433742,3.778212290502793,336.4000000000001,4684,7.181895815542273
/axD/mAUa/cAU70gHnAIyg,7916,0.11950480040424456,0.07478524507326932,1.583050847457627,0.020476190476190478,3.4295081967213115,-30.59999999999999,6284,-0.48695098663271785
/gJNBeCkWL4o85/jvlZ4BA,9963,0.19271303824149352,0.12566496035330724,2.8088235294117645,0.03202614379084967,4.708774978279757,-315.7999999999998,7805,-4.046124279308133
/iVClCRWSNBohhrRyyu5tg,9596,0.16788245102125887,0.10170904543559817,4.202185792349726,0.027298850574712645,3.65456570155902,224.9,7343,3.0627808797494214
/t1Ug9U+u3fKl4UnE07OCw,5591,0.13807905562511177,0.10838848148810588,3.6702127659574466,0.04717607973421927,3.511610486891386,573.6000000000001,4375,13.110857142857146
03UrtxUIauAlkv4Tg+ghWw,5749,0.10175682727430857,0.06001043659766916,3.2717391304347827,0.02828054298642534,4.03593220338983,345.8,4247,8.142218036260891
05sgLGfZdHvn7q5g4TL9pA,8958,0.2347622237106497,0.19022103148024114,3.5485714285714285,0.025193798449612403,3.260476481368357,320.09999999999985,7013,4.564380436332523
08V++DOqzaNrRNsHIwi25w,7460,0.18780160857908848,0.1336461126005362,3.61244019138756,0.05930656934306569,inf,246.20000000000013,5777,4.261727540245805
09hPLMZsA1tRvpnO7q8yZg,9413,0.1795389355147137,0.02411558482949113,1.9864559819413092,0.005227781926811053,2.6854460093896715,263.73333333333335,7433,3.548141172249877
09tjJUmfGFXMP+9LH5JP0A,11809,0.1854517740706241,0.15132526039461427,3.099737532808399,0.0715619166148102,3.2287732819524724,-31.199999999999946,8962,-0.3481365766569956
0Kxuz+GACHJkoyX2Z++2GQ,17365,0.11488626547653326,0.062712352433055,2.698360655737705,0.032794249775381853,3.962672322375398,323.9,13540,2.3921713441654355
0QjyzDhnkVsVbnuQCzvAeA,5785,0.10786516853932585,0.10077787381158168,9.0,0.04332874828060523,4.179615384615385,317.40000000000003,4551,6.974291364535268
0V4pwO1+mHxD542vsrLqlg,5113,0.07334246039507139,0.0514375122237434,2.2241379310344827,0.033063427800269905,10.743661971830987,-47.40000000000003,3849,-1.2314886983632118
0XizsL0inf55G5/CO9w1dQ,5195,0.06525505293551492,0.059672762271414825,7.641025641025641,0.044463087248322146,4.765354330708662,-7.899999999999917,3993,-0.19784623090408007
0gsGqB8CQsuHFaezLknguQ,5077,0.08607445341737247,0.08134725231435887,1.9761904761904763,0.05201342281879195,4.3022857142857145,255.73333333333332,3952,6.470985155195681
0s9kHeXEuqRCxAd/RPLMTQ,5861,0.1583347551612353,0.10117727350281522,1.9166666666666667,0.024755700325732898,3.5030630630630633,-34.13333333333322,4656,-0.733104238258875
11UaaEAz5NpGUh7Yu+4+gA,17685,0.06932428611817924,0.03115634718688154,2.5112540192926045,0.0188881734277742,3.8200000000000003,-707.9333333333333,13458,-5.260316044979442
18G4P1XstjNvItdGUITxgw,5427,0.12216694306246545,0.08033904551317486,1.8426395939086295,0.018413597733711047,3.051219512195122,594.8,4204,14.148430066603233
1CCHjxVKdkTEyW7rCNw/lQ,6103,0.2025233491725381,0.15664427330820907,3.213197969543147,0.0710688304420817,inf,1187.5,4794,24.77054651647893
1Clf3cPrqoy/YgvWdWK1Xw,13457,0.05907706026603255,0.055435832652151296,13.833333333333334,0.032031726662599146,10.27644305772231,142.19999999999993,10534,1.3499145623694695
1Jegba5gh3lpFD/nGk78yw,6622,0.15644820295983086,0.03141045001510118,2.533333333333333,0.008714596949891068,3.8936842105263154,-62.199999999999996,5211,-1.1936288620226445
1K6QGyJP9P9xmRac2fH4OQ,9336,0.1810197086546701,0.11439588688946016,2.727272727272727,0.047217537942664416,4.338719832109129,809.3000000000003,7282,11.113705026091736
1S/fpm+f42V/6MNZre+ccg,5487,0.14033169309276472,0.07180608711499908,1.3768844221105527,0.01447178002894356,inf,386.43333333333334,4205,9.189853349187477
1mOCfVOfdyvMNczhtB54jw,6223,0.12630564036638278,0.061224489795918366,3.3884297520661155,0.03123008285532186,4.772289156626506,352.80000000000007,4830,7.304347826086958
1sD0yzCvyVa6etN5oSEawQ,6624,0.15640096618357488,0.06974637681159421,1.0338461538461539,0.025243832472748137,4.399040767386091,504.3000000000001,4996,10.09407526020817
1uTQNrrHbXUnPcr+hKHjfA,15388,0.15473095918897842,0.06134650376917078,2.089795918367347,0.04233067729083665,4.544631306597672,1349.5,11862,11.376664980610352
1vdpjNvA4+wxhyWvLKoUQA,5573,0.21783599497577608,0.18320473712542615,3.7006802721088436,0.07534699272967614,4.090728476821192,232.10000000000002,4397,5.278599044803276
1z1lwfWR8DUy7zH6PsWNpQ,6183,0.17628982694484877,0.146045608927705,8.9375,0.05269461077844311,4.166134969325154,630.0000000000001,4861,12.960296235342526
2/gia5LKy8tClOTjFZrEVQ,8133,0.1828353621050043,0.14324357555637526,3.258771929824561,0.03201663201663202,3.9470101195952156,-575.6999999999999,6515,-8.836531082118187
21shkCEoEEt3vW6a6QPH5g,8345,0.2371479928100659,0.1865787896944278,3.182089552238806,0.05495456512332324,4.136039188243527,813.0000000000001,6512,12.484643734643736
2HSZ0XIviHC6GRmVmIC5qg,5891,0.13664912578509592,0.08708198947547106,2.7966101694915255,0.027159152634437807,4.047516198704104,183.13333333333347,4421,4.142350901002793
2ICLRCXYvpC6gqkB3kYLsw,5626,0.23266974760042658,0.08318521151795237,1.440203562340967,0.02701005025125628,inf,-10.33333333333327,4483,-0.23050040895233703
2R02WAJo7igXmcBLEYdEfA,5378,0.2116028263294905,0.06861286723689104,3.4104046242774566,0.02503382949932341,4.001212121212122,54.99999999999999,4156,1.323387872954764
2gbBTuto8x3Y4Xu98KItUg,10777,0.14707246914725805,0.10596640994710958,1.7401574803149606,0.018760469011725293,3.603867403314917,-215.59999999999988,8008,-2.6923076923076907
2tpZ1Wjwqqm/KP1T6ZhdvA,13543,0.1623717049398213,0.12057889684707968,3.532133676092545,0.03979591836734694,3.122146739130435,107.33333333333343,10315,1.0405558248505422
32YL2ZEp8NT4JB2RVM9euQ,20006,0.11966410076976906,0.0926222133359992,2.713527851458886,0.03275466754012447,3.9818401937046004,278.0000000000001,15472,1.7967942088934856
32v/n2Oc1DwIrT8h11pOUQ,22739,0.0969699634988346,0.09666212234487005,11.8,0.04530030539531727,21.118403317781233,1795.3999999999983,17743,10.118920137519012
333JA+kpCwgmIsHgv1CBzQ,5812,0.27116311080523053,0.07966276668960771,1.858974358974359,0.02902902902902903,3.815802469135803,-350.69999999999993,4427,-7.921843234696181
3HKl21Xiw25oUkwvapGdCg,10912,0.1971224340175953,0.1691715542521994,3.2941176470588234,0.09990043146365749,4.1116007777057675,854.0000000000001,8381,10.189714831165734
3PmVnC/15cl4oyI1TKIt4g,7952,0.11154426559356137,0.08513581488933601,2.511627906976744,0.03901950975487744,4.7963210702341135,830.4000000000001,6216,13.359073359073362
3YfigclKy9PZAeP5YEQdUg,20372,0.2188788533280974,0.15742195169840958,3.2796610169491527,0.032119514472455646,3.241674909330696,248.86666666666727,16458,1.5121318912788144
3piuSZGmftWmw19RAvijIw,5939,0.17982825391480048,0.14884660717292472,3.75,0.041941282204913125,4.0085995085995085,723.1000000000001,4621,15.648128110798531
3vFaGWZ+ZBxlCH9r5LoozA,10750,0.1690232558139535,0.1413953488372093,4.127450980392157,0.05656565656565657,4.089696071163825,42.800000000000104,8301,0.5156005300566209
4D2A9I/vd0sKnbGT/w0S9Q,10102,0.19501088893288457,0.05998812116412591,1.5430622009569377,0.011519078473722102,3.862369337979094,-3.0666666666666353,7824,-0.03919563735514616
4FWyZSh3RCCD1nO2yQB5Cw,6859,0.1116780871847208,0.09199591777227001,5.115384615384615,0.02937853107344633,3.982352941176471,221.20000000000002,5360,4.126865671641791
4Kr1a/pFb77lQj9tXMcBiA,6644,0.13395544852498495,0.11243226971703793,3.1809523809523808,0.027828191167574106,4.4927246790299575,217.13333333333338,5225,4.1556618819776725
4To1HTt7sFSQTZCsdFO8aQ,5845,0.1474764756201882,0.08639863130881095,1.7289719626168225,0.02262180974477958,3.2477419354838712,98.00000000000006,4368,2.243589743589745
4Zpj7jmQfzDDZVRQone8aA,9882,0.2069419145921878,0.1642380085003036,3.320945945945946,0.05276872964169381,4.119122686771761,6.5000000000000195,7655,0.0849118223383412
4awUyiDYTgylQKXZ9faBVA,8131,0.1751322100602632,0.16332554421350387,4.496644295302014,0.06278950077200206,3.9784411276948592,371.1000000000002,6456,5.748141263940524
4f/prNWBYEioszXw9k+K/g,6362,0.19459289531593837,0.1543539767368752,1.9631728045325778,0.06564551422319474,4.133101045296167,639.0999999999999,4804,13.303497085761864
4hqaUo8CjHwDeJ8GZSwFNw,5993,0.21458368096112132,0.17887535458034373,3.687116564417178,0.03380281690140845,3.730761622156281,286.29999999999995,4747,6.03117758584369
4r+1LzPoxcXEP1iTS77WCw,5712,0.062324929971988796,0.05392156862745098,4.209302325581396,0.04597701149425287,4.277310924369748,44.00000000000003,4368,1.007326007326008
4s8icfRunZLlhz2uGukocw,11351,0.1378733151264206,0.05329926878689102,1.8490153172866521,0.015978695073235686,4.381949458483755,-81.90000000000005,8733,-0.9378220542768814
4tAtoLQ+Gu7oKZrRwEgTuQ,5394,0.29236188357434184,0.13292547274749722,1.1506591337099812,0.04197530864197531,4.067492260061919,267.4333333333333,4059,6.588650734992197
4vStZhq8M32K2oPWC5xdYg,20616,0.1829161816065192,0.15400659681800544,2.897810218978102,0.06324177687351645,4.195778175313059,2366.7000000000003,16033,14.76142955154993
5Ij7fRBoJbtUDRs0fG8B2g,5835,0.10077120822622108,0.060668380462724936,3.2555555555555555,0.023794212218649517,3.556466876971609,-241.36666666666665,4459,-5.413022351797862
5M9ehA/eICF4MTdjuUPMXQ,7690,0.14005201560468142,0.1257477243172952,3.7333333333333334,0.046242774566473986,4.12756264236902,13.500000000000043,6039,0.22354694485842097
5PEvQhppou+ACm933EyAuQ,6436,0.2656929770043505,0.09431323803604723,3.489795918367347,0.009659090909090909,4.01728813559322,-21.199999999999907,4798,-0.4418507711546459
5QqvJxfddUJ5IwSnVRIjCg,10512,0.2420091324200913,0.17579908675799086,1.6967984934086628,0.05188834154351396,3.5125074096028457,2671.2000000000003,8212,32.528007793472966
5UZ6KmwT0HllK7taGH99Bw,7274,0.12537805883970304,0.09210888094583448,2.1064814814814814,0.0343082114735658,3.2023026315789473,392.7000000000001,5649,6.951672862453533
5Vb1sOP/r7Xyukv9zMOeww,5183,0.06502025853752653,0.0605826741269535,4.0,0.033409263477600606,4.585925925925926,333.9,3983,8.383128295254833
5XR7pUq68rf90Z/MolFX7g,5908,0.1528436018957346,0.05974949221394719,1.6985294117647058,0.028442146089204912,4.4305194805194805,663.9666666666667,4513,14.712312578476993
5bu/RaKpqJiWVQmRNMfN1g,14258,0.1836863515219526,0.14497124421377472,4.819727891156463,0.06160590678357176,inf,-147.96666666666655,11141,-1.3281273374622256
5cFhtfJPxZcmBn/FTxOpJQ,7485,0.12317969271877087,0.09084836339345358,2.670807453416149,0.030668677727501256,4.246601941747573,391.4000000000001,5783,6.768113435932908
5jGfBYQMSYTrkZBiEhVOpw,7618,0.16723549488054607,0.0937253872407456,3.0235849056603774,0.023118544023610427,3.6336336336336337,41.73333333333347,5974,0.6985827474612231
5n7e7I+px7c6CQmLpPbtsg,13198,0.10425822094256705,0.09334747689043794,6.558558558558558,0.037450921171851406,3.8283393501805056,344.90000000000015,10324,3.3407593955831087
5ouu5AWu2GYFHUuN6MKnFA,7380,0.21016260162601627,0.15921409214092141,2.9057971014492754,0.04678362573099415,3.829934518241347,699.4000000000002,5664,12.348163841807912
5xYZ4z6oztsDoZjOzwXGPA,5062,0.15725009877518767,0.0839589095219281,1.7927461139896372,0.026234567901234566,3.092583120204604,763.6,3870,19.7312661498708
6/1Ac6iR0bfww4R2+LgCqA,5870,0.09540034071550256,0.03713798977853492,2.8372093023255816,0.020090732339598186,3.803225806451613,-11.600000000000005,4543,-0.2553378824565266
62HZTtbXzcvKhp4SpR0qLg,6153,0.2681618722574354,0.08418657565415244,1.806701030927835,0.025232403718459494,4.0,588.8333333333333,4863,12.108437864144218
641YNeadqRPq/IQTGJep/w,9220,0.23622559652928415,0.1972885032537961,2.967391304347826,0.04930725346373268,3.393635827931644,527.5333333333336,7585,6.954954954954959
6BZMXSLIh7SzK94a040RhQ,8736,0.1945970695970696,0.021863553113553112,2.0106382978723403,0.018744906275468622,3.7762237762237763,-312.56666666666666,6462,-4.836995770143402
6BfY30VNVThgtNLhQ4swdg,6810,0.19177679882525697,0.1397944199706314,4.988372093023256,0.051541425818882464,3.0518957345971565,444.00000000000017,5270,8.425047438330173
6DwBRH+xZ12AAZmeAg+aXw,6149,0.33322491462026343,0.27175150430964384,3.51056338028169,0.12295578437310721,3.0870989761092154,815.1333333333336,4951,16.46401400390494
6PUdAmZWZebegwL7d/G3Mg,7246,0.1752691139939277,0.14173337013524703,4.627329192546584,0.03969022265246854,3.8838983050847458,15.033333333333289,5436,0.27655138582290817
6RiVTYll/5D8zICp0MRpKw,8594,0.18059111007679776,0.11263672329532232,2.356940509915014,0.03571428571428571,3.4638202247191012,-105.53333333333332,6796,-1.5528742397488717
6XhXrnN0l1dugDlNcJGUsg,5154,0.2089639115250291,0.06616220411331004,1.215644820295983,0.03576437587657784,4.341258741258741,31.09999999999999,4031,0.7715207144629121
6bU7FCau6rpIPryg6/gPAA,12804,0.12082161824429866,0.07489846922836614,2.302250803858521,0.0363015823766677,4.0131578947368425,279.6000000000001,9822,2.846670739156995
6bZSE2LvZizFjUwvlrFMaQ,6831,0.07158541941150637,0.04377104377104377,1.9037037037037037,0.018072289156626505,4.295454545454546,-39.599999999999966,5250,-0.7542857142857136
6lQU/ENm6JIPzDLsVlAP5A,6250,0.2088,0.1648,2.1142857142857143,0.04431818181818182,inf,-410.69999999999993,4868,-8.436729663105996
6lZq8YEWJc6oQZR5ZK8yAw,10372,0.23891245661396066,0.14481295796374855,1.7613412228796843,0.05518341307814992,3.5468373493975904,88.70000000000002,8012,1.1070893659510737
7/lGdfcaBuMpBBCLs7e+Eg,9735,0.13507960965588084,0.10200308166409862,2.238095238095238,0.05038291011688835,4.2533024333719585,830.3000000000001,7531,11.02509626875581
79ID/ub1Pt/mDpCprVmOoA,9601,0.18081449848974065,0.1579002187272159,5.27906976744186,0.03284541235273117,3.1536516853932586,435.5000000000001,7591,5.737057041233041
79u7r6AwFwToSZB/Ri6zng,6039,0.05332008610697135,0.0460341116078821,4.785714285714286,0.027239709443099273,4.173390557939914,-133.29999999999993,4666,-2.8568366909558494
7LDb2gRIYi8pt2m880Yyfw,7818,0.13238679969301612,0.10450243028907649,1.8846153846153846,0.04170444242973708,4.197786998616874,1053.7333333333333,5967,17.659348639740795
7LMdrxGsEvqkvOfgKJgZ6g,10141,0.1608322650626171,0.11507740853959175,3.0392156862745097,0.03127413127413128,3.7401662049861497,791.4333333333334,7987,9.909018822252829
7aLMgt5IJZPbcymEmuCP5w,14551,0.12012920074221703,0.041577898426225,4.015345268542199,0.007568359375,3.181184668989547,-1026.5,11413,-8.99412950144572
7injgs2kFweNCL4R0I4ITA,6300,0.14777777777777779,0.10238095238095238,2.018867924528302,0.021848739495798318,4.013201320132013,318.2,4829,6.589355974321806
7je+LC5Mfs6nL8YBVh4frQ,11258,0.11422988097352993,0.07790015988630307,6.473684210526316,0.028610823853843503,3.5261034047919293,-138.4666666666666,8755,-1.5815724347991618
7xd34igFtqy3BKKcAOfh0Q,5234,0.2019487963316775,0.06324035154757356,2.3155555555555556,0.008287292817679558,2.871473354231975,-167.0666666666666,4126,-4.04911940539667
7z9orGDJpUnEvIwifKWQCA,11892,0.15699630003363607,0.09300369996636394,2.1656976744186047,0.026814911706998037,4.3130859375,76.7000000000002,9320,0.8229613733905601
80IuAS7RweimOYh643WA4A,38815,0.10094035810897849,0.09911116836274636,2.7413793103448274,0.04898595943837754,21.368892846542,3730.499999999997,30089,12.398218618099628
81y7znxoJuwErnNB122kvg,5047,0.1931840697444026,0.1545472557955221,4.610619469026549,0.06734006734006734,4.179320531757755,867.1,4000,21.6775
85L4omfonYPm5LTutvF7bQ,9724,0.21894282188399836,0.1736939531057178,3.0946601941747574,0.05640138408304498,inf,1438.8,7568,19.011627906976745
88UM2Yt6ZTfnrBmPpGwhYw,5143,0.1224965973167412,0.08535874003499903,4.011363636363637,0.03931203931203931,inf,-115.30000000000003,3972,-2.9028197381671705
8B/dhbQjIWe6ASCdgzktNQ,5259,0.12911199847879826,0.09830766305381251,2.158273381294964,0.016813450760608487,3.77258064516129,-52.49999999999992,3928,-1.3365580448065153
8ClCHtFXGNplITm+63KB+Q,30891,0.13848693794309022,0.07655951571655174,1.8716904276985744,0.028837012781240096,4.094731800766283,-1212.4666666666665,23459,-5.168449919718089
8EbrQ/EvFWt2cr0GaU82gQ,6096,0.0718503937007874,0.058891076115485566,5.3090909090909095,0.019205298013245033,3.218237082066869,-32.69999999999993,4714,-0.6936784047518016
8FU0bKuLRdwURbDqZgGeHg,8177,0.12045982634217928,0.013207777913660266,0.9437751004016064,0.010462074978204011,4.504878048780488,-438.4,6278,-6.983115641924179
8FrWYnWmXxpnQsvev8PEIA,8636,0.1190365910143585,0.05905511811023622,1.7301038062283738,0.005852842809364548,3.238709677419355,-409.19999999999993,6835,-5.986832479882954
8Jg0L3U/z1lFwfUbhIcqng,10241,0.15193828727663314,0.059662142368909286,2.426829268292683,0.009216589861751152,2.0225641025641026,-416.1666666666667,7947,-5.236776980831341
8M8nJ/UBr9/QWlaauA08bg,5391,0.19161565572250047,0.12279725468373215,2.1904761904761907,0.025671641791044777,3.551211631663974,126.80000000000004,4204,3.01617507136061
8Sa5U4Aj9qxOHYBlxvuuxg,6142,0.25496580918267664,0.13269293389775316,2.8874458874458875,0.07790762381747357,3.8892857142857142,1933.1000000000001,4566,42.33683749452475
8imrw6g4vxrcqmR0FoHRFw,5145,0.0967930029154519,0.053061224489795916,3.8607594936708862,0.03343465045592705,3.781578947368421,107.89999999999996,3949,2.732337300582425
9+yhPU/0EZdiVWvLNb9EFQ,7947,0.12444947779036114,0.08984522461306153,2.423312883435583,0.01801363193768257,inf,-232.49999999999991,6142,-3.7854119179420374
9HJloui7Vaaybyxi5P6+Yw,6590,0.21365705614567526,0.19271623672230653,3.118556701030928,0.05668016194331984,3.356266205704408,1133.2333333333336,5272,21.495321193727875
9JQBrkjgJTCKA0uy1WvohA,5853,0.21629933367503845,0.1083205193917649,1.840637450199203,0.028432732316227463,3.6685810810810815,865.4333333333334,4574,18.920711266579218
9U/1/wpkTjqPWSWJMRaqAw,5518,0.14679231605654222,0.12432040594418267,5.846153846153846,0.02843601895734597,inf,320.3000000000001,4307,7.436730903180871
9VuapMDTTWOhZJ4WRyV1Zw,10492,0.13924895158215783,0.08968738086160885,4.1420118343195265,0.03948339483394834,inf,1041.5,8248,12.627303588748788
9k3x0UABipI6tcG/f0VsBQ,10655,0.1692163303613327,0.1339277334584702,2.4267352185089974,0.03221770409759149,3.2940196820590457,800.9000000000003,8105,9.881554595928442
9luR3koKUEPjZs6fhlqZmA,21410,0.1498365249883232,0.09079869219990659,2.8224852071005917,0.025034293552812073,4.330289532293986,495.1000000000001,16768,2.9526479007633593
9xELjUIITr0JaWwYc5BzTA,6822,0.16901201993550277,0.13148636763412488,2.5837837837837836,0.04774678111587983,4.330348258706468,520.0,5059,10.278711207748566
A0pzfFkf2KuL0xbsyEKCeg,13836,0.15242844752818735,0.11990459670424979,2.5091383812010446,0.03064755313890262,4.099217731421121,493.7000000000001,10687,4.619631327781417
A7HYt6O9V43zHPfctvan1A,19101,0.11344955761478456,0.06497042039683786,2.4653465346534653,0.011529592621060722,3.191348600508906,4.000000000000183,14823,0.02698509073736884
AQ4NAeIo0h+myYANvx0P1Q,6797,0.1274091510960718,0.09813152861556569,3.5964912280701755,0.03659233847913093,4.5363184079601995,563.2,5299,10.628420456689943
AdEUdPCON7AjYpJKlit09g,10829,0.19900267799427462,0.1338997137316465,1.8080808080808082,0.043021680216802166,4.251173353520061,1600.3000000000002,8135,19.671788567916416
AdZRThJ4BLJSxSrtBxfkJA,6876,0.14936009307737055,0.122891215823153,2.654028436018957,0.055612244897959184,4.182065217391305,717.3333333333334,5316,13.493855028843743
Ag3FNLrQOK1/sPy9AzBN6A,11315,0.14043305346884666,0.039681838267786124,2.185185185185185,0.014506464837590665,4.23970223325062,146.10000000000002,8853,1.6502880379532363
AiXn/9o1EwOPZUHujnh/bA,11853,0.16594954863747574,0.04935459377372817,2.5196850393700787,0.013595166163141994,2.920222634508349,179.20000000000002,9261,1.9349962207105065
AjPdRlqq5A09+dJ1jqXnlQ,6531,0.09539121114683816,0.048997090797733886,2.8294573643410854,0.014705882352941176,3.693793103448276,294.9000000000001,5101,5.781219368751227
AzqKl58B8D3CGiD79OHiFA,5408,0.24426775147928995,0.16993343195266272,2.570048309178744,0.06491002570694088,4.144675642594859,-250.39999999999998,4238,-5.908447380840018
B+gzgJJ8HnFg0yXJLPXEhA,15138,0.17697185889813713,0.11348923239529661,2.5,0.03635576714996754,4.293350548741123,1940.4333333333334,11482,16.899785170992278
B/mVRcHY3+jB/ztXjq5R5g,5764,0.238029146426093,0.0917765440666204,3.597826086956522,0.03206997084548105,3.030084745762712,119.20000000000007,4464,2.6702508960573494
BT7ecusaQcIqHtnw5mXSJA,8838,0.11461869201176737,0.06834125367730255,3.0,0.03518072289156626,4.642424242424242,312.19999999999993,6822,4.576370565816475
BdjA2+oYHxweHdgx/40cNw,10926,0.1118433095368845,0.07541643785465861,1.7754491017964071,0.026685899747565814,4.033644859813084,385.9333333333334,8361,4.615875294023842
BgIoOWt+syHhkuoswO71Hg,14061,0.19799445274162578,0.0583173316264846,1.9044684129429892,0.01765571358509073,3.353020134228188,-1013.4,11038,-9.181011052726943
BqmhAX/T1pkiitVpoZt2Zw,7788,0.1397021058038007,0.0847457627118644,2.3176470588235296,0.013098649201801064,3.0775119617224878,33.93333333333341,5997,0.5658384747929532
BrQxsr8Sgj0BS5NHxzfrgQ,5559,0.16531750314804822,0.09911854650116927,2.1977401129943503,0.030734206033010813,4.068145161290323,240.00000000000003,4249,5.648387855966111
BsOOMIF47tyYoW1VrzlIrA,5923,0.27199054533175754,0.19567786594631098,1.6990291262135921,0.08014142604596347,3.3123529411764703,1073.5333333333335,4567,23.50631340778046
Bv34vjf6bYi5+4lvL92REA,6555,0.20259344012204425,0.0836003051106026,2.6966666666666668,0.028141678796700632,3.3333333333333335,-591.7999999999998,4918,-12.033346888979256
BxHhN4YmYd22ztOIuPPgAw,5148,0.1522921522921523,0.1116938616938617,2.7045454545454546,0.01950078003120125,4.194899817850637,240.4,3965,6.063051702395964
C2BmsF2rfMpwrHqpGgvc4g,11797,0.23768754768161396,0.18886157497668898,2.143859649122807,0.056091148115687994,3.0633235004916424,1345.3000000000002,9183,14.649896547969076
C2UkS9pESPxdH6Fdioe8WA,5601,0.09391180146402428,0.09337618282449563,10.368421052631579,0.03036576949620428,4.1732776617954075,244.80000000000013,4409,5.552279428441826
C2vqT47mAgdbemATXZ/l/Q,13602,0.17615056609322158,0.12189383914130275,3.203856749311295,0.028411973617453068,inf,918.1000000000003,10488,8.753813882532421
C96KoUU7UVs89E58ZedC7w,6411,0.17002027764779284,0.13726407736702542,3.2422907488986783,0.057512953367875645,3.202610966057441,799.7,4950,16.155555555555555
CBDKQTzTZ2nPymOihiAiQw,6718,0.190979458172075,0.12667460553736232,5.154285714285714,0.04017424975798645,3.6555410691003916,-273.00000000000006,5347,-5.105666729006921
CC7eqBfKnle3hEnBY3Gxgg,5413,0.19988915573619065,0.155920931091816,2.652173913043478,0.060828877005347594,4.11925630810093,479.90000000000003,4160,11.536057692307692
CMRlr0XU/vGstBgmgpre7Q,8524,0.21292820272172688,0.1353824495541999,1.566068515497553,0.028380634390651086,3.787257617728532,963.7,6527,14.764823042745519
COsrwJSFHQtxlUcrYtDQPQ,12651,0.14726108608015176,0.11508971622796617,2.9392857142857145,0.03243407093058503,3.75910780669145,542.3000000000003,9874,5.492201741948555
CQYnEu8p054vb+YCu5aWGQ,5981,0.08142451095134592,0.051162013041297444,3.081081081081081,0.01668726823238566,4.122580645161291,-102.0666666666666,4687,-2.1776545053694605
CS9XhWCeY0Hf9CAlRmL4eQ,10704,0.12686846038863975,0.09052690582959641,1.7863777089783281,0.04580965909090909,3.6593563766388555,150.50000000000009,8158,1.8448149056141223
CT7Xj/V/O5rBlhtt+RZeFQ,8523,0.16566936524697876,0.07638155579021472,4.443181818181818,0.02730528200537153,4.323339011925043,-820.5,6687,-12.270076267384477
CkGcRl5mCScTTaG7IkGJhA,6021,0.14150473343298456,0.08055140342135858,2.41875,0.019851116625310174,3.5055187637969096,556.5,4681,11.888485366374706
CqLHJkex2nYirJagQYH0aA,14683,0.1850439283525165,0.15303412109241982,1.899390243902439,0.06107784431137724,3.643517587939699,338.2666666666669,11282,2.998286355847074
CyHVL0gPNuYo+3t0+FPWlA,6266,0.2170443664219598,0.06527290137248644,1.7624190064794816,0.025595238095238095,3.2728767123287668,-174.6666666666667,4869,-3.5873211473950857
D44at5UKk7w7TP09UNFzDg,10548,0.1744406522563519,0.1375616230565036,1.9068181818181817,0.04232972628898791,3.2723404255319144,790.9333333333335,8192,9.65494791666667
DBP8e66watQgwxNN1BA64A,6442,0.08040981061782056,0.06830176963675877,3.3015873015873014,0.028169014084507043,5.402030456852792,-17.09999999999998,5010,-0.34131736526946066
DEotRXu6W2UJFCwI3+pWEA,13449,0.10439437876422039,0.07732916945497806,3.0813953488372094,0.006145741878841089,3.5275049115913557,697.3000000000001,10630,6.559736594543744
DHutq94vtfhG49ND8FXskQ,6823,0.2025501978601788,0.053495529825589916,2.2618181818181817,0.01186178442496132,3.697947214076246,95.50000000000003,5314,1.7971396311629664
DPXRnqdgHeNYYgmUvQshyg,8870,0.07497181510710259,0.0657271702367531,3.292452830188679,0.03715745471435207,4.2788,192.20000000000007,6726,2.857567647933394
DU/hdoZGtdJYFguV22FF0A,6641,0.14214726697786478,0.11925914771871705,4.103448275862069,0.03288672350791717,4.030352303523036,-500.5999999999999,5165,-9.692158760890608
DW+ugVtCo/mm2J3IsdrEBA,5810,0.1738382099827883,0.11101549053356283,2.7888888888888888,0.040686586141131596,4.767474048442907,-519.1999999999999,4634,-11.204143288735432
DYOB4Z6bBQpcmrCQgJEaMg,5745,0.0927763272410792,0.08842471714534378,3.807017543859649,0.07030716723549488,inf,412.1,4407,9.35103244837758
DnDcAdn9P0zGovMERigpFA,13111,0.0937380825261231,0.0745175806574632,3.2531645569620253,0.022998805256869773,3.9755555555555557,384.40000000000003,10239,3.7542728782107626
Dwsd61FkfDjhs5LToHtIOg,17323,0.10979622467240086,0.08572418172371991,2.0410628019323673,0.020925553319919517,3.411006517016655,-685.9999999999999,13126,-5.226268474782873
E/5ZzK2/cFLc3fQReFJKDw,9394,0.12667660208643816,0.09612518628912071,2.796078431372549,0.04088586030664395,3.2453531598513012,362.0000000000001,7313,4.950088882811434
E0iYnEVO2ho7dH3QcCjw7g,7940,0.14571788413098236,0.08614609571788413,2.3472222222222223,0.02783203125,3.977955271565495,1152.0,6162,18.6952288218111
E8MSsqcO/wiq1rJ3gNntwA,11568,0.195798755186722,0.10148686030428769,1.2164821648216482,0.037521815008726006,3.6717998075072185,959.2,8577,11.18339745831876
EE16Ua5b1HSsYej5zeXOlA,5291,0.25288225288225286,0.17425817425817425,2.5833333333333335,0.032401524777636595,3.3618828932261766,1217.9,4181,29.129394881607276
EN4onCeuwLRP8LizUenEuw,14062,0.1993315317877969,0.11847532356706016,2.574162679425837,0.04355108877721943,3.863039150630392,1007.1333333333333,11079,9.090471462526702
EhFSWOMgHHvVHNw/5zk1ww,6354,0.11378659112370161,0.09789109222536985,2.722689075630252,0.05754475703324808,inf,643.6,4960,12.975806451612904
Evbijjx6feUSPZskzntBxw,11479,0.3215436884746058,0.09634985625925603,2.1054637865311308,0.038106579339089015,3.225562372188139,1322.8666666666668,9197,14.383675836323441
F3ft/57vBd5GkGvONrlrKw,5259,0.1426126640045636,0.1230271914812702,2.8444444444444446,0.03828972559029994,4.081367521367521,504.60000000000014,4035,12.505576208178443
FAVz43IUOi/BRGkmHQfpuw,5730,0.2401396160558464,0.15602094240837697,2.526315789473684,0.043586550435865505,3.301459854014599,945.0000000000001,4314,21.90542420027817
FDR98TMC7Kcp8DEbDDuKRg,11711,0.19622577064298521,0.13500128084706686,2.9554455445544554,0.03920911528150134,3.1801641586867304,574.0000000000001,9202,6.237774396870247
FMcGO9ryXPgVrfxShHp/5Q,9211,0.14276408641841276,0.09423515362067093,2.11340206185567,0.021222100256128796,2.9028430160692213,-365.3,6857,-5.327402654221963
FMd4jVqIOSe6pvOUt9A06g,19266,0.08112737464964186,0.03913630229419703,2.1363636363636362,0.012830793905372895,4.515362318840579,264.70000000000005,14668,1.804608671938915
FOIUEMemcKhB3ISIIC61Sw,11032,0.1375997099347353,0.10968092820884699,2.5104166666666665,0.03280285807080221,4.029395852119026,814.6333333333334,8244,9.881530001617339
FONMraB4GCHzDwDcfciKyw,5389,0.09185377621079978,0.08573019113007979,4.018867924528302,0.026595744680851064,3.465402843601896,-237.5,4161,-5.707762557077626
FStoHe64SQWqAsjya9pDkQ,7692,0.19513780551222049,0.13260530421216848,2.595918367346939,0.019940602460755196,3.0896197327852004,379.8000000000001,6069,6.258032624814634
FYepjhAvF8ZdVCmqHIy+eQ,5037,0.14532459797498512,0.09112567004169149,1.9869281045751634,0.022678951098511695,4.108920187793427,82.63333333333341,3957,2.088282368797913
FdYwwGrQ/yR/UM2Mfa8kCw,6946,0.06982435934350706,0.06161819752375468,3.272727272727273,0.04236796285548462,3.2632478632478636,408.0,5300,7.69811320754717
FgZbrOLoX5nYj2H6XbQobw,5299,0.19626344593319495,0.1504057369314965,3.2690058479532165,0.10610932475884244,3.3101587301587303,210.90000000000006,4023,5.242356450410144
FlNJhudA1EKuUEJICI0zTA,5085,0.17384464110127826,0.1431661750245821,5.226415094339623,0.045853000674308836,3.9018181818181814,208.49999999999997,4006,5.204692960559161
Fr6/n+DA92p5Hupefb3ejQ,6244,0.3382447149263293,0.13693145419602817,1.6364883401920438,0.07420318725099602,3.9372159090909093,719.1666666666665,4673,15.389828090448674
FxQOnoIoRpE2J7gMjaYuSg,8757,0.10151878497202238,0.10117620189562636,6.2,0.054945054945054944,21.11480996068152,285.29999999999933,6799,4.196205324312389
G8IjETthk2wEBFprXTuT8g,6316,0.15626979100696645,0.057314756174794174,2.4875,0.021421107628004178,4.501557632398754,-327.8666666666666,4871,-6.730992951481557
GBRaMTHgwQxCuEwvzjbYBQ,6562,0.14020115818348064,0.06507162450472417,2.3563218390804597,0.004072134962187318,3.387112171837709,-324.29999999999995,5089,-6.372568284535271
GDcZAT1VWAIDRUk3G1WRQQ,18603,0.12170080094608396,0.09482341557813256,2.50293542074364,0.03563383166086422,3.009955891619408,850.4000000000002,14621,5.816291635319063
GMp0daYOX1F/1fRxGQsrKw,6426,0.09165888577653283,0.06551509492685963,3.4623655913978495,0.021461716937354988,4.105729166666666,73.69999999999999,4949,1.4891897353000605
GbCVUNssQ7mqsPWr7J4d3w,15554,0.1341134113411341,0.07869358364407869,2.046620046620047,0.04830172033524482,3.2635364635364636,1241.2333333333333,11627,10.67543935093604
GlB1Oj8L+if4+SxM94G1UQ,13031,0.18801319929399124,0.10521065152329062,3.084070796460177,0.04825239715434581,inf,1307.3666666666668,10246,12.759776172815409
GmAhfWw04zAp/NX3z7ZxDg,10990,0.15259326660600547,0.12957233848953595,2.3763440860215055,0.021164021164021163,3.302492668621701,43.033333333333566,8713,0.49389800680975054
GoE4OgvAJYAJ0+pC7h7/Xw,11264,0.24174360795454544,0.19167258522727273,2.082258064516129,0.046539379474940336,inf,2550.9333333333334,8817,28.93198744848966
GyKs+fuOrP/Thcak29A54g,5495,0.0840764331210191,0.056232939035486804,1.8175675675675675,0.005984042553191489,2.9270903010033447,-43.59999999999999,4251,-1.0256410256410253
H5Se03ZqSX7tbULXur2MAg,16692,0.133477114785526,0.050083872513779056,2.4444444444444446,0.016142918639690057,3.523421052631579,-1205.0,12956,-9.300710095708553
H9KUl8cmpLgEpOVDA00bCg,11022,0.08873162765378334,0.07802576664852114,3.138157894736842,0.05110793423874196,inf,877.8,8543,10.275079012056654
HLPRpfXJhSB51ZnZYjWdiw,5357,0.1902184058241553,0.15456412170991227,3.83125,0.045483259633607075,4.045033112582781,165.40000000000006,4079,4.054915420446189
HPEB+AtKw1+C/cxU0o1ciw,12760,0.10697492163009405,0.037539184952978054,1.55,0.017907902217168845,4.060096153846154,-1294.8999999999999,9872,-13.11689627228525
HQOd2gJtxWvb8iXKxBX1oA,8201,0.2133886111449823,0.14973783684916472,2.6666666666666665,0.048034934497816595,4.010752688172043,1286.6,6406,20.084295972525755
HTuEqtvnfJS+tJjsOks05Q,19482,0.14859870649830612,0.11805769428190124,4.597796143250688,0.050216986980781156,3.8868677042801556,1097.9,15195,7.225403093122739
HlYJp1b+iQcyFzqkP7cJVA,9256,0.17102420051858255,0.1355877268798617,3.0727272727272728,0.03274120515499826,4.095254529767041,1358.9,7269,18.694455908653186
HtELMnIpQzpcPXm89PVHjA,23829,0.12577111922447437,0.10915271308069999,3.738498789346247,0.058534405719392314,3.8271078875793294,-451.9666666666664,17822,-2.5360041895784224
I1TxPvWj8NfG8orglCinNA,12054,0.1488302638128422,0.11274265803882529,2.6565349544072947,0.044444444444444446,4.130839567747298,602.9333333333335,9429,6.394456817619403
I5xGnbJM24lvPNCUTBuDog,6088,0.1933311432325887,0.15078843626806834,3.6358381502890174,0.046620046620046623,4.070967741935484,704.2,4738,14.862811312790207
IDYRvH3UCWMtNQUWuOLsag,6165,0.24038929440389295,0.09829683698296837,1.7530562347188263,0.020537124802527645,4.154850088183422,79.86666666666673,4806,1.6618116243584422
IHF+NCzGsowdiVb/Axq8ug,7344,0.20669934640522875,0.11601307189542484,2.4375,0.03177083333333333,3.176738305941846,163.90000000000012,5888,2.783627717391306
ILYhtsoFBMQ/TDrkBhy0Cg,7879,0.16613783475060287,0.09683970046960275,2.2226277372262775,0.024057738572574178,3.9852062588904693,-542.0999999999999,5946,-9.117053481331986
IZKy0x/IGmhv/230POn9Wg,11304,0.07722929936305732,0.06334041047416844,3.4901960784313726,0.023330940416367553,3.811076923076923,-356.2666666666666,8734,-4.079077932982214
IbKkxFPjux0+shmlNYRMsA,7133,0.15477358755082013,0.08229356511986541,1.6543624161073827,0.02527075812274368,3.8460966542750925,102.93333333333337,5578,1.845344806979802
IcPtlS82064qSf51wYvlyw,5036,0.0931294678316124,0.08300238284352661,4.380952380952381,0.05101214574898785,4.300281690140845,382.90000000000003,3920,9.767857142857142
Ikc09dtbuz0rCsPXj2IRHw,17739,0.19544506454704325,0.056823947234906136,1.9831932773109244,0.024141630901287552,4.0449308755760365,322.03333333333353,13619,2.3645886873730344
IweulAYOZGdfw2Gs+vMxVA,5276,0.2460197119029568,0.14992418498862775,1.9714285714285715,0.0175054704595186,3.131070496083551,431.13333333333344,4257,10.127632918330596
IyuQ4mkBbat1ZWrI5ru8tw,5014,0.17969684882329479,0.06581571599521341,2.8860759493670884,0.028901734104046242,3.3118055555555554,255.20000000000002,3920,6.510204081632653
J2fAoZKgsPb+T3znw6vuQA,7387,0.10883985379721131,0.09056450521185867,2.5514018691588785,0.02995270625328429,3.640849673202614,304.20000000000005,5801,5.243923461472161
J6jNYUqSDDfMFxgGb9+9/A,6193,0.26513805909898275,0.2446310350395608,5.7952755905511815,0.12455303933253874,3.975920245398773,1257.8000000000002,5038,24.96625645097261
J6lWx4+lScmHl5t2pu5soA,5367,0.18967765977268491,0.04005962362586175,1.4903846153846154,0.01855533465871438,3.3037433155080214,-80.76666666666672,4142,-1.9499436665057153
JFIAqU8lCZ0vWwEl4bdGsg,14187,0.21576090787340524,0.17480792274617607,1.9784615384615385,0.03732718894009217,3.5160984031074665,988.8000000000002,11292,8.756641870350691
JIHQpdRw7/VaYXG8o1yaRA,11445,0.16976845784185235,0.1145478374836173,1.7991360691144709,0.03785937944776544,4.054668930390492,-497.69999999999993,8716,-5.710188159706286
JJqejmlrtV+lkngDx6BRjg,17755,0.1873838355392847,0.16068713038580681,5.940559440559441,0.054701905347264906,4.130981000387747,1873.6000000000001,13673,13.70291815987713
JuAVoTfoxRTI/0dt1FigPg,7430,0.19259757738896366,0.06594885598923284,1.7063655030800822,0.01277297074577668,3.0641921397379916,875.0,5577,15.689438766361842
JxpnpCmvRAcrEUy7mq1iAg,8458,0.07578623788129582,0.06431780562780799,2.239130434782609,0.035849056603773584,6.647109207708779,-174.30000000000004,6511,-2.67700814007065
Jz1V/a4IxS9cVch3U2ZM1w,5097,0.1544045516970767,0.0539533058661958,1.4759615384615385,0.03073463268365817,2.989699570815451,235.79999999999995,3941,5.983252981476782
K/sdY32vRmk3Q5IzI5mL3A,6795,0.19720382634289918,0.14952170713760118,3.3091787439613527,0.05405405405405406,4.125657894736842,806.2,5405,14.91581868640148
K3Ak/xji5XOF/8Ohbfl44Q,5767,0.10837523842552453,0.08531298768857291,3.345864661654135,0.03578528827037773,3.730574712643678,-85.89999999999996,4454,-1.9286035024696893
KC1sP2z7DzbENwcrGMpu4g,8728,0.15845554537121906,0.13978001833180567,5.922480620155039,0.0422936152907686,inf,1158.4,6975,16.6078853046595
KLmNXHIuWnZYeJZEb8hPjw,10404,0.12677816224529026,0.07631680123029604,1.7606837606837606,0.025303976339139007,3.6872727272727275,-90.00000000000001,7588,-1.186083289404323
KUaPRRMrNc+r+QoAVG1ryQ,7934,0.27464078648853035,0.22775397025460045,2.726600985221675,0.10161662817551963,4.061149715729627,314.90000000000003,6204,5.075757575757576
Kizl60SLv28MuOk1Srg/rw,7167,0.11622715222547789,0.10339053997488488,6.487179487179487,0.054770318021201414,4.420123839009288,379.1,5529,6.85657442575511
L1BUBLzLDqViMja9rkmp0w,10922,0.11911737776963927,0.05447720197765977,2.047244094488189,0.02019473494410386,3.8877323420074346,579.8333333333334,8385,6.9151262174518
L3sOWBdkCqH+byCmdaj63A,8074,0.07939063661134506,0.07319791924696557,6.935483870967742,0.045779685264663805,5.486409736308317,396.6,6380,6.216300940438871
L5tZAoJvXL9AMcv1Ur6/VA,11023,0.09316882881248299,0.06722307901660166,3.326797385620915,0.038202247191011236,inf,244.26666666666668,8450,2.8907297830374756
LH3BVRKMrLU+Nc35NsSGcA,9413,0.09816211622224583,0.07202804631892064,3.3984375,0.026359143327841845,4.213680781758957,11.700000000000179,7241,0.1615798922800743
LHOTuTdsy4vGfZndfhg8Mg,6959,0.10173875556832879,0.0727115964937491,2.433333333333333,0.07342995169082125,12.638526912181302,77.39999999999982,5156,1.5011636927851013
LMKQuTqrRNzCSRb88F3aJA,13067,0.17486798806152903,0.133695568990587,2.656192236598891,0.05360348807386509,4.054794520547945,3707.0,10305,35.97282872392043
LWbUAN75NhzxnAvjU45ZGw,6021,0.23667164922770303,0.18535127055306427,3.3684210526315788,0.09627118644067796,4.180082135523614,-110.5999999999999,4784,-2.3118729096989945
LdwWpcTXLspGeVV57LJQLw,5666,0.2559124602894458,0.15195905400635368,1.728538283062645,0.04318734793187348,3.650190114068441,211.63333333333335,4368,4.845085470085471
LtASJ9OlkqGrrUKGQlpGAw,26002,0.10868394738866241,0.054072763633566646,2.511961722488038,0.015614299411039584,3.394108527131783,994.6000000000001,19974,4.979473315309904
LvwPSDkJAqFyQi/P2IsDhw,10480,0.10143129770992367,0.05343511450381679,4.109090909090909,0.017715112075198842,2.9142857142857146,-367.5,7982,-4.604109245803057
M0badq25CKyS9G0fCJj8bQ,6019,0.21465359694301378,0.06496095696959628,4.468354430379747,0.022018348623853212,3.9203389830508475,-161.79999999999993,4734,-3.4178284748626937
M2QO2DxB5Wawg2h8HSpnYA,5020,0.14800796812749004,0.043824701195219126,1.6170212765957446,0.005847953216374269,3.829383886255924,-116.19999999999997,3951,-2.9410275879524166
M2vI5uYBc2sLZlmLJyBNRA,9328,0.2890222984562607,0.1763507718696398,1.5902061855670102,0.07251082251082251,4.153536754507628,1200.9,7231,16.607661457613055
MJ/gInsKiYH53a8UrUs3cw,5225,0.1552153110047847,0.09244019138755981,2.5891472868217056,0.01918819188191882,3.214004376367615,252.60000000000005,4093,6.171512338138286
MdeOMOPfEkdwqZ28V5W2CA,13360,0.0847305389221557,0.07896706586826348,1.3833333333333333,0.05979202772963605,18.664691943127963,961.4999999999994,10332,9.306039488966313
Mgh6HfPzOmL6z7NBVFxmbg,5383,0.270481144343303,0.23072636076537248,3.5642201834862384,0.07832545577312626,3.561565836298932,1226.4,4233,28.972360028348692
MieTRHajNuuNGoIxavbMKw,13607,0.18696259278312632,0.15896229881678547,3.8588957055214723,0.07844650205761317,4.155842757135164,-885.3999999999999,10454,-8.469485364453796
MlMfISlgBNMmkfnaI7C7AA,7653,0.16751600679472103,0.11799294394355155,3.088888888888889,0.03706896551724138,4.0132352941176475,825.3000000000001,5875,14.047659574468085
MlSO2M+JRtKqGMf8nB3uiA,6450,0.2565891472868217,0.08806201550387596,2.292537313432836,0.019315673289183224,3.8566604127579738,558.1,5022,11.113102349661489
N2GLPygw+6NevY3s98c5Vg,10260,0.15692007797270954,0.12348927875243665,3.76036866359447,0.03527860204418068,4.117443868739206,530.0000000000001,8002,6.623344163959012
N36mAg8KDDEtN5cQq1iRyg,11474,0.1532159665330312,0.0554296670733833,2.440119760479042,0.016586921850079744,3.9855670103092784,-764.5999999999998,8991,-8.504059615170725
N45yKUum6XByM42YNP9M4g,13892,0.15685286495824935,0.12273250791822632,3.395778364116095,0.06373406648337916,4.1153899240855765,2477.3333333333335,10695,23.163472027427147
N6fYvIzQLKaydFLKQGtMlQ,11247,0.15444118431581755,0.05752645149817729,1.551643192488263,0.020509427720807147,5.007191780821917,-699.1666666666666,8638,-8.094080419850274
NDQC5c0/1VeQxTYxylyOZw,13360,0.21055389221556886,0.024476047904191618,1.8417508417508417,0.020855057351407715,7.5167346938775506,-472.70000000000005,10539,-4.485245279438278
NP2WU+jNhvnWt5Y4z1s1uw,7152,0.14569351230425057,0.10710290827740492,1.4592274678111588,0.031470428648941944,4.280851063829787,532.2,5674,9.379626365879451
NQlky8nZVRbU5k7THfro4Q,9919,0.21776388748865813,0.17582417582417584,3.823728813559322,0.07484923731819794,3.101045751633987,2795.1000000000004,7516,37.18866418307611
NRJt5Uybr3/CVWVUzB+JfQ,7096,0.1939120631341601,0.14007891770011274,3.731012658227848,0.042786069651741296,inf,751.1333333333333,5432,13.827933235149729
NSnugY2jztJAAnnJt8kNwA,6301,0.2823361371210919,0.18330423742263133,2.0827586206896553,0.04666304937601736,3.412546816479401,1037.6000000000001,4941,20.999797611819474
NYyjrNkDFuhf32Bs/a+JAQ,6998,0.2379251214632752,0.1997713632466419,2.5278688524590165,0.05131004366812227,3.657361963190184,1517.8000000000002,5412,28.045084996304514
Nfbtmvtaqa1nYGAEBZ3KyQ,5931,0.15444275838813015,0.08261675939976396,2.06390977443609,0.01875,4.211304347826087,269.6,4679,5.76191493908955
NhUN/JpAprdJeamFBgJH1w,9392,0.15694207836456558,0.128087734241908,2.3947368421052633,0.03600782778864971,4.023285198555957,486.5,7387,6.585894138351158
O2o4zh1AE+gEA9+n866qRg,5327,0.24422752018021401,0.19241599399286652,3.0889830508474576,0.06628787878787878,4.104575163398692,1127.4,4130,27.297820823244557
OSMG55Z/ZQBbt7fGTKOIrA,5562,0.16055375764113627,0.11183027687882056,1.7476635514018692,0.024358130348913758,4.293653516295025,153.09999999999997,4361,3.5106626920431085
OUOTrSz7e7EAwD3dG68XqQ,5591,0.1797531747451261,0.11947773206939724,2.3923444976076556,0.020106445890005913,3.32259083728278,766.1333333333336,4234,18.0947882223272
OaecF17XbGCnRgAzPOqrSw,7150,0.2,0.13958041958041958,1.4767726161369192,0.03227633069082673,3.9777895855472902,1254.5000000000002,5465,22.955169258920407
Oe8dllOiCxTSDucrGxg89g,18612,0.20003223726627983,0.13405329894691598,3.291828793774319,0.030492898913951544,3.171708564124414,85.16666666666701,14798,0.5755282245348493
Og4L2v/NgZY5b3anHMM+GQ,6740,0.11008902077151335,0.0712166172106825,3.1319444444444446,0.03225806451612903,3.5976359338061465,-81.29999999999994,5346,-1.5207631874298528
OiV1PWZ3IkN29JlmCcnTwQ,8222,0.05509608367793724,0.05229871077596692,5.868421052631579,0.028148148148148148,inf,-41.29999999999997,6379,-0.6474369023357889
OvcyTm9+WXxU5tiSP47pTw,7497,0.1415232759770575,0.061357876483926904,1.308411214953271,0.013650151668351871,3.6069444444444447,-19.19999999999987,5797,-0.33120579610142953
P/zDZJTVpUjPsgFXg0x3YQ,6993,0.20792220792220792,0.17674817674817675,2.4797047970479706,0.05794102431453699,3.3248441674087266,2516.3,5406,46.54642989271181
P63PVCqhOUHTVCklIp4iCw,12239,0.16267668927199935,0.12770651196993218,2.821305841924399,0.028309305373525558,3.2302277432712216,590.5000000000001,9463,6.2400929937651926
PHuCN+jlZbc/vIpNf/Wr9g,5434,0.30309164519690834,0.060176665439823335,2.018390804597701,0.03794940079893475,inf,16.79999999999997,4180,0.4019138755980854
PI2mMzsAwKZWkilJcoReKw,7846,0.17180729033902625,0.04231455518735661,1.6159695817490494,0.009655172413793104,4.007741935483871,10.999999999999977,6057,0.18160805679379194
PNarIl1aNJhPka0dHTlYEg,10601,0.18828412413923215,0.10866899349118007,5.003355704697986,0.008912655971479501,2.3582963620230704,-37.76666666666663,8361,-0.45170035482199056
PO5NjzHXREqMGcJvulmqiw,8653,0.1237721021611002,0.09869409453368774,2.6,0.025582457743261764,3.88671679197995,283.50000000000006,6714,4.222520107238607
PQcwSc9YskG2dH14vmk+Yw,7765,0.08396651641983258,0.06941403734707019,2.8131868131868134,0.026469031233456855,3.793032786885246,337.80000000000007,5982,5.646940822467403
Py0ubNZXkt3OlF7elzBuPw,11226,0.17682166399429894,0.1117940495278817,2.421828908554572,0.046395431834404,inf,692.8333333333335,8700,7.963601532567051
Q1uciOZPBR/WkAlqa6cL4A,24745,0.1574459486765003,0.09953525964841382,2.9467353951890036,0.03060527394452794,4.229874776386405,961.9000000000002,18778,5.122483757588668
Q2AM6aCbb+jnXwLVd2ZlMg,9563,0.14336505280769632,0.1074976471818467,3.2216981132075473,0.03114318268135207,4.177589852008457,389.30000000000007,7309,5.326310028731702
Q2OTrN1QuGzh8cR0NHygxQ,5218,0.17362974319662705,0.0737830586431583,2.5789473684210527,0.026568265682656828,4.104022988505747,734.2666666666667,4093,17.93957162635394
QEbIGci+itdw+re8RM5fZA,5278,0.1043956043956044,0.08336491095111785,1.9726027397260273,0.013112491373360938,3.2247030878859855,216.23333333333338,4124,5.243291302942128
QINV/ESzBoh9N5g31uEO1g,5231,0.16994838463008985,0.1324794494360543,4.844444444444444,0.02108433734939759,inf,1035.9,4175,24.811976047904196
QLlQpTIi738XaiH5P1EkmA,5556,0.19420446364290855,0.1513678905687545,2.63681592039801,0.07352941176470588,3.7323162274618586,531.8999999999999,4291,12.395711955255182
QNry3wjE3RzyMgkkeUHxGQ,11762,0.07116136711443632,0.040724366604318996,2.1273584905660377,0.014548981571290009,3.918055555555555,-359.29999999999995,9133,-3.9340851855907144
QTMNNiQzZ5qmtsjgGGo4wQ,7281,0.19832440598818843,0.04669688229638786,2.228739002932551,0.02280130293159609,23.380918727915194,-520.5000000000001,5569,-9.34638175615012
QWa8rXqSDrOXeZ1kD4Vckw,10562,0.1425866313198258,0.031717477750426055,1.8452380952380953,0.006538084341288003,3.153993610223642,-505.50000000000006,8154,-6.199411331861664
QhNLvgkdTs/WNAVd/sKzNg,6567,0.12836911831886708,0.072483630272575,1.6728971962616823,0.02074688796680498,3.1664399092970523,-443.29999999999995,5094,-8.702394974479779
Qja23pMv2wQuz16oElUQ0Q,8014,0.2001497379585725,0.14462191165460445,1.911764705882353,0.03496225665474772,3.0797006548175863,938.3000000000002,6307,14.877120659584591
Ql963l1dlbu/bg/LBZrVYw,14909,0.09464082098061574,0.08927493460325978,1.153061224489796,0.06907630522088354,20.357196261682244,967.3999999999991,11536,8.38592233009708
QmRKT4LUUtCtIWj1szYWRw,5456,0.05113636363636364,0.048020527859237536,3.3529411764705883,0.020223152022315203,4.272961373390558,68.30000000000003,4265,1.6014067995310675
QqiZLFrN8iOUT/GHw7ztOA,6743,0.17232685748183302,0.12857778436897524,2.451476793248945,0.04245283018867924,3.6604651162790693,207.60000000000005,5108,4.064212999216915
QsLvCwfSWqP+CfjwUnjpXQ,8866,0.22614482291901647,0.024475524475524476,1.6618876941457588,0.009229534510433388,3.235416666666667,686.0000000000001,6628,10.350030175015089
QvZr1bduNjeB10fn3zHYsw,8372,0.17068800764452938,0.12279025322503584,2.4536423841059603,0.04054054054054054,4.027459459459459,46.39999999999997,6464,0.7178217821782173
R4PZrrC2AT5pBzajK1komQ,8313,0.15181041741850115,0.08360399374473716,3.6090225563909772,0.027302174919018974,4.931132075471698,-42.83333333333332,6518,-0.6571545463843713
R9M+AltInVYQt1JrBq5Zhw,5386,0.1273672484218344,0.08392127738581508,3.93,0.030361757105943153,4.0495049504950495,-378.70000000000005,4141,-9.145134025597683
RBC8rUh9rs5AnBYwhvWxvw,10754,0.16821647758973404,0.10433327134089641,5.374269005847953,0.02644746247319514,4.762595419847328,736.4000000000001,8450,8.714792899408286
RCqMONFrSPSArZh2Jsar/w,10394,0.12795843756013084,0.0767750625360785,1.8637469586374695,0.03758542141230068,inf,708.0000000000001,7878,8.987052551408988
RHqgdFvufLCYe54+qd2gcA,5954,0.21027880416526704,0.12210278804165267,5.087719298245614,0.056140350877192984,3.153560371517028,1218.8,4745,25.685985247629084
Rk40XvJnbYw8ikRCBlDUEQ,9976,0.09352445870088212,0.030874097834803528,1.4806201550387597,0.014751552795031056,3.205204460966543,143.80000000000004,7569,1.899854670365967
S+V2o0DvLTIN82TMW9E+fA,5778,0.18933887158186224,0.11336102457597785,1.622282608695652,0.01977552111170497,3.1027552674230146,347.9333333333334,4479,7.768102999181367
S0DjRIBGyPj9fosJHf76Pw,6309,0.17720716436836265,0.029798700269456333,2.9948979591836733,0.009994447529150472,3.5494117647058823,199.53333333333333,4854,4.110699079796731
S19qRCXOPLiFun/77j/BBw,15317,0.2409740810863746,0.17124763334856696,2.4130737134909594,0.053170189098998885,3.992171717171717,47.933333333333124,11698,0.40975665355901114
SEsQRKrGnsOUz0WmrDPdKA,14320,0.21466480446927375,0.15677374301675978,2.818936877076412,0.03445834316733538,3.701000476417341,466.00000000000017,11227,4.150708114367152
SUEelf2su9Dke+1m28dcKw,6179,0.17430004855154554,0.1111830393267519,2.195744680851064,0.03377218088151116,3.88548644338118,518.4000000000001,4784,10.836120401337794
SmkLIObBprT0z+uzYluPEQ,8358,0.1302943287867911,0.11294568078487677,2.9539473684210527,0.04911392405063291,3.6384887839433295,37.10000000000004,6533,0.5678861166386046
SuYoQr0LKM6cVHww7wpRYg,5673,0.09201480698043363,0.06945178917680239,3.5,0.028017241379310345,4.24985835694051,240.53333333333345,4367,5.507976490344251
SxIIgwXYLkwd6m3wLyPTCw,9837,0.22079902409271118,0.16021144657924163,2.8225108225108224,0.04506008010680908,3.162361111111111,3.5000000000000466,7564,0.04627181385510374
SyeTBRYs+ecfTJ2yuNAUgA,5001,0.16296740651869626,0.12117576484703059,3.944954128440367,0.032490974729241874,3.497682709447415,-158.7999999999999,3941,-4.029434153768077
SymapReK5kWE3x0xpDjLxA,10811,0.07973360466191842,0.07695865322356858,14.74074074074074,0.04476507584165742,4.443380281690141,-250.53333333333336,8414,-2.9775770541161557
SzKC4JeFFXtn45SbA2DJBw,9494,0.1300821571518854,0.10459237413103012,4.571428571428571,0.046912728527078305,4.065029239766082,470.1000000000001,7215,6.515592515592517
T5frW2bW+2oe/vztvK8/Pg,5459,0.16578127862245834,0.08151676131159553,1.5780590717299579,0.011404133998574484,4.0997668997669,256.1,4182,6.12386417981827
TJGE2D/VfAKhpVYgdlDtPg,6804,0.2552910052910053,0.18974132863021753,2.9376947040498442,0.052385892116182574,4.4506734006734,1670.0000000000002,5366,31.12187849422289
TLW1jfx7K6Xs8iVrMMPOeQ,9425,0.2029708222811671,0.008912466843501327,1.4313725490196079,0.010171869519466853,3.0296296296296297,-574.6999999999999,7492,-7.670848905499198
TTJuRWt8KWR3Z57s5spHYw,6945,0.1337652987760979,0.09200863930885529,3.014925373134328,0.02828054298642534,4.4285229202037355,-384.26666666666665,5438,-7.066323403211965
TTblK3vapLyk1scqcWVBeg,6113,0.17732700801570422,0.13904793063962048,3.165644171779141,0.05837264150943396,3.1703604806408543,802.4000000000001,4700,17.07234042553192
TWylXWogmPEnQQ78/g8hVg,5430,0.13941068139963167,0.09779005524861878,1.8453608247422681,0.020097442143727162,3.9251509054325955,178.8,4147,4.311550518447071
TcCscE4gmusSea90KGg7lA,8604,0.2196652719665272,0.1893305439330544,2.6103542234332426,0.061613295500608026,3.784823848238482,1589.2,6784,23.42570754716981
TfXUzcmuqXbeHKi0mFnsLw,7474,0.1924003211131924,0.11747390955311747,1.1965811965811965,0.01877133105802048,3.170637785800241,70.00000000000001,5719,1.2239902080783356
TfbcvhgCWXgwF0S3PgH3jQ,6764,0.22678888231815494,0.19633353045535187,3.6224899598393576,0.09283819628647215,3.456,682.2000000000002,5472,12.467105263157897
Th3FldXKQW6hWVVPahaoOQ,13627,0.127687678872826,0.093784398620386,2.753012048192771,0.028963869811884143,3.7808474576271185,1081.0,10589,10.208707148928132
TqkmuCIWwylrWv5Ct9zsig,7446,0.11563255439161967,0.07346226161697555,2.1411042944785277,0.019760790431617263,inf,600.3,5769,10.405616224648984
Tr+879xPd74QdnpbodHZkw,5451,0.12694918363603008,0.02788479178132453,2.0789473684210527,0.0037831021437578815,3.4616438356164383,-266.4,4286,-6.215585627624824
U/9a2Tqh7GIz7WXUYtIfTQ,13918,0.06250898117545624,0.057263974709009915,13.228571428571428,0.03337236533957846,inf,249.89999999999984,10732,2.328550130450986
U0Dz8YBGOdtMLHswkaE83A,5505,0.27138964577656677,0.15349682107175294,2.6940639269406392,0.011787819253438114,2.943893591293833,-521.6333333333332,4319,-12.07764142934321
U1VZo0BCa/NYQOSMO0EM9g,14947,0.15541580250217435,0.10563992774469794,3.6666666666666665,0.02807825086306099,3.2565337001375516,1333.3000000000002,11375,11.721318681318683
U2O6lNObTF2jz/+JzDsx2Q,5612,0.218104062722737,0.03510334996436208,1.5835866261398177,0.012143290831815421,4.152,-35.36666666666662,4331,-0.8165935503732767
UF9mG/2T28DiDhd1BPkmFg,5068,0.13733228097868982,0.06294396211523283,3.2653061224489797,0.03313696612665685,4.095588235294118,-175.43333333333334,4034,-4.3488679557098
UHzk2pgrOf4pmjA/6aP0yA,5708,0.1865802382620883,0.12281009110021023,3.019867549668874,0.024746906636670417,3.8989345509893454,798.8000000000002,4409,18.11748695849399
UKXz2mAWG0aA2YHz27bczA,7436,0.2400484131253362,0.03792361484669177,1.645320197044335,0.014109347442680775,4.8136,-339.79999999999995,5881,-5.777928923652439
UNrNMU4+48eEhNGrSNJz6w,8903,0.22396944850050546,0.16601145681231047,3.01056338028169,0.04146100691016782,3.1286944045911045,1871.4,6516,28.720073664825048
UPYKlragj2ypP97xTzIF2w,5341,0.3321475379142483,0.027897397491106535,1.1702127659574468,0.018730489073881373,4.176785714285715,-254.29999999999998,3954,-6.431461810824482
UPw5CVZlJQm5hVwIHNQtMA,8797,0.1652836194157099,0.11719904512902125,2.7222222222222223,0.036019309320460456,4.384565916398714,280.69999999999993,6749,4.159134686620239
UVQr2H6AWgrnrZssp/KAHA,7059,0.2637767389148605,0.12140529820087831,3.212698412698413,0.008550855085508551,3.8536992840095468,-522.5,5531,-9.446754655577653
UgtYg42miR20D4y9g+uzLg,6008,0.07123834886817576,0.07023968042609853,20.5,0.03353867214236824,4.743631436314363,144.13333333333333,4713,3.0582077940448404
UkTTqtw8enWVKcqz1erCzg,7148,0.10576385002797986,0.07288752098489087,2.5755395683453237,0.01648059542796385,4.143265306122449,-528.5999999999999,5468,-9.667154352596926
UlrPYpnL618u9YutS1jUoQ,6099,0.29217904574520415,0.22823413674372847,2.2388059701492535,0.058758314855875834,3.7917573872472783,1463.9333333333334,4852,30.17175048090135
UseG9Q9h5YB4Vg2r+06HKw,19283,0.1972722086812218,0.16947570398796868,3.8699551569506725,0.06636528028933092,inf,2306.766666666667,15131,15.245302139096339
V4Ww27u2TDlsxvZf3T71ZQ,6103,0.32557758479436344,0.10011469768966082,1.9189189189189189,0.04361873990306947,4.7436672967863895,325.9,4829,6.7488092772830806
V566uaFmnSaexuONxxfnqw,5306,0.10987561251413494,0.10158311345646438,8.714285714285714,0.05232558139534884,3.861038961038961,486.90000000000003,4092,11.89882697947214
V610Sqhiz7vWaExWnevTXQ,13026,0.12206356517733763,0.10087517273146016,3.557077625570776,0.03579209461562403,5.138564273789649,1829.2,10123,18.069742171293093
V6k8+olkMFkseWfMUPxb7A,6384,0.17089598997493735,0.07785087719298246,1.9895470383275262,0.006399069226294357,3.361316872427983,-1.8999999999999346,4852,-0.03915910964550566
V6p0jQ/RhUsqpHLmXvEX4Q,7573,0.12095602799418989,0.08530305031031295,1.7317073170731707,0.03848153926157046,4.27029876977153,486.9,5858,8.311710481392966
V8CKnChKgeDK+5oqJP5XVg,5079,0.19275447922819453,0.1614491041543611,3.610294117647059,0.056338028169014086,3.998097826086956,130.3999999999999,4002,3.258370814592701
VAQCfPv9P5FrObtwCp13dw,16854,0.16607333570665717,0.12210751156995373,3.693140794223827,0.044105854049719326,inf,794.6000000000001,12959,6.131645960336447
VBr7czYZzW07uXMccCOp6g,6438,0.05871388630009319,0.0469089779434607,4.976744186046512,0.024547048509643482,4.192277992277992,339.5,4894,6.937065794850838
VJeb5WusWFrWmbPbNcZKdg,8918,0.1706660686252523,0.1380354339538013,3.315068493150685,0.046621888581588306,4.0915315315315315,1749.5,6935,25.22710886806056
VNd4+vrjQO9Y+cvfFOO3ew,21822,0.07982769681972321,0.05224085784987627,2.695945945945946,0.00895050895050895,3.7381083562901747,-749.2666666666665,16923,-4.427504973507455
VXMMfXgj3W15eFh9BWEQZA,11723,0.13520429924080868,0.04913418067047684,1.1503579952267302,0.012763241863433313,4.191044776119403,-946.6999999999999,9134,-10.364571929056273
VetSQ3BWFef5U+Z2GprZRQ,5285,0.14550614947965942,0.11220435193945127,3.142857142857143,0.029508196721311476,3.093040293040293,8.9000000000001,4057,0.21937392161696082
Vh4JsLidKio33El+ejOAzQ,20226,0.24784930287748444,0.11208345693661624,1.5011185682326622,0.045950413223140495,4.160685483870967,1688.5666666666666,15218,11.095851404039076
VhEjZuJkp5H5HzlHAaYYoA,10998,0.13820694671758502,0.11683942535006364,4.36875,0.038748137108792845,4.923389830508475,834.1000000000003,8806,9.47195094253918
VhZ0CgdhPFPUjo40ZxBiHA,6814,0.21015556207807456,0.16832990901086,4.472727272727273,0.06478324403312226,4.104451038575668,1566.0,5326,29.402929027412693
VhjwWfxHSx00WxzYih3KOA,6120,0.1843137254901961,0.15196078431372548,5.29,0.04567180031864047,3.771767497034401,-41.79999999999999,4936,-0.8468395461912478
VjQkDJwVftvTJbSOqaaMUw,13182,0.09072978303747535,0.053557881960248827,1.2590233545647558,0.009342977697408076,3.364041604754829,120.30000000000017,10087,1.192624169723408
VvVj6q29EpKe+TjH096N3g,6504,0.12638376383763839,0.10132226322263223,3.0833333333333335,0.029894490035169988,4.312026359143328,918.6000000000001,5123,17.930899863361315
W/q8tI6mnEYKdmFkxG9y5g,6233,0.17856569870046526,0.11792074442483555,2.039525691699605,0.053811659192825115,4.033489827856025,432.6333333333333,4849,8.922114525331684
W3ingbA178eb7J5rt1PuIQ,6562,0.15635476988722952,0.09128314538250533,3.2389380530973453,0.06857142857142857,12.809051724137932,562.433333333333,4949,11.364585438135645
W5whx78vzQFB+zbqFqjLZw,8182,0.108530921535077,0.06330970422879492,2.5240963855421685,0.014732965009208104,3.730452674897119,196.03333333333336,6397,3.0644572976916264
W6tExOcYX7qiy6Qdp+ZwFA,7022,0.22401025348903447,0.1105098262603247,2.312958435207824,0.060825892857142856,inf,-134.76666666666665,5580,-2.4151732377538826
W8Ke6bpqBG9J0+l0yQSPBg,12613,0.056132561642749546,0.054626179338777454,11.09375,0.02652005174644243,4.217970049916805,744.7,9586,7.768620905487169
W95n/wNGkXRoubPtQTk7yg,8606,0.13478968161747618,0.1002788752033465,2.5,0.02482544608223429,4.046095717884131,603.0,6479,9.306991819725265
WDcdmT4oTfVV/SMO7VlTVg,5873,0.11953005278392645,0.07151370679380215,2.8947368421052633,0.016286644951140065,3.6911392405063292,-154.56666666666658,4484,-3.4470710674992544
WGQZS/ErkIGEKZRrwHNssQ,16133,0.17659455773879626,0.13810202690138226,5.055363321799308,0.04331087584215592,4.38955078125,899.3333333333334,12998,6.919013181515106
WNmd8Zyijl6MkhMEpkmX4A,5770,0.12409012131715771,0.0975736568457539,2.8392857142857144,0.04604810996563574,4.266262626262627,160.60000000000002,4464,3.5976702508960576
WOcciQg0so0Aza5CYOTLLQ,6310,0.09270998415213946,0.07083993660855785,3.202127659574468,0.03347799132052077,4.3457800511508955,-171.76666666666657,4832,-3.5547737306843246
WfEj91yXOiiGRduKdKwA8A,5374,0.13416449572013397,0.10122813546706363,2.6796875,0.031446540880503145,4.146450304259635,-467.7,4119,-11.35469774217043
WhEXI/dsbb5c02v30wp8Tw,7400,0.18891891891891893,0.13878378378378378,2.5384615384615383,0.03413746017296313,3.5709779179810726,-0.6999999999999168,5693,-0.01229580186193425
WhufT37XOBSESV7BWADa2w,8779,0.12632418270873677,0.0891901127691081,5.616541353383458,0.05974988420565076,4.122958397534669,1585.8,6864,23.103146853146853
WkFnP5d58JULh05sfgbxOQ,5846,0.13376667807047554,0.09681833732466644,2.6788990825688073,0.0185799601857996,3.8674115456238365,169.4000000000001,4614,3.6714347637624636
WneYQ68sAzZMZ2TKqmLjVg,8585,0.18846825859056493,0.15387303436225974,2.8860759493670884,0.06884343036978757,inf,1241.5000000000002,6704,18.518794749403344
Wr2ngRo507uPeVuFleTeUw,9400,0.09776595744680851,0.09404255319148937,7.826086956521739,0.03969912244045132,6.928132992327366,844.4999999999999,7183,11.756926075455935
WrLI51S2iMb8GLMB83gGqA,5618,0.21413314346742612,0.17034531861872554,4.1875,0.05765654060756355,4.040277777777778,-168.20000000000005,4471,-3.762021919033774
WwH838O/6ojC8s8GDc/qnQ,5814,0.11403508771929824,0.07705538355693155,2.4745762711864407,0.033420707732634336,5.428571428571429,437.6,4475,9.77877094972067
WyXhSjzcQAEwk0rHdVBzVA,6548,0.22434331093463653,0.04428833231521075,0.8635607321131448,0.008592910848549946,4.1547445255474456,275.9666666666667,4961,5.562722569374455
Wzm4vT7kFPIkzRxJPdQyMg,12564,0.14732569245463228,0.07075772047118752,2.7095238095238097,0.01643598615916955,3.2969915764139595,638.1000000000001,9918,6.433756805807624
X0J/vRFHXel85M3EatB1NQ,10800,0.055740740740740743,0.047407407407407405,1.6077348066298343,0.023801065719360567,4.293212669683258,-245.2,8209,-2.9869655256425873
X2FbN8NOn8WV6yNtlG08fQ,6727,0.13646499182399285,0.07507061097071503,2.5508474576271185,0.019664545980335454,2.5961702127659576,207.80000000000007,5222,3.979318268862506
X5wVd7ckPDodaFryqgg/uw,5038,0.08872568479555379,0.07086145295752283,2.2,0.0285935085007728,3.7299999999999995,431.5666666666667,3911,11.034688485468338
X9zgx8jLy3hIFZMnnOgFnw,5392,0.17043768545994065,0.12574183976261127,2.7783783783783784,0.04225352112676056,4.2334959349593495,911.8999999999997,4076,22.372423945044154
XD1i5m5PvBDnRzJaG/vINw,5206,0.1600076834421821,0.10065309258547829,3.23125,0.028606965174129355,3.4042016806722692,142.20000000000002,3883,3.6621169199072887
XEbVvYh8SHwpiJ/SkzSdhw,5470,0.21809872029250457,0.1773308957952468,3.6323529411764706,0.02977667493796526,3.5527114967462037,1090.0,4195,25.983313468414778
XMWZxh9y7C72HB35RKrO+g,5152,0.1374223602484472,0.09258540372670808,2.633663366336634,0.0703448275862069,4.797297297297297,1134.7,3818,29.719748559455212
XOgEP0pfWKlQIgcigzVbFg,6194,0.22618663222473362,0.1598320955763642,1.4394250513347022,0.032471106219042374,3.7423655913978497,1290.3000000000002,4590,28.111111111111114
XXCTe9/bI2nhIMsJsR8wGA,5069,0.14105346222134543,0.0948905109489051,2.3503184713375798,0.026244952893674293,3.3337868480725623,1145.0000000000002,3872,29.571280991735545
XYKCPMYKEVkNHaRpRtjVwQ,22307,0.13932846191778367,0.08239566055498274,2.3726415094339623,0.029660286256251077,4.267908653846154,938.4333333333334,17030,5.5104717165785875
XemfE7zV1O4OHXGTMog0VA,12130,0.1875515251442704,0.1408903544929926,4.243670886075949,0.03258426966292135,3.7373584905660375,471.5333333333335,9248,5.0987600922722045
XkfK8Ujp5FhZxlm+YTBBVQ,10129,0.06298746174350874,0.034850429459966435,2.7606837606837606,0.01878453038674033,4.752980132450332,-355.0999999999999,7783,-4.562508030322497
Xl88SmJfCmb6KZNmEeXGzg,20293,0.23806238604444882,0.16074508451190064,1.779049295774648,0.043088590141330575,3.382712765957447,1093.4333333333336,15486,7.060786086357572
XqDhBhzbV6vG1W3JdSfBmg,13365,0.2035166479610924,0.1471754582865694,2.5140712945590993,0.0310126582278481,3.1500268096514747,2410.4,10169,23.703412331596027
XwxYzmxk5ugXGER4nzdo+Q,5077,0.15619460311207406,0.1209375615520977,1.5267857142857142,0.026385224274406333,4.101570680628272,239.63333333333335,3854,6.217782390589864
Y2SWAlFPT5kMcip0KFG8dA,5438,0.200993012136815,0.14104450165502022,3.2620320855614975,0.0684931506849315,4.190490797546012,667.8,4167,16.025917926565874
YDM/EP4zhDovnzKWf5DC6Q,6270,0.22870813397129186,0.1623604465709729,2.420689655172414,0.07579859231185707,3.6819221967963385,415.9000000000002,4805,8.655567117585852
YEFgjHztbJMTIG5+HqS3/g,13974,0.15349935594675826,0.12129669386002576,2.7290502793296088,0.03438256658595642,4.166494845360824,1408.3000000000002,10862,12.965383907199413
YbOrUsFDsumEjgxnZGevaQ,7673,0.2125635344715235,0.12159520396194448,2.9218241042345277,0.07117750439367311,4.035124508519004,-187.80000000000004,5975,-3.143096234309624
Yc0YYABra9WGP5UxLM0J8Q,11823,0.23572697284953056,0.14141926752939185,2.1736842105263157,0.03981926009601807,3.8462344466273737,823.2000000000002,8944,9.203935599284438
YiavxvMWkX5cgOWtAUTHGg,5798,0.11400482925146602,0.09520524318730597,3.9213483146067416,0.030877192982456142,3.9661417322834644,325.43333333333334,4542,7.164978717158373
YuNTiW4GFcTdWaKu5Ur65w,6276,0.15503505417463354,0.12029955385595921,2.1914893617021276,0.05235042735042735,3.374617737003058,567.1000000000001,4703,12.058260684669364
Yvjq4KWmySqEtIXITXXrKA,9150,0.20950819672131146,0.1569398907103825,2.7974358974358973,0.05252764612954187,4.044119907763259,1119.9,7068,15.844651952461803
YzQ18/GZJKEh7iRyDxM2xw,6138,0.17416096448354512,0.13685239491691104,2.288135593220339,0.05605381165919283,3.831707317073171,826.3000000000001,4675,17.67486631016043
Z/W2Fkn/0FkBQk7IfBqsNA,5557,0.26777037970127765,0.14072341191290264,2.3375634517766497,0.014141414141414142,2.5376315789473685,527.3,4410,11.956916099773242
Z0MT3tXAysX1jGiqxuHs2w,5629,0.18742227749156157,0.13288328299875643,2.5157894736842104,0.04515659140568099,3.68859649122807,480.80000000000007,4473,10.748938072881737
Z27q3lSsdguD5jmZBc/wBQ,5063,0.162156824017381,0.11277898479162551,1.8176470588235294,0.028814669286182055,3.955809523809524,-133.79999999999998,3873,-3.454686289697908
Z2abgFQ1E4TnaKQwdoUovQ,12379,0.1887066806688747,0.12739316584538332,2.24847250509165,0.033161185104648,3.97465564738292,1085.2000000000003,9610,11.292403746097818
Z3WN5ky78HO+kWgVeQohBA,6211,0.26903880212526166,0.16406375784897761,1.433781190019194,0.05908096280087528,inf,344.6,4751,7.253209850557777
Z4+aELaGxGsV5G0ofphVmA,7323,0.27502389730984567,0.17684009285811825,2.3775100401606424,0.06513589503280225,4.188194444444445,-1933.8,5727,-33.766369827134625
Z5x6b1Kitn/dHkXVYG0nvw,16428,0.08357682006330655,0.0740808375943511,4.557142857142857,0.04588723456187454,inf,858.9000000000001,12442,6.903230991801962
ZJQjLfc8R8qPoqzt3LZAfA,6157,0.22186129608575605,0.16696443072925127,4.152941176470589,0.05386666666666667,3.8175324675324678,692.2,4876,14.196062346185398
ZVdoF1ZlNHyOahk/bEjzng,7838,0.13689716764480736,0.026282214850727226,2.04040404040404,0.009337068160597572,inf,-517.3,6140,-8.425081433224754
Zb2kdeopg0MY1HAfJ16K7w,12284,0.13863562357538262,0.10037447085639857,3.210909090909091,0.03721488595438175,4.426149684400361,383.8,9557,4.0159045725646125
Zijzy/UtPWzWVUo81HHVjQ,5513,0.17884999093052784,0.12914928351169963,2.5309734513274336,0.030131826741996232,2.991265060240964,-50.39999999999981,4122,-1.2227074235807813
Zr6NnwtCUBKSNhXEo9m+gQ,12798,0.13103609939052976,0.012189404594467886,2.514644351464435,0.006265322800326887,3.990839694656488,-1270.2,9926,-12.796695547048156
a1073LyEXK//rX0Oxi2jfg,5003,0.21327203677793324,0.11433140115930442,1.3596938775510203,0.017454545454545455,3.3532846715328466,491.5,3901,12.599333504229685
a9/2ebY2VHzUQwTZizgLHw,10179,0.13950289812358777,0.10000982414775518,3.273109243697479,0.035742035742035744,4.193499458288191,566.1999999999999,7946,7.125597785049081
aNpwfA31EREwO+ar4XzBCw,19858,0.11698056199012992,0.07911169302044516,2.0615671641791047,0.0255161667315933,inf,1763.3666666666668,15594,11.307981702364158
abW2Wd34wUQ5LePiYP4zvw,6910,0.1759768451519537,0.14819102749638205,4.15625,0.0580168776371308,4.261269146608315,1046.0,5256,19.901065449010655
agzle+RlsR50ndzd+tbGSg,8230,0.1608748481166464,0.1301336573511543,2.1777777777777776,0.04141238012205754,3.713141683778234,201.77999999999997,6291,3.207439198855507
aj2o7GX+x/Stca5FN6oVyg,7121,0.1159949445302626,0.06277208257267237,1.4928057553956835,0.021799888205701508,3.5397058823529415,548.3333333333334,5542,9.89414170576206
anwaoqbgDf+q18dOg0mwEw,13315,0.18235073225685317,0.06466391288021028,2.3591022443890273,0.012562080046742623,3.692778457772338,-23.59999999999992,10387,-0.22720708578030152
arWjZqR2sRy0E0TKPnv/Eg,9032,0.1967449069973428,0.16430469441984058,2.980769230769231,0.06811487481590574,3.73230531996916,645.4000000000001,7113,9.07352734429917
aw8E6SEHLCbqhg1oikD8fQ,6754,0.10038495706248149,0.08987266804856381,2.816326530612245,0.050119331742243436,5.2145873320537435,379.2,5174,7.3289524545805955
bI/gFObq7vmvWPzaBI6lyA,5794,0.20538488091128754,0.16965826717293753,3.176470588235294,0.057356608478802994,4.363370786516854,1626.1000000000001,4606,35.30395136778115
bJ1XOeswR4EILwHe3gZwpw,5339,0.14141224948492226,0.116126615471062,3.2333333333333334,0.051425030978934326,inf,638.1000000000001,4129,15.454105110196178
bRWruWXL1+KnPOXperzFdw,5634,0.1098686545970891,0.09584664536741214,2.1515151515151514,0.017170329670329672,3.2427184466019416,151.60000000000008,4415,3.433748584371463
bXpVeaSTPBFSPJmeXxO7nw,10054,0.07519395265565944,0.06654068032623832,1.8953488372093024,0.04593070104754231,15.041081081081083,302.19999999999976,7669,3.9405398357021744
bfYefHhi739PN8bKCB8Vig,5281,0.08748343116833933,0.0698731300889983,5.650793650793651,0.015544041450777202,3.978735632183908,-236.7,4028,-5.876365441906653
bfvZ1WbMEPiMoh1fOjKpgQ,10017,0.2002595587501248,0.1146051712089448,2.237250554323725,0.046630360789652825,4.0114851485148515,1415.2,7748,18.265358802271553
bjr8gC5hIA2/ltA9vIAizQ,6906,0.19200695047784536,0.122791775267883,3.994047619047619,0.04844961240310078,3.6085676037483263,170.20000000000005,5327,3.195044114886428
bl4ckM2ef+VVktOX/V4k2A,9980,0.15400801603206413,0.10821643286573146,2.1649122807017545,0.014577259475218658,inf,331.2000000000001,7881,4.202512371526457
briDsFheX/nVnJ1DDyjVig,5338,0.17159985013113527,0.13994005245410265,2.1218274111675126,0.03786468032278088,4.072408759124087,370.4,4140,8.946859903381643
bypIyrYcAAifLfhZpGlKLA,10460,0.2413001912045889,0.17638623326959846,2.8720173535791758,0.05530401034928849,3.6630005977286313,526.3000000000002,8132,6.471962616822432
c1b6DJJcyykgulOhn+Vq8w,19050,0.13349081364829396,0.06,1.6169154228855722,0.006665359733385611,inf,-706.7666666666667,14740,-4.7948891904115785
cFNGNuwCx0iCKev2KyS/sw,5963,0.14724132148247526,0.10716082508804294,2.9714285714285715,0.033311561071195296,3.245315161839864,1090.1000000000001,4644,23.473298880275628
cFrLNC2C3pHYyeezSAjIkg,8414,0.09947706203945805,0.08569051580698835,2.7876106194690267,0.03719806763285024,inf,9.100000000000058,6510,0.13978494623656004
cNZI6TQ4LQIaOqYF37oGhg,8281,0.1551744958338365,0.07680231856056031,1.6140350877192982,0.020198170731707318,3.1240549828178694,32.73333333333348,6241,0.5244885969128903
cPO/1/dTcZpLkQFm3jH3Rg,32385,0.16152539756059905,0.13002933456847307,3.6129032258064515,0.03998716989201326,inf,-153.99999999999972,25261,-0.6096354063576253
cQf+oFUAfaBE78ZF2hSPAg,6859,0.22510570053943724,0.15410409680711473,2.8100358422939067,0.04619826756496631,3.419832985386221,1108.9,5338,20.773698014237546
cZ99hugmLBj9KhTlc8nCSw,13248,0.07510567632850242,0.06295289855072464,3.8497109826589595,0.031927710843373494,3.2558459422283357,321.5000000000001,10105,3.181593270658091
ce6CDToh3iAQgbSE/Jzv3Q,29194,0.1200246626019045,0.07292594368705899,1.7716955941255006,0.022542350273442712,inf,944.6000000000004,22527,4.193190393749724
chcQaINmc7q5SDwWAq7gwQ,10204,0.196687573500588,0.13318306546452371,1.564102564102564,0.017638588912886968,2.9625954198473283,163.45000000000007,8046,2.031444195873727
ckz3Cr8KwOC9WvdckGoouQ,9170,0.20621592148309706,0.1653217011995638,3.120320855614973,0.06146753745678064,3.0787564766839375,639.0,7029,9.090909090909092
cnllodAuHHWF+cHPMe4AdA,6692,0.15346682606096831,0.10325762104004782,2.0331753554502368,0.023937761819269897,inf,307.1000000000001,4838,6.34766432410087
cosMN1vYqnNt7HGTVBZMkg,20323,0.15937607636667814,0.12985287605176402,1.8537234042553192,0.038461538461538464,3.742262895174709,38.633333333333496,15531,0.2487498122035509
ctnzu86aHlNXJCC9bXrN/Q,5055,0.1960435212660732,0.16933728981206725,3.5877862595419847,0.07847082494969819,3.461788617886179,927.8000000000002,3965,23.39974779319042
d60ieSyppQXlXhEvbhEkwQ,21162,0.05561856157263018,0.05486248936773462,9.068965517241379,0.03671461014383043,4.1672199170124475,-461.0,16310,-2.826486817903127
dGVddl5x4GWum6U/35svjA,5350,0.14242990654205606,0.11476635514018692,2.8217054263565893,0.03669064748201439,3.2312611012433394,772.1333333333334,4199,18.388505199650712
dnceAS+Gf72/PlOeGRfD3A,5192,0.08320493066255778,0.07877503852080123,2.94,0.037397157816005985,4.308938547486033,386.73333333333335,4064,9.516076115485564
duuLLkIIpEgAvSmCIBB3Qg,5358,0.25886524822695034,0.09667786487495333,2.408450704225352,0.030175015087507542,3.524625267665953,308.70000000000005,4108,7.51460564751704
dy22DuOSxwZmtpvg2JovIg,12805,0.18024209293244825,0.1161265130808278,1.5247349823321554,0.035638779824826335,inf,-970.4333333333332,10006,-9.698514224798453
e+NCpgvKlmHBe17UzILXnw,5803,0.097708082026538,0.06307082543511977,1.4320987654320987,0.020223152022315203,3.7232142857142856,214.3,4395,4.8759954493742885
e2TGQXxC2+TGDuZ/UzPLMg,25023,0.1000679374975023,0.09974823162690324,8.0,0.04821837201699902,21.266757741347906,831.8999999999979,19443,4.27866070050917
e8ssND00Zv8uucHh6yxugQ,6242,0.2119512976610061,0.10397308554950337,2.689497716894977,0.028962611901000527,inf,913.9333333333333,4845,18.86343309253526
e8tRC03B7fYriv2fEE+a0Q,7552,0.16154661016949154,0.12235169491525423,3.6865671641791047,0.040144339197113216,4.293525179856115,219.0,5788,3.783690393918452
eB+FsNlIv821YVMdP167Ig,8475,0.10312684365781712,0.07528023598820059,2.962962962962963,0.03866666666666667,4.256,-54.96666666666656,6575,-0.8359949302915066
eBrej2jnlUCs/JgxFCRn2g,6150,0.18764227642276424,0.07869918699186992,1.8696741854636592,0.011507479861910242,3.0853448275862068,445.5,4791,9.298685034439574
eH8QsXtKTOhyJhq7fC6Q2g,16242,0.09512375323236055,0.05399581332348233,2.780564263322884,0.01797965460137213,3.80374531835206,1206.1000000000001,12398,9.72818196483304
eK8qa6EPcH2zhtbmWSvc9g,7726,0.09358011907843646,0.04970230390887911,2.8025477707006368,0.011549566891241578,3.295555555555556,-583.0999999999999,6003,-9.713476595035814
eQlY4dWQyqhv8/n5ePiVAg,6888,0.12311265969802555,0.10656213704994193,3.8705882352941177,0.05598114319387154,4.963067292644758,323.20000000000005,5398,5.987402741756207
enh6PW4Ne1ciy/tMHyGPHA,10663,0.12304229578917752,0.04595329644565319,2.6790123456790123,0.015309672929714684,3.8157657657657658,224.60000000000005,8292,2.7086348287506032
epAUIB7h2FJXzUPRIvSkRA,7498,0.18404907975460122,0.1439050413443585,2.9812206572769955,0.05195948921180097,4.173096976016684,278.40000000000003,5890,4.726655348047538
erOj4S5aaAk8+Wjm2uO24Q,5653,0.14877056430214045,0.13231912258977535,2.5364238410596025,0.050623052959501556,3.5812041116005875,780.6,4402,17.732848705134028
f7Ru58xakF8ZOMw2AnNkLw,6359,0.2005032237773235,0.11904387482308539,1.9416666666666667,0.03765060240963856,4.733920704845815,-168.09999999999988,4776,-3.5196817420435487
fFv6oIgkMYqmkjtb7Cd4mQ,5062,0.07941525088897669,0.06795732911892532,2.8153846153846156,0.02784048156508653,3.93202614379085,84.50000000000003,3969,2.128999748047368
fTcCnlVwcOWZP+u+BE/qWg,11068,0.24882544271774484,0.1886519696422118,3.493119266055046,0.06601466992665037,3.840943193997856,820.2000000000002,8655,9.476603119584057
fX0zRSYrmREcEyCzEOxEqA,8670,0.14094579008073818,0.05951557093425606,6.872549019607843,0.03697334479793637,4.118691588785047,-323.90000000000003,6787,-4.772358921467512
fidWvC3sCjjOufozC+nUAQ,10295,0.11228751821272462,0.08712967459932006,2.7044025157232703,0.03406510219530658,4.086708074534162,22.1,8082,0.27344716654293494
fr70pDMC1Qcta1Zt/AyDGw,6814,0.19738773114176694,0.14705019078368065,3.8640776699029127,0.06373517786561265,3.7752293577981653,23.2000000000001,5275,0.43981042654028624
fxMxUpEBZ0A2SmzAhnOfTg,17031,0.2360401620574247,0.033644530561916505,2.2601307189542483,0.030918569117382708,23.96708860759494,586.5999999999997,13039,4.498811258532093
fyoSSA8j5z9PcaPqDxaMeA,20899,0.11646490262691994,0.019618163548495143,3.7862453531598512,0.024056767047421254,3.9422222222222225,-315.1,16160,-1.9498762376237626
g08Dlzn2lhSj4Bf8HliRqg,9858,0.30097382836275105,0.21211199026171637,1.9272727272727272,0.049689440993788817,3.9021516393442623,-1576.6,7579,-20.802216651273255
g307xB7wKFH61icGrrYAiQ,7176,0.3415551839464883,0.26644370122630995,2.242424242424242,0.16122004357298475,inf,2055.3333333333335,5542,37.08649103813305
gCGz1f+0H438lDVXM2asRw,7492,0.17031500266951416,0.12359850507207688,2.058139534883721,0.032148900169204735,4.180424528301887,705.1333333333333,5799,12.159567741564636
gFlD8WJ1CuYI77+gji7Geg,6765,0.18713968957871396,0.1237250554323725,1.6507042253521127,0.031791907514450865,3.7768831168831167,522.9333333333335,5051,10.353065399590843
gHqdgEgsRz3PAlj48k5I1A,5996,0.30470313542361577,0.14926617745163442,2.512,0.02368692070030896,3.1297997644287396,-522.7666666666665,4626,-11.300619685833691
gNXdNlD5rDSlJmz4lM7YIg,16726,0.2371158675116585,0.15138108334329786,3.2014705882352943,0.03592361505010399,inf,1277.9000000000003,13169,9.703849950641661
gQj9T7n0iauXnqkZijjnvQ,6705,0.15838926174496645,0.12348993288590604,3.7590361445783134,0.034976152623211444,3.9492772667542706,-806.4999999999999,5172,-15.593580819798914
gQvk9y+NKPNWZVgNKkAjkQ,10231,0.19792786628873033,0.10898250415404163,1.3703703703703705,0.025355596784168214,inf,-466.0333333333332,7737,-6.023437163413897
gRGU3eHFrdxHlVGOcW4k3w,5079,0.2640283520378027,0.13250639889742075,2.485549132947977,0.05740987983978638,4.646575342465753,852.1999999999999,3943,21.61298503677403
gWcLM1R7TkVf2YI0JP4FHA,5118,0.14615084017194216,0.08440797186400938,2.5267857142857144,0.03519061583577713,inf,273.00000000000006,4014,6.8011958146487315
gehe91e0IyVT0QU/XBkEyg,5577,0.11099157253003407,0.0437511206741976,2.1338582677165356,0.017298735861610112,4.0285714285714285,36.50000000000007,4239,0.861052134937487
gfCRdjqKCNOz9PbyeYLqMg,6261,0.13911515732311133,0.08225523079380291,3.2839506172839505,0.025624599615631006,3.009282700421941,-95.19999999999997,4815,-1.977154724818276
ghNKXUBl/H+t83JF079ZBA,10919,0.12830845315505082,0.09945965747779101,4.136842105263158,0.031533164189923885,4.591365461847389,337.3000000000002,8528,3.9552063789868686
gmosVez808EonNi2RoiZWg,7880,0.08730964467005076,0.0616751269035533,2.3106796116504853,0.034378159757330634,4.698321342925659,-39.59999999999995,6138,-0.6451612903225799
goMGo+GN7k/yKO9mqWPZmw,7222,0.18180559401827748,0.050816948213791194,1.4279835390946503,0.01894521249359959,3.8939024390243904,163.33333333333337,5485,2.9778182923123677
h/8vSv0arya1MncByd5e/w,6524,0.15649908031882281,0.12262415695892091,2.5123152709359604,0.029978586723768737,3.5097035040431264,926.5999999999999,5123,18.0870583642397
h3ugcg1B039t5T1a93sIMQ,14010,0.13004996431120627,0.11962883654532477,7.383928571428571,0.03214086081609838,3.113406029506094,318.7000000000002,11332,2.8123896929050494
h5rqfSeXBBukU1URz2zTpw,6185,0.13193209377526274,0.04995957962813258,1.7425742574257426,0.01607142857142857,4.012056737588653,-267.6,4744,-5.64080944350759
hBMUlEpyU74r/fwDgIpXjQ,9676,0.17414220752377016,0.13032244729226952,2.1972318339100347,0.02823920265780731,3.6909395973154364,210.86666666666687,7632,2.762928022361987
hHMuVlXBgN7af16SDCul2Q,9295,0.1902097902097902,0.10360408821947284,2.2745098039215685,0.017333883615352867,3.681263616557734,507.1333333333335,7293,6.953699894876368
hIss79a4pu7GzJZepfgOpg,13831,0.1493745933048948,0.08430337647314005,1.7123076923076923,0.015099337748344372,3.898014440433213,2188.166666666667,10863,20.14329988646476
hKeO5CxWJoYlGXQxV7hMqg,5745,0.1578764142732811,0.13020017406440382,2.590062111801242,0.03922789539227895,4.080583941605839,-352.29999999999995,4449,-7.918633400764215
hNyvyIdvcD9iijaAUg40xA,7157,0.20008383400866284,0.15649014950398213,3.434065934065934,0.03508771929824561,inf,692.2,5722,12.097168822090179
hVNsckPM13YQKqbhXzHS6w,16040,0.10673316708229426,0.006483790523690773,1.0199733688415447,0.004382929642445213,3.354216867469879,-494.16666666666674,11975,-4.126652748782186
hZpvUreAcDd452HW0egUOg,9871,0.22712997669942256,0.16148313240806403,1.989795918367347,0.04022582921665491,4.111517615176152,-30.099999999999877,7609,-0.39558417663293305
ha/O/lJyoRvWGUPp9S3uFA,5923,0.1642748607124768,0.01789633631605605,1.2916666666666667,0.004624277456647399,5.36734693877551,-649.3333333333334,4655,-13.949158610812747
hlUC2/5LekCifn5A32cmtg,5140,0.07315175097276265,0.06303501945525292,4.428571428571429,0.028279654359780047,5.795833333333333,-218.29999999999998,3941,-5.539203247906623
hpnS1J7OPWzl9a7kBytAYQ,11465,0.15961622328826863,0.13406018316615786,1.9122340425531914,0.03535353535353535,3.4166433566433567,1357.466666666667,9053,14.994661069995216
hs4UAC8XA36VZs934UtMbQ,5033,0.15000993443274388,0.11802106099741705,3.2323232323232323,0.05991735537190083,3.7301775147928997,472.2,3924,12.033639143730888
htleMzse47WoixtOEnsqRQ,6622,0.1519178495922682,0.10057384475989127,3.4140127388535033,0.021052631578947368,3.5034810126582276,-607.3,5244,-11.58085430968726
husJLIrOuRtde58UNpI7LA,10035,0.08360737419033383,0.07792725460886896,5.791666666666667,0.035555555555555556,3.936127167630058,576.3000000000001,7777,7.410312459817411
i2B2Abz1+oc93pvaHP8vjA,6664,0.09228691476590636,0.043967587034813925,1.9384615384615385,0.01422550052687039,4.048872180451128,89.89999999999996,5194,1.730843280708509
i5L5XrfaeB6j8zLqm9QZsA,8229,0.06367723903268926,0.061003767164904604,4.72,0.026836158192090395,3.593258426966292,-54.0,6422,-0.8408595453129866
i9LqF5rD3bvtbEE7HWgr3Q,6453,0.20734542073454207,0.18053618472028513,2.6666666666666665,0.0713495575221239,4.059130434782609,513.5000000000001,5049,10.170330758566056
iK8jYXN3pGMV/1YuvNHidw,5541,0.1925645190398845,0.16874210431330086,4.1,0.076158940397351,3.672616136919315,176.00000000000006,4420,3.9819004524886896
iYi91+O6tRZk7bmRSRYdtA,9037,0.11972999889343809,0.050016598428682085,1.8160535117056855,0.025719267654751524,4.527226463104326,197.23333333333343,6922,2.8493691611287697
iZCiSE8rpebwpnQjGiPtbg,6222,0.2569913211186114,0.21166827386692383,3.05327868852459,0.04582366589327146,3.3523039611964434,1109.0,4921,22.536069904490958
igt7PzIFoP60WRLNWSYvYg,9724,0.19127930892636774,0.14356232003290828,1.6898395721925135,0.03530188056746948,3.2795965865011634,64.63333333333345,7516,0.8599432322157192
ir5gbSW/z5ds3VR1FPX4yg,6727,0.21911699122937417,0.1327486249442545,1.6223277909738718,0.028735632183908046,3.399761336515513,457.6000000000002,5135,8.911392405063296
iyZxqznXjv3vtvOJymkoLQ,5133,0.19325930255211377,0.12507305669199298,1.3367003367003367,0.034912718204488775,3.6085616438356167,35.0,3851,0.9088548428979486
j/PUKY/T0fLCMsVsPpVjLw,8455,0.20153755174452986,0.1680662329982259,3.1746031746031744,0.054840049854590775,4.0829192546583855,-270.7,6590,-4.107738998482549
jFyZbYBGS+C/XoQpJd4yOA,16659,0.18446485383276306,0.11717389999399724,2.250497017892644,0.03461857379767828,4.105552439708356,-778.8,12337,-6.312717840641971
jGQ4X4ZS9bE4ryPYdu+xag,5449,0.16700311983850247,0.06349788952101303,3.1974522292993632,0.01881720430107527,3.5044025157232706,-17.599999999999966,4260,-0.4131455399061025
jIedEgw4C+FypOKHBt2rTg,8000,0.23525,0.173875,3.0,0.038461538461538464,3.6634556574923547,213.29999999999995,6244,3.416079436258808
jJ9PI/W3yojUSFl3HGN+FQ,16600,0.059759036144578316,0.05746987951807229,2.40625,0.04094881398252185,inf,-42.33333333333386,12695,-0.33346461861625726
jKFD2kbzm6gOXwzQqaHEkA,5783,0.0855957115683901,0.07902472765000865,2.9705882352941178,0.03328509406657019,4.371707317073171,129.89999999999998,4552,2.853690685413005
jT8zlCl7eMvwI9tspZ/zzw,5866,0.19110126150698942,0.14064098192976474,2.5245901639344264,0.027700831024930747,4.002072538860103,-334.2999999999999,4539,-7.3650583829037215
jU/B1zHLBGuyigV6ITEVgQ,6456,0.1364622057001239,0.10269516728624535,2.5454545454545454,0.029874213836477988,4.018573797678275,205.50000000000009,4897,4.196446804165817
jeNu3yMptZCf7BBDNAwD1Q,5752,0.10726703755215578,0.08953407510431155,3.8732394366197185,0.053420195439739415,4.189838337182448,-110.9,4400,-2.5204545454545455
jrGZ+HNUwX1qlwTzStgB3Q,7180,0.2041782729805014,0.16016713091922005,1.7976878612716762,0.04515135967162647,4.0260131950989635,570.6,5513,10.35008162524941
juRNTxD88Br0qG+YRSy+Og,10477,0.1437434380070631,0.10670993605039611,7.615384615384615,0.05467571644042232,inf,1340.4,8175,16.396330275229356
k/C2XE1ZdBsn3cZDvgpk7g,8962,0.1642490515509931,0.12184780182994867,1.934782608695652,0.025541795665634675,4.146875,899.1000000000001,6887,13.05503121823726
k08vJ+RDhbSYcmDdG/D2Zw,9646,0.2012233049968899,0.05266431681526021,1.6131756756756757,0.024544440312383786,3.895238095238095,-35.433333333333316,7350,-0.48208616780045327
kG34n23qFQA3nzdOJTQ1dA,36144,0.1234506418769367,0.06294267374944666,1.7897862232779098,0.022345867360674863,4.670926201089649,-1648.6999999999998,27400,-6.017153284671532
kKk4K4eFDju6xKjKPQqe4w,6424,0.1643835616438356,0.13216064757160648,2.844155844155844,0.05332629355860612,3.6251673360107093,988.2,5070,19.49112426035503
kX0M2LQdmaCF1FIUDLrWFw,11034,0.10929853181076672,0.04767083559905746,2.5336538461538463,0.006898930665746809,inf,592.3333333333333,8591,6.894812400574244
kY88FCcZvnsGGFQpwOylmw,5527,0.1642844219287136,0.09191242988963272,3.6532663316582914,0.01226158038147139,2.9412244897959186,85.5,4362,1.9601100412654746
kh0Ldqi6Nb2UE6r/Pm7GsQ,17711,0.2030376602111682,0.16306250352888035,3.4444444444444446,0.03965026433509557,4.210104011887073,1306.9000000000003,13648,9.575762016412662
krBbHAx4XRyowl/uARjksw,7419,0.19813991103922363,0.08909556544008626,5.351145038167939,0.02220029600394672,inf,-472.8666666666666,5883,-8.037849169924641
kxPhs4ePFqMy52CInAJ2aw,8361,0.17306542279631623,0.14077263485229038,3.6923076923076925,0.06825795644891122,4.564426877470355,2071.7000000000003,6423,32.25439825626655
lYTAT1ltFtlbM28PfV7O9w,10566,0.15313268975960628,0.1120575430626538,1.5562130177514792,0.049798948345190226,inf,771.5000000000001,7946,9.709287691920466
la6Zchq5nkHdGY38rRWDMQ,11438,0.0850673194614443,0.0644343416681238,3.244047619047619,0.02379356568364611,4.060451127819548,466.53333333333336,8825,5.286496694995279
ler+eXXWGLIKIkrzz43eQQ,10770,0.2192200557103064,0.03203342618384401,1.2736373748609566,0.008458035133376708,3.317241379310345,168.26666666666665,8216,2.04803635183382
li6COulyeiZrwH9Ctftmvw,8491,0.1488635025320928,0.10658344129077847,2.8877551020408165,0.03788246721709568,3.995641646489104,834.1,6610,12.61875945537065
ljemhp25Zg+nlA9DLCIiUw,8962,0.17161347913412184,0.10432939076099085,3.7837837837837838,0.038477801268498944,3.1729537366548044,371.3000000000001,7055,5.262934089298372
lqGlGGXpv9q8aW3mbDhWOQ,5609,0.17578891067926547,0.09252986272062756,1.7689243027888446,0.04024024024024024,3.2164444444444444,-590.3333333333333,4228,-13.962472406181014
lquriepNQBhDV5P1SWHhnA,13667,0.1781663861857028,0.08143703812102143,4.421428571428572,0.02022222222222222,3.133855185909981,-419.9999999999999,10450,-4.01913875598086
lzqJdwOOro2LvU+VhIyLbg,10971,0.13827363048035732,0.10719168717528028,4.494565217391305,0.029507016912558474,inf,1051.8000000000002,8603,12.225967685691039
m0Rv3ZSXQecGurxNeZVjDQ,5371,0.27667101098491903,0.2180227145782908,3.2402234636871508,0.021939136588818117,3.9782456140350875,-159.19999999999987,4470,-3.5615212527964175
m2nBN5LE48kYqUI0a2i08Q,6801,0.11277753271577709,0.07248933980297015,2.6242774566473988,0.012728278915329275,3.1680170575692963,399.16666666666674,5200,7.676282051282052
m4RLEO0J2I6YKmzTe9PVoQ,16412,0.1061418474287107,0.030709237143553496,3.5574324324324325,0.013686534216335542,3.6054298642533933,-671.9666666666667,12637,-5.317454037086862
mAoqsxhtmCj+tEuoQhLK2A,11996,0.09411470490163387,0.06177059019673224,2.969849246231156,0.01921259842519685,3.101769911504425,-515.1666666666666,9260,-5.563354931605471
mCPp22hC8fjyqvL/3m1XNw,5485,0.23208751139471284,0.17010027347310847,3.557142857142857,0.06053119209388511,4.4444177671068426,1831.2,4310,42.48723897911833
mRMmasiNJhITa/JuHIrCbQ,6176,0.23121761658031087,0.11965673575129533,1.9195652173913043,0.058145913329676356,3.2895569620253164,1353.9,4538,29.834728955486998
mWNx4+Bcn8ESx2Ntog0QHA,6902,0.2242828165749058,0.1921182266009852,3.5706214689265536,0.07413010590015129,3.8828522920203734,1371.2000000000003,5459,25.118153507968497
mr5yzoUy62ZvxtFgvp2Khg,9458,0.25037005709452315,0.18957496299429055,3.367231638418079,0.043462109955423475,3.062044231918709,897.8000000000002,7248,12.386865342163357
n/7hzJghGrOyzNSu1pznMQ,6065,0.13091508656224238,0.062324814509480624,2.3459119496855347,0.027909738717339667,3.9691842900302112,-73.29999999999995,4688,-1.563566552901023
n1NiKwmEwF+UWxZmFR0OCQ,6962,0.14119505889112324,0.11174949727089917,1.5570934256055364,0.014236902050113895,3.6784574468085105,529.4000000000002,5301,9.986794944350127
nJwOn4XIllzZMp8nX0QC6Q,11220,0.22540106951871658,0.1877005347593583,3.0707070707070705,0.07968,2.9600862998921253,1060.2999999999997,8744,12.126029277218661
nWNSwMI+niUqTgLSINZCTw,9272,0.1997411561691113,0.15595340811044003,2.175771971496437,0.0577274388016076,3.681026438569207,604.2,7171,8.425603123692651
nWmN6IbYoGhHHQEkGzxI7A,5282,0.1862930708065127,0.07326770162817114,1.573076923076923,0.016812373907195696,3.0226519337016575,129.10000000000008,4127,3.1281802762297084
nYvbSvNm1PP/3P+tr+F4AA,13768,0.1966879721092388,0.16138872748402092,2.651911468812877,0.05183861082737487,4.317559523809524,1759.3000000000002,10524,16.717027746104147
naH1sBnhCBxZtL+graJYMg,7043,0.23228737753798098,0.2009087036774102,4.16,0.11981566820276497,inf,-224.9666666666667,5538,-4.062236667870471
npn4gXTHdGw+D+QYPgympg,6346,0.21383548692089505,0.17806492278600694,2.7554585152838427,0.08060182697474476,3.879222108495394,36.2333333333334,4893,0.7405136589685959
nrDbfkEuGZJfc5IsX++/IQ,5389,0.10818333642605307,0.05845240304323622,1.4154589371980677,0.009665427509293681,3.443708609271523,-103.19999999999999,4064,-2.539370078740157
nrvrLgOr3HnIbT+xgOwBUA,8234,0.12217634199659946,0.05562302647558902,3.3195876288659796,0.02026715799170889,4.195652173913044,-241.39999999999998,6415,-3.763055339049103
ntTPeWOpSDMafD0XXahR3g,7272,0.1553905390539054,0.13833883388338833,3.574803149606299,0.05931263858093126,inf,-20.199999999999914,5736,-0.352161785216177
o/RHFofvhB6qEnM6YDxyRg,6104,0.1967562254259502,0.15465268676277852,3.0495049504950495,0.06158357771260997,3.066427718040621,244.00000000000009,4689,5.203668159522287
o/lj4IyEMN0iGYDJ9AAixg,9515,0.12622175512348924,0.08197582764056753,2.811659192825112,0.0343712090578245,3.171387283236994,887.3000000000001,7361,12.054068740660236
o2VnfZHm+Ret5ADaJK3Jrg,5553,0.1912479740680713,0.08986133621465875,1.3888888888888888,0.014423076923076924,4.027484143763213,200.49999999999997,4167,4.8116150707943355
o6maLymEbmkcWo7KCppumA,5273,0.062962260572729,0.062393324483216384,12.8,0.032448377581120944,4.102112676056338,175.70000000000005,4034,4.355478433316808
oEVPInYenBxjwqTJEFCrTA,6447,0.1991624011167985,0.16689933302311152,2.3782771535580522,0.07280291211648465,3.6591639871382635,672.6000000000001,5081,13.237551663058456
oP1wzZ1ka9H4Faz6ibdoUw,11783,0.17024526860731562,0.13791054909615547,3.2576271186440677,0.055178518737090586,4.2442896935933145,947.3000000000001,9177,10.322545494170209
oSUjcs+eHJ52iip/KE0GaQ,6558,0.2891125343092406,0.190454406831351,2.066265060240964,0.048497627833421195,3.4579584775086505,-1191.0,5152,-23.117236024844722
oeHFKlXIdVgR1WQmc+X40A,5743,0.2223576527947066,0.021765627720703465,2.0476190476190474,0.012368583797155226,3.6876190476190476,-532.8,4484,-11.882247992863514
ofYqy3/Q5XutugJ0y93cpQ,7353,0.14674282605739153,0.10199918400652795,3.388888888888889,0.055323590814196244,inf,211.50000000000003,5814,3.637770897832818
oiyYexRvmNRJ7FGjkHictw,5387,0.10562465193985521,0.08409133098199369,2.1074380165289255,0.02312925170068027,3.279236276849642,371.7,4223,8.801799668482122
oozTQ1OE4UT+eqnN/TiytA,7382,0.15239772419398537,0.10796532105120564,2.528888888888889,0.05992889791772473,3.2524300441826215,741.6,5667,13.08628904182107
pCbv/VJ1PruCA+GRBLOZtg,5152,0.14033385093167702,0.06191770186335404,1.8794326241134751,0.015742128935532233,3.1515151515151514,-216.39999999999995,3907,-5.538776554901458
pMnwZKFK5jSWz8G9an5WFw,11966,0.12134380745445429,0.05415343473173993,3.5775577557755778,0.008843967150979154,2.3577419354838707,-858.6,9302,-9.230273059557085
pPE+SzvL5F7GXpqIgik3gw,5850,0.12957264957264958,0.10547008547008548,2.492063492063492,0.0451527224435591,4.010200364298725,1103.6000000000001,4570,24.148796498905913
pjhEz3nklpRh8Yiebg/gfg,5346,0.20987654320987653,0.10643471754582866,4.655555555555556,0.021249195106245976,3.3626168224299064,1100.7,4082,26.96472317491426
pk8aA8qMBEL6zXqSyfVXMA,9120,0.13497807017543859,0.1081140350877193,2.536,0.023908045977011495,4.005995717344754,384.1000000000001,7106,5.405291303124121
ppSfAUqJ2iI/LfoBGgHizQ,21736,0.17188075082811924,0.11405042326094958,2.1903973509933774,0.04603117071402682,inf,1125.5666666666668,16960,6.636595911949687
pzn4+JjrnnorJNWFpSmLSw,10979,0.21322524820111122,0.1680480918116404,4.757575757575758,0.07487844408427877,inf,1548.3000000000002,8603,17.997210275485298
q37lTZTw+GzkPRauyglwuQ,5399,0.31116873495091685,0.22856084460085202,3.193798449612403,0.04950495049504951,3.5545768566493954,194.30000000000007,4193,4.6339136656332
q8MFOD3ooEZGY67DdKoJuw,7083,0.156854440208951,0.12099392912607652,1.806338028169014,0.0335195530726257,3.4680254777070063,403.60000000000014,5471,7.377079144580518
qBK1utLVyQcJLm1C5Pz2nA,7851,0.37944210928544136,0.2645522863329512,2.1098591549295773,0.03260869565217391,3.160639360639361,-276.3999999999998,6203,-4.455908431404156
qGHGf/553gQnDoklMRe3tg,5412,0.18828529194382854,0.12398373983739837,1.2849604221635884,0.024758454106280192,4.151669316375199,857.2,4209,20.365882632454266
qGtNSY4CkQca+TztANXFhg,5684,0.26055594651653763,0.15869106263194932,1.6864244741873804,0.04013961605584642,inf,538.0000000000002,4370,12.311212814645314
qHwbK0sio68JzvakzzTsfg,10942,0.1440321696216414,0.10701882653993786,2.2310469314079424,0.047775346462436176,3.9564966313763237,263.60000000000014,8461,3.115470984517198
qSuFn5uYAyp3jezFzbxKBg,6330,0.1895734597156398,0.11785150078988942,3.087431693989071,0.042909471480900054,3.7617469879518075,493.6000000000001,4803,10.276910264418074
qVgwR7j8wbuZPGbJQiyFzA,5427,0.15699281370923163,0.10337202874516307,2.193396226415094,0.01216685979142526,3.3237918215613385,-665.4,4120,-16.150485436893202
qXY/0EhgGvhmOhBi5cFjYg,5027,0.13984483787547244,0.04077978913865128,3.3893805309734515,0.01622002820874471,3.41767955801105,344.40000000000003,3916,8.794688457609807
qYnTdHkYjNM63+PbZeuPFw,5939,0.3136891732614918,0.12358982993769994,2.74364896073903,0.032119914346895075,2.967857142857143,243.43333333333334,4604,5.2874312192296555
qdXjf82PV9mzeT0hBbRJCg,5020,0.12828685258964143,0.08705179282868526,2.4108527131782944,0.051240992794235385,4.093297587131367,-519.0,3858,-13.452566096423016
qdk58yeSTbPCl03qMVqzGQ,7765,0.09311010946555055,0.051899549259497746,2.7573529411764706,0.022466539196940728,3.9340845070422534,-93.89999999999995,6016,-1.560837765957446
qkmUnVVXM/WHiYk+TaQ7xA,5366,0.16362281028699216,0.12206485277674245,2.2127659574468086,0.046794871794871795,inf,910.5000000000001,4003,22.74544091931052
qnvxHKzkGLLq3TS3QWWCrQ,12092,0.16283493218656964,0.12768772742308965,3.545126353790614,0.032393909944930355,3.35010395010395,-384.39999999999986,9618,-3.996672904969847
qqcNWfk/iEbzh0Qyizbu4w,5572,0.12365398420674803,0.08614501076812635,2.684563758389262,0.04825174825174825,3.5878048780487806,21.39999999999992,4336,0.49354243542435233
qwxogvJIQPQP3HgVbUHkNw,7503,0.15433826469412235,0.11048913767826203,3.5821917808219177,0.033942558746736295,3.916578947368421,755.0,6090,12.397372742200329
r/IO9Dcl7pCPFeyaVaQsUQ,5174,0.18341708542713567,0.09856977193660611,3.201492537313433,0.026168224299065422,3.0034188034188034,-359.40000000000003,3940,-9.121827411167512
r3TTiwk1eQjKXAgmD0Z68w,5823,0.20745320281641766,0.1696719903829641,2.5582329317269075,0.03571428571428571,3.1366379310344827,846.5,4504,18.794404973357015
r8V63AYQdXr1fBhkje19/g,6934,0.3017017594462071,0.10455725411018171,2.379157427937916,0.016897746967071057,3.3503649635036497,29.80000000000006,5443,0.5474921918059904
rJin6XHxhALBaCvBbpE4xQ,15072,0.21330944798301485,0.1317675159235669,2.179816513761468,0.03136434918975431,3.8731471535982815,-417.1999999999999,11376,-3.6673699015471155
rNWRAyxFj/uIKgF6Y1QUHQ,9599,0.15230753203458694,0.11605375559954162,2.125714285714286,0.04267371601208459,3.7058,282.8,7444,3.799032778076303
rPZEgXO0N8XU0ANsIZiqDA,16502,0.07586959156465883,0.038480184220094533,4.1824324324324325,0.022504189609767775,4.053903345724907,-509.8666666666667,12551,-4.062358908984676
rSaOg1LoxV9/2bt1P3uLkQ,8312,0.162776708373436,0.09756977863330125,2.731225296442688,0.0249033920137398,4.3247340425531915,1047.4333333333334,6493,16.13173160839879
rfwqG4sgU5al1qBMr/LB8A,10541,0.18375865667393984,0.13717863580305473,2.6666666666666665,0.018910741301059002,3.056590257879656,677.9000000000002,8223,8.2439498966314
ri8CLkX3e9JF34dQNbsHGA,6936,0.2631199538638985,0.11908881199538639,1.6348448687350836,0.02246603970741902,3.256704980842912,536.5666666666668,5543,9.680076973961155
ro5ILFKm2WPgVcRCUjLe5Q,13553,0.20571091271305247,0.14159226739467276,4.008426966292135,0.07567127746135069,inf,596.9000000000002,10237,5.830809807560811
s7Q6uNouhe7aE8JdFb9E+A,12788,0.1846262120738192,0.160853925555208,4.608163265306122,0.034672715489306546,3.2293333333333334,646.6666666666672,10203,6.338005161880498
sEUh+L5hNcXTlQv2Akm4Iw,20363,0.06379217207680597,0.06271178117173304,21.137931034482758,0.0322754168908015,4.293761467889908,-11.80000000000005,15725,-0.07503974562798124
sGFnnRCa1YAHAUmWgsW6Qg,12052,0.1433786923332227,0.027464321274477264,3.304093567251462,0.014022787028921999,4.445714285714286,-212.79999999999995,9553,-2.2275724903171774
sJ5fS9Sxxmf5ata3mmOVUQ,9408,0.14668367346938777,0.10820578231292517,1.9545454545454546,0.0488641234462066,4.1340732519422865,94.89999999999995,7367,1.2881770055653583
sUVgUtgbfVx6JpvApozwhQ,6273,0.08273553323768532,0.07046070460704607,3.413793103448276,0.046261089987325726,4.388555858310626,-110.60000000000002,4829,-2.2903292607165047
sWBBy1WroEskLNyJzhkUag,7401,0.1838940683691393,0.06647750304012971,3.245674740484429,0.009819121447028423,3.610169491525424,595.0,5770,10.311958405545926
sWPSv81ZwIi/iV/JB9zJVw,16190,0.19913526868437306,0.15274861025324274,2.784232365145228,0.05248906477817122,4.106582506762849,2286.9,12380,18.47253634894992
soywcJBzyY5PTU4nLj+FHA,5007,0.15078889554623526,0.0665068903535051,1.4763636363636363,0.011644832605531296,3.08,68.7,3828,1.7946708463949843
t/5ymUVBy9ukpIj9meWmdg,5246,0.1545939763629432,0.1155165840640488,2.670807453416149,0.03837638376383764,3.8566787003610106,435.3,4110,10.591240875912408
t/pqWby3f+T+GNBvVSJhlw,7377,0.20048800325335503,0.0855361257963942,1.6984615384615385,0.024415055951169887,3.1906896551724135,-87.69999999999996,5741,-1.527608430587005
t2MsYzeQYjhNZa566mWEPQ,5216,0.21376533742331288,0.04677914110429448,2.075098814229249,0.008736559139784945,3.155458515283843,17.400000000000073,4155,0.41877256317689704
tBPEnZ9MuO4K07lYR2SFJw,8981,0.3082062131165794,0.1819396503730097,1.1956018518518519,0.02512998266897747,3.061118170266836,-387.13333333333327,6884,-5.62366840983924
tHdgwz4Vd+UDV5ThrPEBVw,5090,0.20019646365422397,0.15206286836935168,3.2722513089005236,0.054813773717498245,3.2701298701298698,2186.9666666666667,3814,57.34049991260269
tLcDklc2rBORNfixyRfVfw,6232,0.1394415917843389,0.08697047496790758,2.3057851239669422,0.01150817686250757,4.283524904214559,222.4,4947,4.495653931675763
tRTm9J2G8SLYQQF0AgakXQ,9808,0.07137030995106036,0.0450652528548124,1.7277486910994764,0.019246519246519246,4.202030456852792,227.50000000000003,7437,3.059029178432164
tYsOBqdU1+x+yFI7zHO7hQ,13679,0.14036113751005191,0.1273484903867242,4.152439024390244,0.0369036903690369,3.6738861386138613,811.9000000000001,10837,7.491925809725941
td24Vz5sLk59kyRhkexMnA,6128,0.2850848563968668,0.25473237597911225,2.379204892966361,0.11435239206534423,3.775459221160911,1822.1000000000001,4899,37.19330475607267
teNcHHllawT4JBnb3PUU1Q,7715,0.16383668178872327,0.1084899546338302,1.967741935483871,0.021511017838405037,3.486649874055416,413.7666666666668,6113,6.768635149135724
tgqZB0yEdxmQe58ZWQ8CeA,19643,0.1746678205976684,0.14432622308201395,4.1405295315682284,0.06925945657964838,3.5612956129561297,718.9333333333335,15479,4.644572216120768
tjHtEUVcaQyhXgKi9MJSsg,8178,0.17265835167522622,0.06285155294693079,1.1157635467980296,0.018741633199464525,3.7190677966101697,103.90000000000005,6306,1.647637170948304
tl3Fs+Ro2gVbc0pGsV2ELg,7071,0.1746570499222175,0.10055154857870174,2.633466135458167,0.04589114194236926,3.528205128205128,896.7333333333335,5446,16.465907699840862
tpaXOlLFK9r8SXDSL4MJAw,9340,0.1443254817987152,0.048179871520342615,3.4285714285714284,0.01768867924528302,4.0495049504950495,-841.6,7090,-11.870239774330042
tzqVv8iAUF1TyXqskWXHRQ,14913,0.19995976664655,0.15550191108428887,1.9640151515151516,0.04952992432928228,4.1376784015223596,28.900000000000247,11449,0.2524237924709603
u4oxO2gV6M9/j3v9n8pqug,5745,0.1761531766753699,0.14586597040905136,3.7839506172839505,0.05861244019138756,4.244715447154471,1884.3000000000002,4448,42.362859712230225
uADoZTMe5RfyBqX1cJUwmQ,5008,0.1597444089456869,0.12380191693290735,2.958041958041958,0.04192439862542955,3.6767567567567565,392.99999999999994,3827,10.26914031878756
uGzB7ilBcig26zRlItmV4A,10904,0.07015774027879677,0.05337490829053558,3.942528735632184,0.030792339466766804,4.719517102615694,21.73333333333334,8355,0.2601236784360663
uHzusW6PfIoe9f/rEEPp5Q,11744,0.06232970027247956,0.052622615803814714,2.681159420289855,0.035145888594164454,4.607045009784735,546.8,8937,6.118384245272462
uM/zH7YMSWKrSDTFuuod5Q,5022,0.07088809239346874,0.04778972520908005,2.2035398230088497,0.029253271747498075,3.4019801980198023,-39.10000000000001,3864,-1.011904761904762
ucCp+P+KIPwDB/lxzAHR8g,9885,0.22984319676277187,0.2002023267577137,3.79874213836478,0.10837096213963182,inf,743.6333333333336,7667,9.69914351549933
udVTc7OHyGXEhwx4pbclqA,7994,0.09369527145359019,0.062421816362271704,4.109090909090909,0.03966286564204264,3.9587529976019185,107.00000000000001,6094,1.7558254020347885
ufydNKjP/sPKMIpRttP0cw,8120,0.1336206896551724,0.07869458128078818,1.7878787878787878,0.02345924453280318,3.6118055555555557,931.1,6211,14.991144743197554
ukbwJ1XW++ikbWr5EbqmtQ,5784,0.10390733056708161,0.10338865836791147,12.0,0.055820285908781485,20.993398058252428,-64.80000000000044,4502,-1.4393602843180906
ultJLGj5L7B3WZVWFBKZSg,10095,0.14482417038137693,0.10321941555225359,2.2219020172910664,0.049754730203223546,3.503579418344519,651.2333333333335,7620,8.54636920384952
upS467WC9DByGH9XYUH/Mg,5510,0.15680580762250454,0.13720508166969148,2.5846153846153848,0.06670822942643391,4.049922958397535,644.4000000000001,4191,15.375805297065142
urtZrSNZ3Z+Y/hOIe8+N8A,6544,0.07915647921760391,0.07182151589242054,5.0,0.031387319522912745,4.286873508353222,550.3,4997,11.012607564538722
v+QfkGiuj9bgtuNoVnDO8w,22102,0.1343769794588725,0.10600850601755497,4.21580547112462,0.04357332500390442,inf,149.20000000000016,16810,0.8875669244497333
v1MEIHEEc4Jwg8nS2Y3cOg,8696,0.1001609935602576,0.06290248390064397,2.1956521739130435,0.02906208718626156,3.9714884696016775,712.6999999999999,6641,10.731817497364855
v28W0a5Cg54qRb49rqHY/A,6261,0.1014214981632327,0.04679763616035777,1.3735632183908046,0.007476635514018692,4.1778571428571425,-203.39999999999998,4724,-4.305673158340388
v4NvM4DfzG6aPGzUkLQJdA,7877,0.13152215310397358,0.06030214548686048,2.4156378600823047,0.02850678733031674,4.37609756097561,-543.9,6120,-8.887254901960784
v5P9UbUVzifKCjln0aCczg,15486,0.20392612682422834,0.1542683714322614,2.4171029668411865,0.06293238116491855,3.3679505468378506,507.3000000000002,11931,4.251948705054062
vWwwFVQNDRrc1S3yPeVmAg,39915,0.10021295252411375,0.09983715395214832,8.76923076923077,0.05089491050894911,inf,2822.5999999999967,30878,9.14113608394325
vbFe6N+1Wg6xUK+hg7AY5Q,6097,0.055929145481384286,0.05068066262096113,8.294117647058824,0.03211303789338472,4.516602316602317,-108.70000000000005,4671,-2.3271248126739463
vbsJNEaSyMLPiLvbEq6ZvA,18750,0.08848,0.03866666666666667,2.5089285714285716,0.020004000800160033,4.389423076923077,-789.8,14547,-5.429298137072936
vf0TsxXRJhqVK8eeUOVImQ,6025,0.16946058091286306,0.10240663900414938,2.149019607843137,0.024404086265607264,3.6537521815008724,10.900000000000105,4530,0.24061810154525617
viBahtQaNaBDkmoAdcobKQ,6325,0.18671936758893282,0.020553359683794466,1.0216867469879518,0.005050505050505051,3.1533333333333333,-826.1,4787,-17.257154794234385
vnmbBAJSu12Zrr/bDhKeeQ,5759,0.13856572321583607,0.1116513283556173,5.9125,0.061683599419448475,inf,132.5333333333334,4525,2.9289134438305724
vwyOvmLDwyJlvqi0KmlhQw,11693,0.1438467459163602,0.1259728042418541,4.24223602484472,0.06498194945848375,4.191047162270184,1055.6000000000001,8939,11.808927173061866
w1ukf8uPa4+WH561TtVRxA,7090,0.13102961918194642,0.11128349788434415,3.22,0.05094447624499141,3.693123209169055,713.0000000000001,5475,13.022831050228314
w6QB/3fO95vk2DbQ/SLFYg,7400,0.22108108108108107,0.11486486486486487,2.3051771117166213,0.02905073649754501,4.182028241335045,431.09999999999997,5594,7.706471219163389
wGigCmBR/9XWkPpvYos3aQ,25775,0.19518913676042676,0.16263821532492725,3.3252032520325203,0.06966329407862,inf,2494.9999999999995,20486,12.179049106707017
wJ4yTj40EWc5BLxmpU15xQ,6604,0.2085099939430648,0.10024227740763174,3.2544802867383513,0.02972834443874936,inf,-11.89999999999998,4965,-0.2396777442094659
wf1/xdSnxUe6nys2NPl3aw,6684,0.19225014961101136,0.1578396169958109,3.021276595744681,0.02523977788995457,4.053134328358209,9.333333333333435,5175,0.18035426731079102
wnoMEymGSj9s4IMEKlZTyQ,5438,0.08036042662743656,0.06289076866495034,2.1621621621621623,0.03207412687099073,6.822972972972973,603.0999999999999,4146,14.546550892426433
x9VGscBU5oUWy8rQ+Ik80w,6306,0.22708531557247066,0.06977481763399937,1.8029850746268656,0.019944341372912802,3.145959595959596,-198.39999999999998,4976,-3.987138263665594
xXmVwoYo12EAy3LZi93GKg,5844,0.10523613963039015,0.08744010951403149,3.5294117647058822,0.034993270524899055,4.014847161572052,74.79999999999997,4541,1.6472142699845842
xZO0Qn/ojjOuLxL1qGwUFg,12155,0.27799259563965445,0.12192513368983957,1.254278728606357,0.018214936247723135,3.110689170182841,115.5000000000002,9521,1.2131078668207143
xZxXMLyVePEu0dKBuDkT3g,6193,0.07185532052317133,0.036492814467947686,2.3394495412844036,0.013307984790874524,3.967487684729064,-12.40000000000002,4725,-0.26243386243386285
xd5WuCILYgF1HtZHLtcv8A,12647,0.19909860045860678,0.16533565272396616,1.8108651911468814,0.05368257261410788,3.6804036112586296,1270.5000000000002,9619,13.20823370412725
xheQI0fVCw4Vd2+u1ZUL9w,5166,0.24912891986062718,0.1949283778552071,2.3981481481481484,0.07508771929824562,3.818242491657397,477.4,4160,11.475961538461538
xjVJfEF0XybwddzivTo7Pw,6259,0.18964690845182935,0.12797571497044255,1.8558823529411765,0.028764805414551606,4.1864,99.50000000000006,4844,2.054087530966145
xjbg96zoQOfe5iZ0h1z+9g,8919,0.18241955376163246,0.0799416974997197,2.248299319727891,0.028064992614475627,3.9430817610062894,321.8,6803,4.730266059091577
xrf8tAXKQHG99HixCot1Iw,8754,0.26262280100525476,0.18905643134567054,2.539149888143177,0.03941487200325071,3.240385852090032,516.3000000000002,6781,7.613921250553018
xv8Ai7NCEHElhdev0aRNJg,6159,0.12128592303945446,0.04741029387887644,2.6,0.026559604694255712,5.671255060728745,348.8333333333333,4756,7.334594897673114
yFSGddXD9wY51Ux2ygMeGQ,21238,0.06497786985591864,0.06191731801487899,3.354581673306773,0.031028851388132824,inf,-198.40000000000006,16275,-1.2190476190476196
yG5ZowkZukkPeGTam+Nipg,15941,0.1338686406122577,0.11028166363465278,2.203791469194313,0.029092488059053408,4.100061690314621,1565.5000000000002,12284,12.744220123738199
yNDZejRveiXnLoTIUkm9xw,9261,0.13540654356980888,0.02699492495410863,2.6557377049180326,0.04134762633996937,4.257142857142857,115.90000000000002,7275,1.5931271477663234
yVcWPFMToVhoCSFDHRkZ9w,5429,0.07036286608951925,0.04881193589979738,4.479166666666667,0.02654232424677188,4.140350877192983,129.73333333333338,4140,3.133655394524961
yXVuRrdIwBZrIdVf5J5xYQ,7827,0.134406541459052,0.040884119074996804,3.304147465437788,0.012218963831867057,3.8761904761904757,-1.0999999999999697,5996,-0.01834556370913892
ybE4DiO/OlHs1hSZVcxNPg,7692,0.15093603744149767,0.07592303692147685,3.16751269035533,0.022142121524201853,3.6707407407407406,615.7,5972,10.30977896851976
yk820gwoMia8vAL/XXnXzQ,7861,0.24068184709324514,0.0653860831955222,2.231329690346084,0.026240458015267174,3.036244541484716,780.1,5834,13.371614672608844
z5GxcHlYz/GSz6W2uFiTtg,9909,0.3494802704611969,0.051972953880310827,2.9402460456942006,0.0031201248049922,3.1241584158415843,-339.6333333333332,8107,-4.189383660211338
zDrucyjVn5aeekNEc3cJrA,13411,0.17508015807918872,0.021474908657072554,1.1019108280254777,0.005340793489318413,5.47565543071161,-1008.4666666666666,10258,-9.831026190940403
zGlOrXGZgiDH8cLrTGh5/Q,8503,0.12677878395860284,0.06527108079501352,2.766839378238342,0.018222222222222223,3.6653696498054473,117.60000000000004,6483,1.8139750115687188
zOv6ZpxEv/RD8hAWpm1r0Q,8836,0.06281122679945676,0.05398370303304663,2.3260869565217392,0.029464285714285714,4.761858190709046,-127.8,6697,-1.9083171569359414
zQdo1bz7y6a84KjG1Bb68A,6917,0.12274107271938701,0.09050166257047854,2.569105691056911,0.0111003861003861,3.8056478405315612,-549.4,5288,-10.389561270801815
zSvEPTV1PVj1wJ4rAdYX1A,9318,0.18931101094655506,0.012234385061171926,2.0040983606557377,0.011683096020445418,2.8146341463414637,-511.09999999999997,7071,-7.22811483524254
zb6GGXeSmPSOXVd31OgY/Q,8455,0.17374334713187464,0.1485511531638084,2.6065573770491803,0.054858934169279,3.8551166965888695,1341.0,6695,20.029873039581776
zc/gIhsEZnyah1ixpbVpig,15778,0.09437191025478514,0.06895677525668653,2.117994100294985,0.009229234222998255,3.3117031398667933,-264.4666666666666,12110,-2.183870079823836
znJYDezLaduNKCbXf5pgVA,5504,0.18459302325581395,0.15207122093023256,3.289308176100629,0.06794871794871794,inf,957.0,4268,22.422680412371133
zxnPQvumz5dOaj3EQHzNuw,5336,0.2882308845577211,0.10269865067466268,3.4611111111111112,0.019595448798988623,3.194197292069633,-872.8,4285,-20.36872812135356
zzCIKlXjU2j3HBW9eRxq9Q,5970,0.08626465661641541,0.08107202680067002,5.128205128205129,0.07315436241610739,8.353351206434317,171.89999999999986,4596,3.740208877284592
